name,state,n_weeks,ann_return,sharpe,avg_BIL,avg_SPY,avg_offense,avg_defense,avg_cash,bucket_offense,bucket_defense,bucket_composite,bucket_cash,ann_return_delta_vs_prod,sharpe_delta_vs_prod
improved_phase2b_regime_confidence_boost,calm_trend,295,0.039271310846719365,0.42482057382356136,0.06848068479538143,0.09618626161545958,0.6927430908894723,0.23877622431514572,0.06848068479538143,0.4860551496231372,0.16945186108466728,0.31097656350895186,0.033516425783243604,0.0,0.0
improved_phase2b_regime_confidence_boost,neutral_healthy_proxy,293,0.0977527898006793,1.2446353828005612,0.21306891728727764,0.08628317246103223,0.5263438401479297,0.26058724256479227,0.21306891728727764,0.4253970555563971,0.15053865180273343,0.2748308920328668,0.14923340060800244,0.0,0.0
improved_phase2b_regime_confidence_boost,neutral_mixed,200,0.12228047650979453,1.7313175611775662,0.3859881889121024,0.06482284412769075,0.3827083017667637,0.23130350932113344,0.3859881889121024,0.34552910137255316,0.11154105320324462,0.21126220643528348,0.3316676389889186,0.0,0.0
improved_phase2b_regime_confidence_boost,recovery_confirmed,44,0.028077843703231305,0.41785488392283765,0.12567720750750142,0.05956006771272775,0.47173555146715745,0.40258724102534066,0.12567720750750142,0.42720297040177857,0.17788775316154726,0.3310716607801548,0.06383761565651912,0.0,0.0
improved_phase2b_regime_confidence_boost,recovery_fragile,49,0.06883008890469657,1.3132199192284053,0.21821790033286736,0.06231161074691929,0.45575818827943004,0.3260239113877022,0.21821790033286736,0.45843794814584216,0.1390698256782358,0.2789790554315232,0.12351317074439862,0.0,0.0
improved_phase2b_regime_confidence_boost,stressed_panic,229,0.03544786173244997,0.5237400843528168,0.6074136983844914,0.027539553880161514,0.21406535671666055,0.17852094489884762,0.6074136983844914,0.2419112275012731,0.07616459990740157,0.17259945067106483,0.5093247219202602,0.0,0.0
improved_phase2b_combo_abc,calm_trend,295,0.0393359846513332,0.4259144716685569,0.06990173480219289,0.09607055754669304,0.6916982092094035,0.23840005598840308,0.06990173480219289,0.4852636671881657,0.16917476156035796,0.3106204737215011,0.03494109752997501,6.46738046138351e-05,0.0010938978449955283
improved_phase2b_combo_abc,neutral_healthy_proxy,293,0.09757552650762244,1.2383847718184346,0.21322013774046078,0.0864650857822243,0.5269992379804671,0.2597806242790716,0.21322013774046078,0.4253083045265352,0.15063090490054867,0.27467601693879545,0.1493847736341205,-0.0001772632930568535,-0.0062506109821265365
improved_phase2b_combo_abc,neutral_mixed,200,0.12050164723070057,1.7316543841479537,0.38994495418094766,0.06445284024365647,0.380229741742901,0.229825304076151,0.38994495418094766,0.3431592965185077,0.11104583341883184,0.20970519646284097,0.33608967359981934,-0.001778829279093952,0.00033682297038750697
improved_phase2b_combo_abc,recovery_confirmed,44,0.027560572738271363,0.40818488135160086,0.12590614593470717,0.05965863127720259,0.4720203265296936,0.40207352753559883,0.12590614593470717,0.4267179649725545,0.17787439077091516,0.33167395728986526,0.0637336869666649,-0.000517270964959942,-0.009670002571236791
improved_phase2b_combo_abc,recovery_fragile,49,0.06690655260773279,1.2827742936975264,0.2287865209713577,0.062063848067573854,0.4519672996314665,0.31924617939717537,0.2287865209713577,0.4528004287364051,0.13787432513833636,0.27470801973963593,0.1346172263856224,-0.0019235362969637765,-0.030445625530878928
improved_phase2b_combo_abc,stressed_panic,229,0.03599464638205391,0.5400597811738247,0.6075517876328324,0.027545691915702934,0.21398755415587595,0.17846065821129156,0.6075517876328324,0.2418442928848379,0.07612100785955561,0.172517080932012,0.5095176183235942,0.0005467846496039347,0.016319696821007867
improved_phasess_recovery_explicit_bucket,calm_trend,295,0.03857382393041955,0.4144217240888552,0.06776810586336007,0.09616840837856264,0.6951442712457351,0.23708762289090438,0.06776810586336007,0.4900369018512741,0.16746858215511587,0.30902008469106085,0.03347443130254905,-0.0006974869162998179,-0.010398849734706173
improved_phasess_recovery_explicit_bucket,neutral_healthy_proxy,293,0.0998997820396494,1.2557970105145755,0.2069003424353769,0.09030234104202868,0.5366309985228294,0.2564686590417934,0.2069003424353769,0.43887698121258345,0.1594789826077106,0.25280223437999516,0.1488418017997107,0.002146992238970108,0.0111616277140143
improved_phasess_recovery_explicit_bucket,neutral_mixed,200,0.12212947651913764,1.719074343777577,0.38527708952174466,0.06538896133821753,0.38449945919867673,0.2302234512795783,0.38527708952174466,0.3469137306410604,0.11369259069153267,0.20754532121108252,0.33184835745632424,-0.00015099999065688874,-0.012243217399989126
improved_phasess_recovery_explicit_bucket,recovery_confirmed,44,0.03283242090388918,0.4700758528259172,0.1079167457152713,0.07249129158879809,0.49017152505096884,0.4019117292337595,0.1079167457152713,0.4961445788239267,0.19615161296174755,0.24564820519896113,0.06205560301536424,0.004754577200657875,0.052220968903079534
improved_phasess_recovery_explicit_bucket,recovery_fragile,49,0.07604995258645433,1.4334285533900388,0.21797199658533783,0.06832281489549738,0.46498065075648204,0.31704735265817974,0.21797199658533783,0.4564824412769476,0.16699782210355305,0.25068915622265775,0.1258305803968414,0.007219863681757768,0.12020863416163352
improved_phasess_recovery_explicit_bucket,stressed_panic,229,0.03538180543224088,0.5192594924910409,0.607591188145647,0.027718266544321194,0.21437974285592812,0.17802906899842444,0.607591188145647,0.24066117121693978,0.07643307758929115,0.17357731862023307,0.5093284325735358,-6.605630020909553e-05,-0.004480591861775962
improved_phasett_recovery_two_stage_bucket,calm_trend,295,0.038551702956998966,0.414399386034796,0.06921311341100478,0.0960758072709892,0.6944401636798936,0.2363467229091011,0.06921311341100478,0.48985923165771894,0.16709387968901565,0.30790756950768094,0.035139319145584325,-0.0007196078897203986,-0.010421187788765385
improved_phasett_recovery_two_stage_bucket,neutral_healthy_proxy,293,0.09990297663124427,1.262031603769651,0.21381868699791529,0.08994258763478188,0.533080850008162,0.2531004629939222,0.21381868699791529,0.43775368449816293,0.15793992009629443,0.24730742662447117,0.15699896878107125,0.0021501868305649763,0.01739622096908988
improved_phasett_recovery_two_stage_bucket,neutral_mixed,200,0.12207222740050061,1.7183739038039578,0.3858152018183903,0.06584698451004758,0.38472275103335507,0.22946204714825427,0.3858152018183903,0.345117199335464,0.11666645657294561,0.20529032228722477,0.3329260218043655,-0.00020824910929391482,-0.012943657373608364
improved_phasett_recovery_two_stage_bucket,recovery_confirmed,44,0.03397898380995728,0.48516798272000905,0.10826933583882555,0.0742493837375198,0.49059268187966387,0.40113798228151026,0.10826933583882555,0.5143920408894425,0.18914010099062348,0.2311738539626152,0.06529400415731872,0.0059011401067259744,0.0673130987971714
improved_phasett_recovery_two_stage_bucket,recovery_fragile,49,0.07771413801342508,1.4541296762580584,0.21584466752502793,0.07287837184038055,0.47207824687100014,0.31207708560397146,0.21584466752502793,0.4400706321343868,0.19559568240010883,0.2368426911058889,0.12749099435961536,0.008884049108728517,0.14090975702965314
improved_phasett_recovery_two_stage_bucket,stressed_panic,229,0.03505353540753568,0.5144116964974362,0.6077673928633668,0.02791312200959811,0.21435590888596845,0.17787669825066438,0.6077673928633668,0.2392090114778897,0.07826913508380574,0.17269418503007983,0.5098276684082245,-0.0003943263249142903,-0.009328387855380593
improved_phaseuu_tt1_overlay_preserved_recovery,calm_trend,295,0.038559619874041884,0.4144826216561593,0.06918422652963287,0.09607692410937213,0.6944581743661786,0.236357599104188,0.06918422652963287,0.4898749908432768,0.1670956940125617,0.3079231616161908,0.035106153527970474,-0.0007116909726774812,-0.010337952167402076
improved_phaseuu_tt1_overlay_preserved_recovery,neutral_healthy_proxy,293,0.09993329093801363,1.2621199115054942,0.21354351328323962,0.08996084708128581,0.5332377382319399,0.25321874848482007,0.21354351328323962,0.4379073423133507,0.15798056954788714,0.24741480163516344,0.1566972865035985,0.0021805011373343397,0.017484528704933
improved_phaseuu_tt1_overlay_preserved_recovery,neutral_mixed,200,0.12207394836285243,1.7183254632732161,0.38578527005262087,0.06585026572845541,0.38474023603421936,0.2294744939131594,0.38578527005262087,0.34513115399954386,0.1166733054654338,0.20530254500757208,0.33289299552745005,-0.00020652814694209487,-0.012992097904350075
improved_phaseuu_tt1_overlay_preserved_recovery,recovery_confirmed,44,0.03405763634036597,0.4856903868936868,0.1068003740316617,0.07432295449879361,0.49130333198298415,0.4018962939853537,0.1068003740316617,0.5152248952042653,0.18935530938549308,0.2317105376363341,0.06370925777390728,0.005979792637134662,0.06783550297084917
improved_phaseuu_tt1_overlay_preserved_recovery,recovery_fragile,49,0.0777640329736611,1.4543577787259727,0.2155278829883187,0.07290393996757849,0.4722658525283988,0.3122062644832821,0.2155278829883187,0.44024425109116794,0.19569274701072445,0.23691770383015676,0.1271452980679507,0.008933944068964542,0.1411378594975674
improved_phaseuu_tt1_overlay_preserved_recovery,stressed_panic,229,0.03505617150096007,0.5144318794523863,0.6077581890576563,0.027914218435691057,0.21436184424548146,0.17787996669686187,0.6077581890576563,0.2392142046804966,0.078272352785729,0.17269485979809954,0.5098185827356746,-0.00039169023148990373,-0.009308204900430495
improved_phaseuu_recovery_overlay_cash_cap,calm_trend,295,0.038551702956998966,0.414399386034796,0.06921311341100476,0.0960758072709892,0.6944401636798936,0.2363467229091011,0.06921311341100476,0.48985923165771894,0.16709387968901565,0.30790756950768094,0.035139319145584325,-0.0007196078897203986,-0.010421187788765385
improved_phaseuu_recovery_overlay_cash_cap,neutral_healthy_proxy,293,0.09989693154293564,1.2620143123209528,0.21387899078812417,0.08993535299529459,0.5330438649175843,0.2530771442942911,0.21387899078812417,0.4377166491744803,0.15792712085455604,0.24729346765808746,0.15706276231287603,0.002144141742256342,0.01737892952039166
improved_phaseuu_recovery_overlay_cash_cap,neutral_mixed,200,0.12207222740050061,1.7183739038039578,0.3858152018183903,0.06584698451004758,0.38472275103335507,0.22946204714825427,0.3858152018183903,0.345117199335464,0.11666645657294561,0.20529032228722477,0.3329260218043655,-0.00020824910929391482,-0.012943657373608364
improved_phaseuu_recovery_overlay_cash_cap,recovery_confirmed,44,0.033920328769894544,0.48437632876243436,0.10838943803504,0.07423430561681126,0.4905214114068804,0.4010891505580792,0.10838943803504,0.5143182817266572,0.1891146114446338,0.23114604931269583,0.065421057516013,0.005842485066663239,0.06652144483959671
improved_phaseuu_recovery_overlay_cash_cap,recovery_fragile,49,0.07771413801342508,1.4541296762580584,0.21584466752502793,0.07287837184038055,0.47207824687100014,0.31207708560397146,0.21584466752502793,0.4400706321343868,0.19559568240010883,0.2368426911058889,0.12749099435961536,0.008884049108728517,0.14090975702965314
improved_phaseuu_recovery_overlay_cash_cap,stressed_panic,229,0.03505353540753568,0.5144116964974362,0.6077673928633668,0.02791312200959811,0.21435590888596845,0.17787669825066438,0.6077673928633668,0.2392090114778897,0.07826913508380574,0.17269418503007983,0.5098276684082245,-0.0003943263249142903,-0.009328387855380593
improved_phaseuu_tt1_budget_aware_lighter_both,calm_trend,295,0.03856571434232481,0.4145448362406619,0.06913515128420558,0.09608289412738968,0.6944975915024053,0.23636725721338864,0.06913515128420558,0.48990605069593307,0.16710839983077982,0.30793010455641684,0.0350554449168702,-0.0007055965043945567,-0.010275737582899458
improved_phaseuu_tt1_budget_aware_lighter_both,neutral_healthy_proxy,293,0.09995238502492321,1.2621061860040876,0.21334319436496177,0.08998115311562566,0.5333678395974004,0.2532889660376374,0.21334319436496177,0.43803106740793135,0.15803434850070044,0.24744409644501708,0.15649048764635093,0.0021995952242439137,0.017470803203526453
improved_phaseuu_tt1_budget_aware_lighter_both,neutral_mixed,200,0.12208593839089071,1.7183240442797274,0.38575590677678223,0.06585458632742093,0.38475987854073096,0.22948421468248653,0.38575590677678223,0.3451484522814532,0.11668333685589133,0.20530523600733033,0.332862974855325,-0.00019453811890381145,-0.012993516897838786
improved_phaseuu_tt1_budget_aware_lighter_both,recovery_confirmed,44,0.03402896742221169,0.4846284536380187,0.10545572354122563,0.07444928654825113,0.49202513483453336,0.4025191416242407,0.10545572354122563,0.5160703722272707,0.18970175051720942,0.23190368111904777,0.06232419613647186,0.005951123718980385,0.06677356971518106
improved_phaseuu_tt1_budget_aware_lighter_both,recovery_fragile,49,0.07780240060932773,1.4545424709958368,0.2152813242413152,0.07292569277685529,0.47241623499287405,0.3123024407658103,0.2152813242413152,0.4403808023487909,0.1957632505713163,0.23697692003092216,0.12687902704897036,0.00897231170463117,0.14132255176743147
improved_phaseuu_tt1_budget_aware_lighter_both,stressed_panic,229,0.035058242179379126,0.5144491123191397,0.6077515313390185,0.02791485602890049,0.2143659632304371,0.1778825054305441,0.6077515313390185,0.2392179942473912,0.07827414342722318,0.17269626648927414,0.5098115958361112,-0.00038961955307084684,-0.009290972033677125
