version_name,window_name,window_type,start_date,end_date,observations,portfolio_return,benchmark_return,excess_return,capture_ratio,portfolio_max_drawdown,benchmark_max_drawdown,avg_offensive_weight,avg_defensive_weight,avg_cash_weight,avg_bil_weight,avg_spy_weight,avg_regime_multiplier,avg_target_vol_multiplier,avg_dynamic_speed,avg_market_state_recovery,avg_market_state_recovery_fragile,avg_market_state_recovery_confirmed,avg_market_state_stressed
baseline_hrp_default,recovery_2009_2010,recovery,2009-03-13,2010-04-30,60,0.10831838197267696,0.5022268047456528,-0.3939084227729759,0.21567622625704655,-0.06503710164012888,-0.0866102294162806,0.4191086686927211,0.10020657842747141,0.48068475287980755,0.48068475287980755,0.014268258717079514,0.6268923326038259,1.0,0.4000000000000001,0.13333333333333333,0.13333333333333333,0.0,0.15
baseline_hrp_default,calm_bull_2013_2014,rising,2013-01-04,2014-06-27,78,0.1042288599982295,0.39419255177239054,-0.28996369177416104,0.26441103346471134,-0.06234564509164531,-0.04270245407048634,0.6721009522325746,0.02281134359232639,0.30508770417509906,0.30508770417509906,0.10646412763559887,0.737693104406519,1.0,0.4000000000000001,0.038461538461538464,0.02564102564102564,0.01282051282051282,0.02564102564102564
baseline_hrp_default,recovery_2020_2021,recovery,2020-04-03,2021-12-31,92,0.15387534421712057,0.9271947677237704,-0.7733194235066498,0.16595795141821063,-0.04476151718005261,-0.06484358986881478,0.5242378052932771,0.09841135095211744,0.37735084375460554,0.37735084375460554,0.05607997927683361,0.7026751702393946,1.0,0.4000000000000001,0.13043478260869565,0.010869565217391304,0.11956521739130435,0.15217391304347827
baseline_hrp_default,recovery_2023_2024,recovery,2023-01-06,2024-12-27,104,0.17175782284277674,0.5683762541693509,-0.39661843132657415,0.3021903564458211,-0.057717760095023274,-0.0980289395882381,0.5520107838183957,0.16729826443780674,0.2806909517437976,0.2806909517437976,0.06562937131754173,0.7887258475856201,1.0,0.4000000000000001,0.08653846153846154,0.08653846153846154,0.0,0.0
baseline_hrp_default,calm_rally_2017_2019,rising,2017-01-06,2019-12-27,156,0.20637478760861683,0.5019727188190193,-0.29559793121040245,0.4111274973152933,-0.05780857773279191,-0.1708427577180709,0.5159010276095689,0.11048384229317826,0.37361513009725283,0.37361513009725283,0.05857786509958101,0.6744995774852346,1.0,0.4000000000000001,0.08974358974358974,0.02564102564102564,0.0641025641025641,0.21153846153846154
baseline_hrp_default,top_rally_1,auto_rally,2009-03-06,2009-08-28,26,0.03376506210756358,0.4998715590580838,-0.4661064969505202,0.06754747593799425,-0.003567373187658651,-0.06965861517512073,0.13473552216483028,0.12001579548239107,0.7452486823527784,0.7452486823527784,0.002704603473748587,0.42979804907355573,1.0,0.39999999999999997,0.3076923076923077,0.3076923076923077,0.0,0.38461538461538464
baseline_hrp_default,top_rally_2,auto_rally,2020-03-20,2020-09-11,26,0.07080462009692812,0.45731900944660087,-0.38651438934967275,0.15482544708257018,-0.012980847768647163,-0.05627076735756542,0.14779115184885414,0.15507333654061736,0.6971355116105286,0.6971355116105286,0.014749496593227577,0.3848120519610468,1.0,0.39999999999999997,0.15384615384615385,0.038461538461538464,0.11538461538461539,0.6153846153846154
baseline_hrp_default,top_rally_3,auto_rally,2025-04-04,2025-09-26,26,0.103531551125148,0.3320322035724781,-0.2285006524473301,0.3118117761205307,-0.00592851819887541,-0.025395645273430523,0.3538983382331234,0.12151742940042168,0.5245842323664548,0.5245842323664548,0.016678856192834955,0.5538309845506754,1.0,0.39999999999999997,0.4230769230769231,0.15384615384615385,0.2692307692307692,0.34615384615384615
baseline_hrp_default,top_rally_4,auto_rally,2020-10-30,2021-04-23,26,0.06530883526453324,0.28759517811277324,-0.22228634284824,0.22708598834339294,-0.019887807302733318,-0.033457035183107386,0.43213241276400655,0.11356038021556794,0.4543072070204256,0.4543072070204256,0.0430691762783513,0.6145163998453659,1.0,0.39999999999999997,0.11538461538461539,0.0,0.11538461538461539,0.0
baseline_hrp_default,top_rally_5,auto_rally,2010-08-20,2011-02-11,26,0.03552542433644912,0.26440571677671887,-0.22888029244026975,0.1343595167666101,-0.033498026852755824,-0.03194271336572074,0.3742647268718268,0.31894195249906676,0.30679332062910636,0.30679332062910636,0.021144330358740714,0.7139862722179635,1.0,0.39999999999999997,0.0,0.0,0.0,0.0
improved_hrp_selective,recovery_2009_2010,recovery,2009-03-13,2010-04-30,60,0.16327946973769314,0.5022268047456528,-0.3389473350079597,0.3251110219423358,-0.06971062022067798,-0.0866102294162806,0.5095594110536873,0.1842550882561376,0.3061855006901751,0.3061855006901751,0.032064289041098586,0.7569788830008735,1.0,0.5999999999999999,0.13333333333333333,0.13333333333333333,0.0,0.15
improved_hrp_selective,calm_bull_2013_2014,rising,2013-01-04,2014-06-27,78,0.13364061694748552,0.39419255177239054,-0.260551934824905,0.3390236988157263,-0.06456533325226432,-0.04270245407048634,0.7586595525576212,0.01924739402953584,0.222093053412843,0.222093053412843,0.14291340568386793,0.8460264377398524,1.0,0.6,0.038461538461538464,0.02564102564102564,0.01282051282051282,0.02564102564102564
improved_hrp_selective,recovery_2020_2021,recovery,2020-04-03,2021-12-31,92,0.16936062654915807,0.9271947677237704,-0.7578341411746123,0.18265916983648675,-0.040682867476132145,-0.06484358986881478,0.5708445459869093,0.14168169789650517,0.28747375611658554,0.28747375611658554,0.06486026971063917,0.8049077058130424,1.0,0.5999999999999999,0.13043478260869565,0.010869565217391304,0.11956521739130435,0.15217391304347827
improved_hrp_selective,recovery_2023_2024,recovery,2023-01-06,2024-12-27,104,0.18554080197605471,0.5683762541693509,-0.3828354521932962,0.3264401012797621,-0.06176590066072929,-0.0980289395882381,0.6149119544173778,0.182329030880316,0.20275901470230626,0.20275901470230626,0.0841165656980159,0.8650855315126215,1.0,0.6,0.08653846153846154,0.08653846153846154,0.0,0.0
improved_hrp_selective,calm_rally_2017_2019,rising,2017-01-06,2019-12-27,156,0.2370971543831788,0.5019727188190193,-0.2648755644358405,0.47233075721922163,-0.07313032074181125,-0.1708427577180709,0.5966890242537999,0.12434635605408359,0.2789646196921165,0.2789646196921165,0.08652590891296849,0.7722222222222223,1.0,0.6000000000000001,0.08974358974358974,0.02564102564102564,0.0641025641025641,0.21153846153846154
improved_hrp_selective,top_rally_1,auto_rally,2009-03-06,2009-08-28,26,0.07002993192948881,0.4998715590580838,-0.42984162712859497,0.14009585194534244,-0.011299598074763217,-0.06965861517512073,0.31778090575836226,0.2905882485840986,0.39163084565753914,0.39163084565753914,0.005365499407250911,0.7333333333333333,1.0,0.6,0.3076923076923077,0.3076923076923077,0.0,0.38461538461538464
improved_hrp_selective,top_rally_2,auto_rally,2020-03-20,2020-09-11,26,0.09553433421010848,0.45731900944660087,-0.3617846752364924,0.20890085965530722,-0.01930008829299268,-0.05627076735756542,0.20832802700371136,0.2335808743859142,0.5580910986103743,0.5580910986103743,0.019896333138746263,0.5333333333333333,1.0,0.6,0.15384615384615385,0.038461538461538464,0.11538461538461539,0.6153846153846154
improved_hrp_selective,top_rally_3,auto_rally,2025-04-04,2025-09-26,26,0.11713628580442736,0.3320322035724781,-0.21489591776805073,0.352785918185367,-0.008999145141601717,-0.025395645273430523,0.43776012978697537,0.1502624996717868,0.4119773705412379,0.4119773705412379,0.025025043093237238,0.7000000000000001,1.0,0.6,0.4230769230769231,0.15384615384615385,0.2692307692307692,0.34615384615384615
improved_hrp_selective,top_rally_4,auto_rally,2020-10-30,2021-04-23,26,0.07463294395419595,0.28759517811277324,-0.2129622341585773,0.2595069376473708,-0.028498806199240834,-0.033457035183107386,0.5279246491357837,0.17295557377583945,0.29911977708837684,0.29911977708837684,0.05843720131476081,0.7910938082744264,1.0,0.6,0.11538461538461539,0.0,0.11538461538461539,0.0
improved_hrp_selective,top_rally_5,auto_rally,2010-08-20,2011-02-11,26,0.08005096942694556,0.26440571677671887,-0.1843547473497733,0.3027580886026974,-0.031253926919510566,-0.03194271336572074,0.49211307427025136,0.3533053856258428,0.15458154010390585,0.15458154010390585,0.01991805283625672,0.8552473424728553,1.0,0.6,0.0,0.0,0.0,0.0
improved_hrp_recovery_tilt,recovery_2009_2010,recovery,2009-03-13,2010-04-30,60,0.20102907308698836,0.5022268047456528,-0.3011977316586645,0.400275475517077,-0.07283866316807941,-0.0866102294162806,0.6272525324280166,0.21127089644987407,0.16147657112210942,0.16147657112210942,0.038838866784203244,0.8964285714285716,1.0,0.7857142857142857,0.13333333333333333,0.13333333333333333,0.0,0.15
improved_hrp_recovery_tilt,calm_bull_2013_2014,rising,2013-01-04,2014-06-27,78,0.13692265397882508,0.39419255177239054,-0.25726989779356546,0.34734967305492154,-0.06650661504802702,-0.04270245407048634,0.8001682128908925,0.020908699418281128,0.17892308769082652,0.17892308769082652,0.15054709044609305,0.89,1.0,0.5833333333333334,0.038461538461538464,0.02564102564102564,0.01282051282051282,0.02564102564102564
improved_hrp_recovery_tilt,recovery_2020_2021,recovery,2020-04-03,2021-12-31,92,0.17937750289408694,0.9271947677237704,-0.7478172648296835,0.19346259182895542,-0.040680580684041234,-0.06484358986881478,0.6111361718375613,0.15432180926990216,0.23454201889253637,0.23454201889253637,0.07207760070350766,0.8614285714285715,1.0,0.7285714285714286,0.13043478260869565,0.010869565217391304,0.11956521739130435,0.15217391304347827
improved_hrp_recovery_tilt,recovery_2023_2024,recovery,2023-01-06,2024-12-27,104,0.1939819955005253,0.5683762541693509,-0.3743942586688256,0.34129151961849424,-0.061625100771361185,-0.0980289395882381,0.6542299828818238,0.1950920045439351,0.15067801257424113,0.15067801257424113,0.09126982277299532,0.91967610808184,1.0,0.6999999999999998,0.08653846153846154,0.08653846153846154,0.0,0.0
improved_hrp_recovery_tilt,calm_rally_2017_2019,rising,2017-01-06,2019-12-27,156,0.24279735679081127,0.5019727188190193,-0.259175362028208,0.48368635921496994,-0.07623431500713318,-0.1708427577180709,0.6134024138084152,0.12824499156665825,0.25835259462492655,0.25835259462492655,0.0890915776586261,0.7933333333333334,1.0,0.625,0.08974358974358974,0.02564102564102564,0.0641025641025641,0.21153846153846154
improved_hrp_recovery_tilt,top_rally_1,auto_rally,2009-03-06,2009-08-28,26,0.07697840370446252,0.4998715590580838,-0.42289315535362126,0.15399636628559982,-0.01084218535979975,-0.06965861517512073,0.343092589138564,0.30941792346838637,0.34748948739304963,0.34748948739304963,0.005863009430221832,0.7816666666666666,1.0,0.5,0.3076923076923077,0.3076923076923077,0.0,0.38461538461538464
improved_hrp_recovery_tilt,top_rally_2,auto_rally,2020-03-20,2020-09-11,26,0.09511065402865371,0.45731900944660087,-0.36220835541794716,0.2079744162477448,-0.02208958996009236,-0.05627076735756542,0.22496483019511124,0.24961839455612844,0.5254167752487603,0.5254167752487603,0.02144298031972767,0.5733333333333334,1.0,0.5499999999999999,0.15384615384615385,0.038461538461538464,0.11538461538461539,0.6153846153846154
improved_hrp_recovery_tilt,top_rally_3,auto_rally,2025-04-04,2025-09-26,26,0.12260372802485509,0.3320322035724781,-0.209428475547623,0.36925252040527556,-0.009650002339016028,-0.025395645273430523,0.4681863860283507,0.16032489980726483,0.3714887141643845,0.3714887141643845,0.025747522382774633,0.7600000000000001,1.0,0.75,0.4230769230769231,0.15384615384615385,0.2692307692307692,0.34615384615384615
improved_hrp_recovery_tilt,top_rally_4,auto_rally,2020-10-30,2021-04-23,26,0.08244374780660713,0.28759517811277324,-0.20515143030616612,0.28666595993580557,-0.030384075070180372,-0.033457035183107386,0.6069325345095987,0.19697120913454821,0.19609625635585287,0.19609625635585287,0.07105391925909535,0.8949999999999999,1.0,0.6999999999999998,0.11538461538461539,0.0,0.11538461538461539,0.0
improved_hrp_recovery_tilt,top_rally_5,auto_rally,2010-08-20,2011-02-11,26,0.08383703600998582,0.26440571677671887,-0.18056868076673305,0.3170772441383451,-0.032778062265052754,-0.03194271336572074,0.5114711607353818,0.36575940153759945,0.12276943772701875,0.12276943772701875,0.0208666704706848,0.8883333333333333,1.0,0.6,0.0,0.0,0.0,0.0
improved_hrp_recovery_concentrated,recovery_2009_2010,recovery,2009-03-13,2010-04-30,60,0.20265531060966469,0.5022268047456528,-0.29957149413598816,0.40351352953432507,-0.07357767650757951,-0.0866102294162806,0.6353539223735587,0.20150911910694766,0.1631369585194936,0.1631369585194936,0.0312350176074654,0.8964285714285716,1.0,0.7857142857142857,0.13333333333333333,0.13333333333333333,0.0,0.15
improved_hrp_recovery_concentrated,calm_bull_2013_2014,rising,2013-01-04,2014-06-27,78,0.13212019660763974,0.39419255177239054,-0.2620723551647508,0.33516664892219183,-0.06854740870712783,-0.04270245407048634,0.8064111002602743,0.01802069470686252,0.17556820503286308,0.17556820503286308,0.15435068905185118,0.89,1.0,0.5833333333333334,0.038461538461538464,0.02564102564102564,0.01282051282051282,0.02564102564102564
improved_hrp_recovery_concentrated,recovery_2020_2021,recovery,2020-04-03,2021-12-31,92,0.17962115244509547,0.9271947677237704,-0.7475736152786749,0.19372537324176117,-0.03973405830702681,-0.06484358986881478,0.6012155661682396,0.16405975389841845,0.23472467993334187,0.23472467993334187,0.07113885110095787,0.8614285714285715,1.0,0.7285714285714286,0.13043478260869565,0.010869565217391304,0.11956521739130435,0.15217391304347827
improved_hrp_recovery_concentrated,recovery_2023_2024,recovery,2023-01-06,2024-12-27,104,0.19430836165192567,0.5683762541693509,-0.3740678925174252,0.3418657275467923,-0.0585577055803288,-0.0980289395882381,0.6604580976191674,0.1918471023557628,0.1476948000250698,0.1476948000250698,0.08311101755890979,0.91967610808184,1.0,0.6999999999999998,0.08653846153846154,0.08653846153846154,0.0,0.0
improved_hrp_recovery_concentrated,calm_rally_2017_2019,rising,2017-01-06,2019-12-27,156,0.21655171135608797,0.5019727188190193,-0.2854210074629313,0.43140135556682174,-0.07589692512093504,-0.1708427577180709,0.6135409847852019,0.1274422971947597,0.2590167180200386,0.2590167180200386,0.0751233389780728,0.7933333333333334,1.0,0.625,0.08974358974358974,0.02564102564102564,0.0641025641025641,0.21153846153846154
improved_hrp_recovery_concentrated,top_rally_1,auto_rally,2009-03-06,2009-08-28,26,0.07547543289982328,0.4998715590580838,-0.4243961261582605,0.1509896523059701,-0.010179850392977197,-0.06965861517512073,0.3585183652698367,0.29333531224146936,0.34814632248869387,0.34814632248869387,0.006176292583472897,0.7816666666666666,1.0,0.5,0.3076923076923077,0.3076923076923077,0.0,0.38461538461538464
improved_hrp_recovery_concentrated,top_rally_2,auto_rally,2020-03-20,2020-09-11,26,0.09318860834023912,0.45731900944660087,-0.36413040110636175,0.20377156080392575,-0.021865904749024723,-0.05627076735756542,0.20719533681272104,0.26627191558973606,0.526532747597543,0.526532747597543,0.021392027027400704,0.5733333333333334,1.0,0.5499999999999999,0.15384615384615385,0.038461538461538464,0.11538461538461539,0.6153846153846154
improved_hrp_recovery_concentrated,top_rally_3,auto_rally,2025-04-04,2025-09-26,26,0.1225934206149446,0.3320322035724781,-0.2094387829575335,0.3692214770010528,-0.008741118593371344,-0.025395645273430523,0.4477243006987307,0.1779382290174469,0.37433747028382236,0.37433747028382236,0.022599491013754927,0.7600000000000001,1.0,0.75,0.4230769230769231,0.15384615384615385,0.2692307692307692,0.34615384615384615
improved_hrp_recovery_concentrated,top_rally_4,auto_rally,2020-10-30,2021-04-23,26,0.08306164932355853,0.28759517811277324,-0.2045335287892147,0.28881447132951577,-0.02904070227785871,-0.033457035183107386,0.5938162945065639,0.21010588707894945,0.19607781841448657,0.19607781841448657,0.07044223248034566,0.8949999999999999,1.0,0.6999999999999998,0.11538461538461539,0.0,0.11538461538461539,0.0
improved_hrp_recovery_concentrated,top_rally_5,auto_rally,2010-08-20,2011-02-11,26,0.09045521198324447,0.26440571677671887,-0.1739505047934744,0.3421076256820523,-0.032320198691114355,-0.03194271336572074,0.516318426305956,0.36216524478782713,0.12151632890621673,0.12151632890621673,0.01827100732223456,0.8883333333333333,1.0,0.6,0.0,0.0,0.0,0.0
baseline_max_div_default,recovery_2009_2010,recovery,2009-03-13,2010-04-30,60,0.118049606740106,0.5022268047456528,-0.38417719800554684,0.23505238196095668,-0.06580994593519152,-0.0866102294162806,0.425804506659646,0.11609510661377871,0.4581003867265754,0.4581003867265754,0.021964722204553755,0.6268923326038259,1.0,0.4000000000000001,0.13333333333333333,0.13333333333333333,0.0,0.15
baseline_max_div_default,calm_bull_2013_2014,rising,2013-01-04,2014-06-27,78,0.09951072263016059,0.39419255177239054,-0.29468182914222996,0.25244191495434126,-0.06528706388238781,-0.04270245407048634,0.6754261940993285,0.029602982762442248,0.2949708231382293,0.2949708231382293,0.10120915413060448,0.737693104406519,1.0,0.4000000000000001,0.038461538461538464,0.02564102564102564,0.01282051282051282,0.02564102564102564
baseline_max_div_default,recovery_2020_2021,recovery,2020-04-03,2021-12-31,92,0.14220327156022328,0.9271947677237704,-0.7849914961635471,0.15336936370912355,-0.04434678502315137,-0.06484358986881478,0.515638003534307,0.1037425285392731,0.38061946792641993,0.38061946792641993,0.05049418291164752,0.7026751702393946,1.0,0.4000000000000001,0.13043478260869565,0.010869565217391304,0.11956521739130435,0.15217391304347827
baseline_max_div_default,recovery_2023_2024,recovery,2023-01-06,2024-12-27,104,0.17311824259094655,0.5683762541693509,-0.39525801157840434,0.30458387612260274,-0.054997847858012094,-0.0980289395882381,0.5564310939886536,0.16763360464946223,0.27593530136188416,0.27593530136188416,0.08197988786862452,0.7887258475856201,1.0,0.4000000000000001,0.08653846153846154,0.08653846153846154,0.0,0.0
baseline_max_div_default,calm_rally_2017_2019,rising,2017-01-06,2019-12-27,156,0.20266312108692097,0.5019727188190193,-0.2993095977320983,0.40373333746846296,-0.06206874602850543,-0.1708427577180709,0.5322703066014862,0.1083594901574439,0.3593702032410698,0.3593702032410698,0.062304037029877066,0.6744995774852346,1.0,0.4000000000000001,0.08974358974358974,0.02564102564102564,0.0641025641025641,0.21153846153846154
baseline_max_div_default,top_rally_1,auto_rally,2009-03-06,2009-08-28,26,0.039623904659928266,0.4998715590580838,-0.4602476543981555,0.07926817187717629,-0.005289600092192814,-0.06965861517512073,0.15439261808432722,0.14181586467545768,0.703791517240215,0.703791517240215,0.006609298087909346,0.42979804907355573,1.0,0.39999999999999997,0.3076923076923077,0.3076923076923077,0.0,0.38461538461538464
baseline_max_div_default,top_rally_2,auto_rally,2020-03-20,2020-09-11,26,0.07065265628864559,0.45731900944660087,-0.3866663531579553,0.15449315429538335,-0.012336478255717598,-0.05627076735756542,0.14632974517513514,0.15711762991402678,0.696552624910838,0.696552624910838,0.014623311361466773,0.3848120519610468,1.0,0.39999999999999997,0.15384615384615385,0.038461538461538464,0.11538461538461539,0.6153846153846154
baseline_max_div_default,top_rally_3,auto_rally,2025-04-04,2025-09-26,26,0.10437539868539125,0.3320322035724781,-0.22765680488708684,0.3143532391206973,-0.006550267101695817,-0.025395645273430523,0.3653050685138286,0.12208527452602805,0.5126096569601434,0.5126096569601434,0.023694742572088996,0.5538309845506754,1.0,0.39999999999999997,0.4230769230769231,0.15384615384615385,0.2692307692307692,0.34615384615384615
baseline_max_div_default,top_rally_4,auto_rally,2020-10-30,2021-04-23,26,0.06079794842171582,0.28759517811277324,-0.22679722969105742,0.21140113968765994,-0.01957661524016807,-0.033457035183107386,0.41789002800074176,0.11886566412650951,0.46324430787274873,0.46324430787274873,0.04287320985047564,0.6145163998453659,1.0,0.39999999999999997,0.11538461538461539,0.0,0.11538461538461539,0.0
baseline_max_div_default,top_rally_5,auto_rally,2010-08-20,2011-02-11,26,0.037957124978441836,0.26440571677671887,-0.22644859179827703,0.1435563702674979,-0.03302183123555469,-0.03194271336572074,0.3886313674754983,0.305601186427912,0.3057674460965896,0.3057674460965896,0.03593001936059525,0.7139862722179635,1.0,0.39999999999999997,0.0,0.0,0.0,0.0
improved_max_div_selective,recovery_2009_2010,recovery,2009-03-13,2010-04-30,60,0.17064925807000697,0.5022268047456528,-0.3315775466756459,0.33978524534633386,-0.06735590406248693,-0.0866102294162806,0.5003077107714817,0.19214334588789045,0.3075489433406278,0.3075489433406278,0.03641122767087187,0.7569788830008735,1.0,0.5999999999999999,0.13333333333333333,0.13333333333333333,0.0,0.15
improved_max_div_selective,calm_bull_2013_2014,rising,2013-01-04,2014-06-27,78,0.14059866013579359,0.39419255177239054,-0.25359389163659696,0.3566750804996848,-0.06809410867652399,-0.04270245407048634,0.7884551313226706,0.02177929680351336,0.18976557187381587,0.18976557187381587,0.14965668156873382,0.8460264377398524,1.0,0.6,0.038461538461538464,0.02564102564102564,0.01282051282051282,0.02564102564102564
improved_max_div_selective,recovery_2020_2021,recovery,2020-04-03,2021-12-31,92,0.15089745173541935,0.9271947677237704,-0.776297315988351,0.16274622871941688,-0.038023107773560216,-0.06484358986881478,0.563308725459142,0.15036794816416804,0.2863233263766899,0.2863233263766899,0.05316689669584011,0.8049077058130424,1.0,0.5999999999999999,0.13043478260869565,0.010869565217391304,0.11956521739130435,0.15217391304347827
improved_max_div_selective,recovery_2023_2024,recovery,2023-01-06,2024-12-27,104,0.18579594129185528,0.5683762541693509,-0.3825803128774956,0.3268889928615778,-0.06101234759035956,-0.0980289395882381,0.6208706575445224,0.18616268609321673,0.19296665636226087,0.19296665636226087,0.09412669875358189,0.8650855315126215,1.0,0.6,0.08653846153846154,0.08653846153846154,0.0,0.0
improved_max_div_selective,calm_rally_2017_2019,rising,2017-01-06,2019-12-27,156,0.2270765664081673,0.5019727188190193,-0.27489615241085197,0.45236834173459783,-0.07323915757381227,-0.1708427577180709,0.6208711904355599,0.12531161579266606,0.25381719377177403,0.25381719377177403,0.06755649046506612,0.7722222222222223,1.0,0.6000000000000001,0.08974358974358974,0.02564102564102564,0.0641025641025641,0.21153846153846154
improved_max_div_selective,top_rally_1,auto_rally,2009-03-06,2009-08-28,26,0.07101463658642504,0.4998715590580838,-0.42885692247165874,0.14206576729478088,-0.009519777126230755,-0.06965861517512073,0.31098702396949907,0.29666716457353765,0.39234581145696323,0.39234581145696323,0.011600817767161995,0.7333333333333333,1.0,0.6,0.3076923076923077,0.3076923076923077,0.0,0.38461538461538464
improved_max_div_selective,top_rally_2,auto_rally,2020-03-20,2020-09-11,26,0.09581655161472513,0.45731900944660087,-0.36150245783187573,0.20951797243388634,-0.018825283118249048,-0.05627076735756542,0.2066048977463784,0.23717385290473422,0.5562212493488874,0.5562212493488874,0.020645362314079437,0.5333333333333333,1.0,0.6,0.15384615384615385,0.038461538461538464,0.11538461538461539,0.6153846153846154
improved_max_div_selective,top_rally_3,auto_rally,2025-04-04,2025-09-26,26,0.1215963127698032,0.3320322035724781,-0.21043589080267489,0.3662184314096521,-0.010311371268326153,-0.025395645273430523,0.43255620488208124,0.1542074577354775,0.41323633738244137,0.41323633738244137,0.035600543396837284,0.7000000000000001,1.0,0.6,0.4230769230769231,0.15384615384615385,0.2692307692307692,0.34615384615384615
improved_max_div_selective,top_rally_4,auto_rally,2020-10-30,2021-04-23,26,0.06779334616966914,0.28759517811277324,-0.2198018319431041,0.23572490545403263,-0.027170904400084184,-0.033457035183107386,0.5195096809858791,0.18163696708800228,0.2988533519261185,0.2988533519261185,0.053830657798155476,0.7910938082744264,1.0,0.6,0.11538461538461539,0.0,0.11538461538461539,0.0
improved_max_div_selective,top_rally_5,auto_rally,2010-08-20,2011-02-11,26,0.08557662991507664,0.26440571677671887,-0.17882908686164223,0.32365650394519657,-0.031452830417639466,-0.03194271336572074,0.49990532878379873,0.34265014882803896,0.1574445223881623,0.1574445223881623,0.03621415617526808,0.8552473424728553,1.0,0.6,0.0,0.0,0.0,0.0
improved_max_div_recovery_tilt,recovery_2009_2010,recovery,2009-03-13,2010-04-30,60,0.21130216448925276,0.5022268047456528,-0.2909246402564001,0.4207305593660306,-0.07029034882026153,-0.0866102294162806,0.616058114629199,0.221613366035613,0.16232851933518783,0.16232851933518783,0.043729626145289364,0.8964285714285716,1.0,0.7857142857142857,0.13333333333333333,0.13333333333333333,0.0,0.15
improved_max_div_recovery_tilt,calm_bull_2013_2014,rising,2013-01-04,2014-06-27,78,0.14259509150800032,0.39419255177239054,-0.2515974602643902,0.36173969007495527,-0.07040337441888855,-0.04270245407048634,0.8312467764667139,0.023019945126985478,0.14573327840630043,0.14573327840630043,0.15727079993649687,0.89,1.0,0.5833333333333334,0.038461538461538464,0.02564102564102564,0.01282051282051282,0.02564102564102564
improved_max_div_recovery_tilt,recovery_2020_2021,recovery,2020-04-03,2021-12-31,92,0.15726929126637024,0.9271947677237704,-0.7699254764574002,0.16961839814137503,-0.0394863795439625,-0.06484358986881478,0.6016677386416072,0.16475369263229028,0.23357856872610247,0.23357856872610247,0.057384347185438,0.8614285714285715,1.0,0.7285714285714286,0.13043478260869565,0.010869565217391304,0.11956521739130435,0.15217391304347827
improved_max_div_recovery_tilt,recovery_2023_2024,recovery,2023-01-06,2024-12-27,104,0.19293400206490774,0.5683762541693509,-0.37544225210444315,0.33944768214652044,-0.0609595893051168,-0.0980289395882381,0.6606727117256608,0.19906203809906267,0.1402652501752764,0.1402652501752764,0.10219734145675584,0.91967610808184,1.0,0.6999999999999998,0.08653846153846154,0.08653846153846154,0.0,0.0
improved_max_div_recovery_tilt,calm_rally_2017_2019,rising,2017-01-06,2019-12-27,156,0.23216600866644432,0.5019727188190193,-0.26980671015257496,0.46250722392375515,-0.075921312370406,-0.1708427577180709,0.638349728656637,0.1293645981252149,0.23228567321814816,0.23228567321814816,0.06839281437260339,0.7933333333333334,1.0,0.625,0.08974358974358974,0.02564102564102564,0.0641025641025641,0.21153846153846154
improved_max_div_recovery_tilt,top_rally_1,auto_rally,2009-03-06,2009-08-28,26,0.07772258240887231,0.4998715590580838,-0.42214897664921147,0.15548510612471383,-0.01022295065051304,-0.06965861517512073,0.33784858801404377,0.3164338129278911,0.3457175990580653,0.3457175990580653,0.012979315171442305,0.7816666666666666,1.0,0.5,0.3076923076923077,0.3076923076923077,0.0,0.38461538461538464
improved_max_div_recovery_tilt,top_rally_2,auto_rally,2020-03-20,2020-09-11,26,0.09610761731043005,0.45731900944660087,-0.3612113921361708,0.21015443339372517,-0.021343539486095686,-0.05627076735756542,0.2229081694726873,0.2548747758461914,0.5222170546811213,0.5222170546811213,0.02252463615938773,0.5733333333333334,1.0,0.5499999999999999,0.15384615384615385,0.038461538461538464,0.11538461538461539,0.6153846153846154
improved_max_div_recovery_tilt,top_rally_3,auto_rally,2025-04-04,2025-09-26,26,0.1277970412660825,0.3320322035724781,-0.2042351623063956,0.3848935130118671,-0.011459993856063666,-0.025395645273430523,0.46490699005005715,0.1661285809387562,0.36896442901118665,0.36896442901118665,0.036840100811904745,0.7600000000000001,1.0,0.75,0.4230769230769231,0.15384615384615385,0.2692307692307692,0.34615384615384615
improved_max_div_recovery_tilt,top_rally_4,auto_rally,2020-10-30,2021-04-23,26,0.07327159851382725,0.28759517811277324,-0.214323579598946,0.2547733901334592,-0.028904325199050174,-0.033457035183107386,0.5946864791920797,0.20868058294741937,0.19663293786050084,0.19663293786050084,0.06283683614338863,0.8949999999999999,1.0,0.6999999999999998,0.11538461538461539,0.0,0.11538461538461539,0.0
improved_max_div_recovery_tilt,top_rally_5,auto_rally,2010-08-20,2011-02-11,26,0.08965915618518294,0.26440571677671887,-0.17474656059153593,0.33909688972760327,-0.03270646975478575,-0.03194271336572074,0.5191664056064119,0.35571139147654923,0.12512220291703896,0.12512220291703896,0.036882870668483246,0.8883333333333333,1.0,0.6,0.0,0.0,0.0,0.0
improved_inverse_vol_recovery_tilt,recovery_2009_2010,recovery,2009-03-13,2010-04-30,60,0.20000392790355237,0.5022268047456528,-0.3022228768421005,0.3982342758563875,-0.07293471363976556,-0.0866102294162806,0.6269391249057014,0.21621064661937428,0.15685022847492439,0.15685022847492439,0.041732188204822315,0.8964285714285716,1.0,0.7857142857142857,0.13333333333333333,0.13333333333333333,0.0,0.15
improved_inverse_vol_recovery_tilt,calm_bull_2013_2014,rising,2013-01-04,2014-06-27,78,0.14674505555854922,0.39419255177239054,-0.24744749621384132,0.37226744873475137,-0.06926149548572502,-0.04270245407048634,0.8192583198277397,0.019485969899948163,0.16125571027231217,0.16125571027231217,0.16554318709367796,0.89,1.0,0.5833333333333334,0.038461538461538464,0.02564102564102564,0.01282051282051282,0.02564102564102564
improved_inverse_vol_recovery_tilt,recovery_2020_2021,recovery,2020-04-03,2021-12-31,92,0.19326471116924804,0.9271947677237704,-0.7339300565545224,0.20844025214217496,-0.04181029000560488,-0.06484358986881478,0.621342414914485,0.16390634280042268,0.2147512422850922,0.2147512422850922,0.08991609157654541,0.8614285714285715,1.0,0.7285714285714286,0.13043478260869565,0.010869565217391304,0.11956521739130435,0.15217391304347827
improved_inverse_vol_recovery_tilt,recovery_2023_2024,recovery,2023-01-06,2024-12-27,104,0.19891411151135463,0.5683762541693509,-0.36946214265799626,0.34996907427467416,-0.0607464039543828,-0.0980289395882381,0.6748815849185233,0.19082727975207464,0.13429113532940207,0.13429113532940207,0.10403094406304082,0.91967610808184,0.9949748269770655,0.6999999999999998,0.08653846153846154,0.08653846153846154,0.0,0.0
improved_inverse_vol_recovery_tilt,calm_rally_2017_2019,rising,2017-01-06,2019-12-27,156,0.2465908804172443,0.5019727188190193,-0.255381838401775,0.49124358988550915,-0.07500601394450479,-0.1708427577180709,0.6169843998089696,0.12538756181114946,0.25762803837988085,0.25762803837988085,0.08492832591205081,0.7933333333333334,1.0,0.625,0.08974358974358974,0.02564102564102564,0.0641025641025641,0.21153846153846154
improved_inverse_vol_recovery_tilt,top_rally_1,auto_rally,2009-03-06,2009-08-28,26,0.07401647861060745,0.4998715590580838,-0.42585508044747633,0.14807099397708867,-0.011800486179447511,-0.06965861517512073,0.34081242006859197,0.3210939117684402,0.33809366816296793,0.33809366816296793,0.007782364566395278,0.7816666666666666,1.0,0.5,0.3076923076923077,0.3076923076923077,0.0,0.38461538461538464
improved_inverse_vol_recovery_tilt,top_rally_2,auto_rally,2020-03-20,2020-09-11,26,0.09955167611662774,0.45731900944660087,-0.3577673333299731,0.21768541009719813,-0.0241884149989946,-0.05627076735756542,0.219888716368887,0.2721161285478026,0.5079951550833104,0.5079951550833104,0.02646187101610188,0.5733333333333334,1.0,0.5499999999999999,0.15384615384615385,0.038461538461538464,0.11538461538461539,0.6153846153846154
improved_inverse_vol_recovery_tilt,top_rally_3,auto_rally,2025-04-04,2025-09-26,26,0.1285180125917602,0.3320322035724781,-0.20351419098071788,0.38706490276840416,-0.012015044470664371,-0.025395645273430523,0.4751755501221977,0.1680629453726767,0.3567615045051256,0.3567615045051256,0.030455612493934622,0.7600000000000001,1.0,0.75,0.4230769230769231,0.15384615384615385,0.2692307692307692,0.34615384615384615
improved_inverse_vol_recovery_tilt,top_rally_4,auto_rally,2020-10-30,2021-04-23,26,0.08841252512713282,0.28759517811277324,-0.19918265298564042,0.3074200537968132,-0.032079162482164136,-0.033457035183107386,0.6258992513251709,0.20236252107117814,0.17173822760365096,0.17173822760365096,0.09292958187937599,0.8949999999999999,1.0,0.6999999999999998,0.11538461538461539,0.0,0.11538461538461539,0.0
improved_inverse_vol_recovery_tilt,top_rally_5,auto_rally,2010-08-20,2011-02-11,26,0.08517407852358727,0.26440571677671887,-0.1792316382531316,0.3221340278187469,-0.032382652311694016,-0.03194271336572074,0.5303449825987225,0.34680112598147184,0.12285389141980568,0.12285389141980568,0.023565404244643238,0.8883333333333333,0.9985717094487864,0.6,0.0,0.0,0.0,0.0
improved_herc_recovery_tilt,recovery_2009_2010,recovery,2009-03-13,2010-04-30,60,0.2057323464668639,0.5022268047456528,-0.29649445827878895,0.4096403149390936,-0.07734260783593538,-0.0866102294162806,0.6329515462294355,0.21051571916308978,0.1565327346074747,0.1565327346074747,0.04178576150383769,0.8964285714285716,1.0,0.7857142857142857,0.13333333333333333,0.13333333333333333,0.0,0.15
improved_herc_recovery_tilt,calm_bull_2013_2014,rising,2013-01-04,2014-06-27,78,0.14237602663788507,0.39419255177239054,-0.2518165251345055,0.3611839594576966,-0.06445280022076749,-0.04270245407048634,0.7915979244105577,0.016695464781817715,0.19170661080762474,0.19170661080762474,0.15350136955001578,0.89,1.0,0.5833333333333334,0.038461538461538464,0.02564102564102564,0.01282051282051282,0.02564102564102564
improved_herc_recovery_tilt,recovery_2020_2021,recovery,2020-04-03,2021-12-31,92,0.15471277582383558,0.9271947677237704,-0.7724819918999348,0.16686113986994322,-0.040863248417816855,-0.06484358986881478,0.6073939319496677,0.1598632843704306,0.2327427836799016,0.2327427836799016,0.054025124542354155,0.8614285714285715,1.0,0.7285714285714286,0.13043478260869565,0.010869565217391304,0.11956521739130435,0.15217391304347827
improved_herc_recovery_tilt,recovery_2023_2024,recovery,2023-01-06,2024-12-27,104,0.1927297119177025,0.5683762541693509,-0.3756465422516484,0.3390882544862221,-0.06006587199839153,-0.0980289395882381,0.6760121002309474,0.20144901513310612,0.12253888463594652,0.12253888463594652,0.11473928474149511,0.91967610808184,0.9950677890818588,0.6999999999999998,0.08653846153846154,0.08653846153846154,0.0,0.0
improved_herc_recovery_tilt,calm_rally_2017_2019,rising,2017-01-06,2019-12-27,156,0.23964710360072994,0.5019727188190193,-0.26232561521828934,0.4774106133985581,-0.08056193607670792,-0.1708427577180709,0.6283420230431281,0.12898425889914336,0.24267371805772847,0.24267371805772847,0.0977763119416933,0.7933333333333334,1.0,0.625,0.08974358974358974,0.02564102564102564,0.0641025641025641,0.21153846153846154
improved_herc_recovery_tilt,top_rally_1,auto_rally,2009-03-06,2009-08-28,26,0.07633627843689528,0.4998715590580838,-0.4235352806211885,0.15271178576500127,-0.014575924568304144,-0.06965861517512073,0.34319011429068047,0.3171827660909195,0.3396271196184001,0.3396271196184001,0.014468324881885725,0.7816666666666666,1.0,0.5,0.3076923076923077,0.3076923076923077,0.0,0.38461538461538464
improved_herc_recovery_tilt,top_rally_2,auto_rally,2020-03-20,2020-09-11,26,0.09800121091214886,0.45731900944660087,-0.359317798534452,0.214295073871387,-0.023870599674921333,-0.05627076735756542,0.22603494217640005,0.2562170605679875,0.5177479972556124,0.5177479972556124,0.016969660233059063,0.5733333333333334,1.0,0.5499999999999999,0.15384615384615385,0.038461538461538464,0.11538461538461539,0.6153846153846154
improved_herc_recovery_tilt,top_rally_3,auto_rally,2025-04-04,2025-09-26,26,0.1326720737850151,0.3320322035724781,-0.19936012978746298,0.3995759217254799,-0.012494778236016968,-0.025395645273430523,0.4883135481808502,0.16926467161888314,0.34242178020026665,0.34242178020026665,0.04034262040805809,0.7600000000000001,1.0,0.75,0.4230769230769231,0.15384615384615385,0.2692307692307692,0.34615384615384615
improved_herc_recovery_tilt,top_rally_4,auto_rally,2020-10-30,2021-04-23,26,0.06152892623759754,0.28759517811277324,-0.2260662518751757,0.21394282978371254,-0.030343606355226704,-0.033457035183107386,0.5878193944089586,0.21715674209276603,0.19502386349827547,0.19502386349827547,0.05294107814383185,0.8949999999999999,1.0,0.6999999999999998,0.11538461538461539,0.0,0.11538461538461539,0.0
improved_herc_recovery_tilt,top_rally_5,auto_rally,2010-08-20,2011-02-11,26,0.09280128343804783,0.26440571677671887,-0.17160443333867104,0.3509806239038893,-0.03207969536375643,-0.03194271336572074,0.5265599638090381,0.3398249552934097,0.13361508089755209,0.13361508089755209,0.031906415688518666,0.8883333333333333,0.9580776786345999,0.6,0.0,0.0,0.0,0.0
improved_hrp_recovery_split,recovery_2009_2010,recovery,2009-03-13,2010-04-30,60,0.1998513208974515,0.5022268047456528,-0.30237548384820134,0.39793041512123983,-0.07283866316807952,-0.0866102294162806,0.625493210010216,0.21003021886767456,0.1644765711221094,0.1644765711221094,0.03878860808856783,0.8935714285714287,1.0,0.7857142857142857,0.13333333333333333,0.13333333333333333,0.0,0.15
improved_hrp_recovery_split,calm_bull_2013_2014,rising,2013-01-04,2014-06-27,78,0.1368025538389952,0.39419255177239054,-0.25738999793339534,0.34704499926215227,-0.06650661504802702,-0.04270245407048634,0.7998730032394751,0.02097554296768524,0.17915145379283975,0.17915145379283975,0.15040448926768074,0.89,1.0,0.5833333333333334,0.038461538461538464,0.02564102564102564,0.01282051282051282,0.02564102564102564
improved_hrp_recovery_split,recovery_2020_2021,recovery,2020-04-03,2021-12-31,92,0.17878820363983117,0.9271947677237704,-0.7484065640839392,0.19282701959023102,-0.040680580684041345,-0.06484358986881478,0.6122021224145344,0.15510512886627548,0.23269274871919,0.23269274871919,0.07226224448808796,0.8633333333333335,1.0,0.7285714285714286,0.13043478260869565,0.010869565217391304,0.11956521739130435,0.15217391304347827
improved_hrp_recovery_split,recovery_2023_2024,recovery,2023-01-06,2024-12-27,104,0.19463595074302686,0.5683762541693509,-0.373740303426324,0.34244208711265756,-0.061625100771361185,-0.0980289395882381,0.6532792025739712,0.19493574374237202,0.15178505368365675,0.15178505368365675,0.09124789199085376,0.9180094414151734,1.0,0.6999999999999998,0.08653846153846154,0.08653846153846154,0.0,0.0
improved_hrp_recovery_split,calm_rally_2017_2019,rising,2017-01-06,2019-12-27,156,0.24289002525960357,0.5019727188190193,-0.2590826935594157,0.48387096779093064,-0.07619017998681521,-0.1708427577180709,0.613752806188347,0.12846804529024394,0.25777914852140893,0.25777914852140893,0.08906502450530543,0.793888888888889,1.0,0.625,0.08974358974358974,0.02564102564102564,0.0641025641025641,0.21153846153846154
improved_hrp_recovery_split,top_rally_1,auto_rally,2009-03-06,2009-08-28,26,0.07592229798523387,0.4998715590580838,-0.4239492610728499,0.1518836121188721,-0.01084218535979975,-0.06965861517512073,0.33903261432825516,0.30655482135561823,0.3544125643161266,0.3544125643161266,0.005747027824909328,0.7749999999999999,1.0,0.5,0.3076923076923077,0.3076923076923077,0.0,0.38461538461538464
improved_hrp_recovery_split,top_rally_2,auto_rally,2020-03-20,2020-09-11,26,0.09459221860042955,0.45731900944660087,-0.3627267908461713,0.2068407755778511,-0.022341604375276325,-0.05627076735756542,0.22473229316573948,0.24941819685549815,0.5258495099787625,0.5258495099787625,0.021512281718691514,0.5733333333333334,1.0,0.5499999999999999,0.15384615384615385,0.038461538461538464,0.11538461538461539,0.6153846153846154
improved_hrp_recovery_split,top_rally_3,auto_rally,2025-04-04,2025-09-26,26,0.12300443686483842,0.3320322035724781,-0.20902776670763967,0.3704593576809131,-0.009900460236695663,-0.025395645273430523,0.4692920533052496,0.1606710279781913,0.370036918716559,0.370036918716559,0.025785122834942345,0.7633333333333333,1.0,0.75,0.4230769230769231,0.15384615384615385,0.2692307692307692,0.34615384615384615
improved_hrp_recovery_split,top_rally_4,auto_rally,2020-10-30,2021-04-23,26,0.08278715545387905,0.28759517811277324,-0.2048080226588942,0.287860026016904,-0.030384075070180372,-0.033457035183107386,0.6105407308836248,0.19957008810390375,0.18988918101247138,0.18988918101247138,0.07157449614349566,0.9016666666666667,1.0,0.6999999999999998,0.11538461538461539,0.0,0.11538461538461539,0.0
improved_hrp_recovery_split,top_rally_5,auto_rally,2010-08-20,2011-02-11,26,0.08383703600998582,0.26440571677671887,-0.18056868076673305,0.3170772441383451,-0.032778062265052754,-0.03194271336572074,0.5114711607353818,0.36575940153759945,0.12276943772701875,0.12276943772701875,0.0208666704706848,0.8883333333333333,1.0,0.6,0.0,0.0,0.0,0.0
improved_hrp_recovery_split_confirmed_offense,recovery_2009_2010,recovery,2009-03-13,2010-04-30,60,0.2021898709785146,0.5022268047456528,-0.30003693376713825,0.4025867776629553,-0.07312610820968601,-0.0866102294162806,0.632740995889265,0.21000418245121572,0.15725482165951915,0.15725482165951915,0.039400899240129676,0.9007142857142857,1.0,0.7857142857142857,0.13333333333333333,0.13333333333333333,0.0,0.15
improved_hrp_recovery_split_confirmed_offense,calm_bull_2013_2014,rising,2013-01-04,2014-06-27,78,0.1367878678938217,0.39419255177239054,-0.25740468387856885,0.3470077434968988,-0.0665066150480268,-0.04270245407048634,0.8026250067925558,0.02149928516048939,0.1758757080469549,0.1758757080469549,0.1505136675732426,0.8933333333333332,1.0,0.5833333333333334,0.038461538461538464,0.02564102564102564,0.01282051282051282,0.02564102564102564
improved_hrp_recovery_split_confirmed_offense,recovery_2020_2021,recovery,2020-04-03,2021-12-31,92,0.17665904071016292,0.9271947677237704,-0.7505357270136075,0.19053067042629507,-0.04145544451547489,-0.06484358986881478,0.6178042454550827,0.15968659447430986,0.22250916007060728,0.22250916007060728,0.0738351223329536,0.872857142857143,1.0,0.7285714285714286,0.13043478260869565,0.010869565217391304,0.11956521739130435,0.15217391304347827
improved_hrp_recovery_split_confirmed_offense,recovery_2023_2024,recovery,2023-01-06,2024-12-27,104,0.19573548096131832,0.5683762541693509,-0.37264077320803257,0.3443765982929291,-0.06193582418602117,-0.0980289395882381,0.6547951123024008,0.195618794932251,0.1495860927653482,0.1495860927653482,0.09155403753159337,0.9194162498773325,1.0,0.6999999999999998,0.08653846153846154,0.08653846153846154,0.0,0.0
improved_hrp_recovery_split_confirmed_offense,calm_rally_2017_2019,rising,2017-01-06,2019-12-27,156,0.24398601449675583,0.5019727188190193,-0.25798670432226345,0.4860543319381512,-0.07614646442979134,-0.1708427577180709,0.6161927952286685,0.12952332881031992,0.2542838759610115,0.2542838759610115,0.08905766996966721,0.7966666666666666,1.0,0.625,0.08974358974358974,0.02564102564102564,0.0641025641025641,0.21153846153846154
improved_hrp_recovery_split_confirmed_offense,top_rally_1,auto_rally,2009-03-06,2009-08-28,26,0.0748665751640798,0.4998715590580838,-0.425004983894004,0.14977162394506324,-0.01084218535979975,-0.06965861517512073,0.3349726395179464,0.3036917192428501,0.3613356412392036,0.3613356412392036,0.005631046219596824,0.7683333333333332,1.0,0.5,0.3076923076923077,0.3076923076923077,0.0,0.38461538461538464
improved_hrp_recovery_split_confirmed_offense,top_rally_2,auto_rally,2020-03-20,2020-09-11,26,0.09382231620630233,0.45731900944660087,-0.36349669324029854,0.20515726280400234,-0.02284178824650429,-0.05627076735756542,0.22629443672120295,0.2520387031854172,0.5216668600933799,0.5216668600933799,0.02225958829452877,0.58,1.0,0.5499999999999999,0.15384615384615385,0.038461538461538464,0.11538461538461539,0.6153846153846154
improved_hrp_recovery_split_confirmed_offense,top_rally_3,auto_rally,2025-04-04,2025-09-26,26,0.1252612747383406,0.3320322035724781,-0.2067709288341375,0.37725640281454736,-0.01031957621450097,-0.025395645273430523,0.47752713718344325,0.16400911705957558,0.3584637457569811,0.3584637457569811,0.025617479954128018,0.7799999999999999,1.0,0.75,0.4230769230769231,0.15384615384615385,0.2692307692307692,0.34615384615384615
improved_hrp_recovery_split_confirmed_offense,top_rally_4,auto_rally,2020-10-30,2021-04-23,26,0.0824871411721042,0.28759517811277324,-0.20510803694066904,0.28681684343038233,-0.03048787394144259,-0.033457035183107386,0.625018349071598,0.21114013072876586,0.16384152019963613,0.16384152019963613,0.07535877862340447,0.9249999999999999,1.0,0.6999999999999998,0.11538461538461539,0.0,0.11538461538461539,0.0
improved_hrp_recovery_split_confirmed_offense,top_rally_5,auto_rally,2010-08-20,2011-02-11,26,0.08344801943000246,0.26440571677671887,-0.1809576973467164,0.3156059575688801,-0.03344463194094449,-0.03194271336572074,0.5130225044120329,0.3672849809378715,0.1196925146500957,0.1196925146500957,0.02091929330497267,0.8916666666666666,1.0,0.6,0.0,0.0,0.0,0.0
improved_hrp_recovery_split_confirmed_offense_neutral_ease,recovery_2009_2010,recovery,2009-03-13,2010-04-30,60,0.204213206783602,0.5022268047456528,-0.29801359796205085,0.40661550688642256,-0.0731261082096859,-0.0866102294162806,0.6346404544168869,0.21143805725692733,0.15392148832618582,0.15392148832618582,0.03945273199252755,0.9042857142857142,1.0,0.7857142857142857,0.13333333333333333,0.13333333333333333,0.0,0.15
improved_hrp_recovery_split_confirmed_offense_neutral_ease,calm_bull_2013_2014,rising,2013-01-04,2014-06-27,78,0.13596606419073365,0.39419255177239054,-0.2582264875816569,0.3449229661478773,-0.0683848674431482,-0.04270245407048634,0.8225950279386416,0.021978335428362295,0.15542663663299613,0.15542663663299613,0.15511450140686114,0.9155555555555556,1.0,0.5833333333333334,0.038461538461538464,0.02564102564102564,0.01282051282051282,0.02564102564102564
improved_hrp_recovery_split_confirmed_offense_neutral_ease,recovery_2020_2021,recovery,2020-04-03,2021-12-31,92,0.17879507585248078,0.9271947677237704,-0.7483996918712896,0.19283443142309378,-0.04162717974010777,-0.06484358986881478,0.624148013232696,0.16216084183644133,0.2136911449308626,0.2136911449308626,0.07466253288203235,0.8847619047619046,1.0,0.7285714285714286,0.13043478260869565,0.010869565217391304,0.11956521739130435,0.15217391304347827
improved_hrp_recovery_split_confirmed_offense_neutral_ease,recovery_2023_2024,recovery,2023-01-06,2024-12-27,104,0.19596116941063335,0.5683762541693509,-0.37241508475871754,0.34477367408147497,-0.06193582418602139,-0.0980289395882381,0.6654535005663403,0.19866173581866275,0.13588476361499688,0.13588476361499688,0.09325350765576121,0.9360829165439989,1.0,0.6999999999999998,0.08653846153846154,0.08653846153846154,0.0,0.0
improved_hrp_recovery_split_confirmed_offense_neutral_ease,calm_rally_2017_2019,rising,2017-01-06,2019-12-27,156,0.25022224116552927,0.5019727188190193,-0.25175047765349,0.49847776937802896,-0.07795178425276672,-0.1708427577180709,0.6242084767384636,0.13189340012692552,0.24389812313461084,0.24389812313461084,0.09020102240899387,0.8077777777777777,1.0,0.625,0.08974358974358974,0.02564102564102564,0.0641025641025641,0.21153846153846154
improved_hrp_recovery_split_confirmed_offense_neutral_ease,top_rally_1,auto_rally,2009-03-06,2009-08-28,26,0.07521999257259293,0.4998715590580838,-0.42465156648549085,0.1504786403818037,-0.01084218535979975,-0.06965861517512073,0.3360718803379456,0.3045155553459278,0.35941256431612667,0.35941256431612667,0.005662096548176042,0.7766666666666667,1.0,0.5,0.3076923076923077,0.3076923076923077,0.0,0.38461538461538464
improved_hrp_recovery_split_confirmed_offense_neutral_ease,top_rally_2,auto_rally,2020-03-20,2020-09-11,26,0.09382231620630233,0.45731900944660087,-0.36349669324029854,0.20515726280400234,-0.02284178824650429,-0.05627076735756542,0.22629443672120295,0.2520387031854172,0.5216668600933799,0.5216668600933799,0.02225958829452877,0.58,1.0,0.5499999999999999,0.15384615384615385,0.038461538461538464,0.11538461538461539,0.6153846153846154
improved_hrp_recovery_split_confirmed_offense_neutral_ease,top_rally_3,auto_rally,2025-04-04,2025-09-26,26,0.1252612747383406,0.3320322035724781,-0.2067709288341375,0.37725640281454736,-0.01031957621450097,-0.025395645273430523,0.47752713718344325,0.16400911705957558,0.35846374575698103,0.35846374575698103,0.02561747995412802,0.7799999999999999,1.0,0.75,0.4230769230769231,0.15384615384615385,0.2692307692307692,0.34615384615384615
improved_hrp_recovery_split_confirmed_offense_neutral_ease,top_rally_4,auto_rally,2020-10-30,2021-04-23,26,0.08529935533817157,0.28759517811277324,-0.20229582277460167,0.2965952207471419,-0.03227094832940314,-0.033457035183107386,0.6410126454926728,0.21579618389725772,0.14319117061006942,0.14319117061006942,0.07710581604820889,0.9500000000000001,1.0,0.6999999999999998,0.11538461538461539,0.0,0.11538461538461539,0.0
improved_hrp_recovery_split_confirmed_offense_neutral_ease,top_rally_5,auto_rally,2010-08-20,2011-02-11,26,0.08865178143572816,0.26440571677671887,-0.1757539353409907,0.3352869314493355,-0.03344463194094449,-0.03194271336572074,0.5282097993405814,0.37673115799823137,0.09505904266118725,0.09505904266118725,0.021700242324365203,0.9166666666666666,1.0,0.6,0.0,0.0,0.0,0.0
improved_hrp_neutral_ease,recovery_2009_2010,recovery,2009-03-13,2010-04-30,60,0.20308395587579486,0.5022268047456528,-0.299142848869858,0.40436701895798743,-0.07283866316807952,-0.0866102294162806,0.6291519909556382,0.2127047712555857,0.1581432377887761,0.1581432377887761,0.03889069953660112,0.9000000000000002,1.0,0.7857142857142857,0.13333333333333333,0.13333333333333333,0.0,0.15
improved_hrp_neutral_ease,calm_bull_2013_2014,rising,2013-01-04,2014-06-27,78,0.13610275153561058,0.39419255177239054,-0.25808980023677996,0.34526971888143954,-0.06838486744314842,-0.04270245407048634,0.8201382340369783,0.021387749686154037,0.15847401627686772,0.15847401627686772,0.1551479242797116,0.9122222222222223,1.0,0.5833333333333334,0.038461538461538464,0.02564102564102564,0.01282051282051282,0.02564102564102564
improved_hrp_neutral_ease,recovery_2020_2021,recovery,2020-04-03,2021-12-31,92,0.1815954590875275,0.9271947677237704,-0.7455993086362429,0.1958547064856047,-0.04068058068404112,-0.06484358986881478,0.6174868699570999,0.15675478892484226,0.22575834111805776,0.22575834111805776,0.07288901055809037,0.8733333333333332,1.0,0.7285714285714286,0.13043478260869565,0.010869565217391304,0.11956521739130435,0.15217391304347827
improved_hrp_neutral_ease,recovery_2023_2024,recovery,2023-01-06,2024-12-27,104,0.1942064385010509,0.5683762541693509,-0.3741698156683,0.3416864041670291,-0.061625100771361296,-0.0980289395882381,0.6648883711457632,0.1981349454303469,0.1369766834238898,0.1369766834238898,0.09296929289716314,0.9363427747485066,1.0,0.6999999999999998,0.08653846153846154,0.08653846153846154,0.0,0.0
improved_hrp_neutral_ease,calm_rally_2017_2019,rising,2017-01-06,2019-12-27,156,0.24899026774174793,0.5019727188190193,-0.25298245107727135,0.4960235056748544,-0.07803946315961896,-0.1708427577180709,0.6214137032144758,0.13060177077603885,0.24798452600948528,0.24798452600948528,0.09023830192021821,0.8044444444444444,1.0,0.625,0.08974358974358974,0.02564102564102564,0.0641025641025641,0.21153846153846154
improved_hrp_neutral_ease,top_rally_1,auto_rally,2009-03-06,2009-08-28,26,0.07736252260558518,0.4998715590580838,-0.4225090364524986,0.15476480148492677,-0.01084218535979975,-0.06965861517512073,0.3441918299585632,0.31024175957146405,0.3455664104699727,0.3455664104699727,0.005894059758801049,0.79,1.0,0.5,0.3076923076923077,0.3076923076923077,0.0,0.38461538461538464
improved_hrp_neutral_ease,top_rally_2,auto_rally,2020-03-20,2020-09-11,26,0.09511065402865371,0.45731900944660087,-0.36220835541794716,0.2079744162477448,-0.02208958996009236,-0.05627076735756542,0.22496483019511124,0.24961839455612844,0.5254167752487603,0.5254167752487603,0.02144298031972767,0.5733333333333334,1.0,0.5499999999999999,0.15384615384615385,0.038461538461538464,0.11538461538461539,0.6153846153846154
improved_hrp_neutral_ease,top_rally_3,auto_rally,2025-04-04,2025-09-26,26,0.12260372802485509,0.3320322035724781,-0.209428475547623,0.36925252040527556,-0.009650002339016028,-0.025395645273430523,0.4681863860283507,0.16032489980726483,0.3714887141643845,0.3714887141643845,0.025747522382774633,0.7600000000000001,1.0,0.75,0.4230769230769231,0.15384615384615385,0.2692307692307692,0.34615384615384615
improved_hrp_neutral_ease,top_rally_4,auto_rally,2020-10-30,2021-04-23,26,0.08532101672090309,0.28759517811277324,-0.20227416139187016,0.29667053975239666,-0.03216123549737737,-0.033457035183107386,0.622950798955449,0.20152549010773618,0.1755237109368147,0.1755237109368147,0.07276781850116003,0.9199999999999999,1.0,0.6999999999999998,0.11538461538461539,0.0,0.11538461538461539,0.0
improved_hrp_neutral_ease,top_rally_5,auto_rally,2010-08-20,2011-02-11,26,0.0890408681230137,0.26440571677671887,-0.17536484865370516,0.33675848316927853,-0.03277806226505264,-0.03194271336572074,0.5266584556639303,0.37520557859795933,0.0981359657381103,0.0981359657381103,0.021647619490077333,0.9133333333333334,1.0,0.6,0.0,0.0,0.0,0.0
improved_hrp_fragile_participation,recovery_2009_2010,recovery,2009-03-13,2010-04-30,60,0.20256085177203276,0.5022268047456528,-0.2996659529736201,0.4033254494941134,-0.07283866316807941,-0.0866102294162806,0.6295319485771407,0.21349150779087514,0.15697654363198424,0.15697654363198424,0.03879030447985913,0.9007142857142858,1.0,0.7857142857142857,0.13333333333333333,0.13333333333333333,0.0,0.15
improved_hrp_fragile_participation,calm_bull_2013_2014,rising,2013-01-04,2014-06-27,78,0.13719569630033424,0.39419255177239054,-0.2569968554720563,0.3480423353598826,-0.06650661504802702,-0.04270245407048634,0.8020288541880313,0.020826258971801164,0.1771448868401676,0.1771448868401676,0.15113842878544115,0.8916666666666665,1.0,0.5833333333333334,0.038461538461538464,0.02564102564102564,0.01282051282051282,0.02564102564102564
improved_hrp_fragile_participation,recovery_2020_2021,recovery,2020-04-03,2021-12-31,92,0.17956064543705685,0.9271947677237704,-0.7476341222867136,0.19366011509951866,-0.040680580684041234,-0.06484358986881478,0.6117758248020818,0.154402186828106,0.2338219883698121,0.2338219883698121,0.07177732574775382,0.8628571428571429,1.0,0.7285714285714286,0.13043478260869565,0.010869565217391304,0.11956521739130435,0.15217391304347827
improved_hrp_fragile_participation,recovery_2023_2024,recovery,2023-01-06,2024-12-27,104,0.1929829564562242,0.5683762541693509,-0.3753932977131267,0.33953381240083236,-0.061625100771361185,-0.0980289395882381,0.6554012969739215,0.1954059742269338,0.14919272879914475,0.14919272879914475,0.09125926667744359,0.9221761080818399,1.0,0.6999999999999998,0.08653846153846154,0.08653846153846154,0.0,0.0
improved_hrp_fragile_participation,calm_rally_2017_2019,rising,2017-01-06,2019-12-27,156,0.24229807277048798,0.5019727188190193,-0.2596746460485313,0.4826917154791551,-0.07633782866893002,-0.1708427577180709,0.6139539474717127,0.1281811160399219,0.2578649364883653,0.2578649364883653,0.08929770701562366,0.7941666666666668,1.0,0.625,0.08974358974358974,0.02564102564102564,0.0641025641025641,0.21153846153846154
improved_hrp_fragile_participation,top_rally_1,auto_rally,2009-03-06,2009-08-28,26,0.07837388240080201,0.4998715590580838,-0.4214976766572818,0.1567880408088894,-0.010842188354950433,-0.06965861517512073,0.3483441651622768,0.31455103637176024,0.33710479846596314,0.33710479846596314,0.005793820466226085,0.7916666666666666,1.0,0.5,0.3076923076923077,0.3076923076923077,0.0,0.38461538461538464
improved_hrp_fragile_participation,top_rally_2,auto_rally,2020-03-20,2020-09-11,26,0.09447362724408026,0.45731900944660087,-0.3628453822025206,0.20658145690991997,-0.02291079361235515,-0.05627076735756542,0.22723497946824828,0.2518715775235116,0.5208934430082401,0.5208934430082401,0.02137474735890279,0.5783333333333333,1.0,0.5499999999999999,0.15384615384615385,0.038461538461538464,0.11538461538461539,0.6153846153846154
improved_hrp_fragile_participation,top_rally_3,auto_rally,2025-04-04,2025-09-26,26,0.12257122951786315,0.3320322035724781,-0.20946097405461495,0.36915464283002153,-0.00978892472547499,-0.025395645273430523,0.47130900867665093,0.16118272798060723,0.3675082633427419,0.3675082633427419,0.02595515082648471,0.765,1.0,0.75,0.4230769230769231,0.15384615384615385,0.2692307692307692,0.34615384615384615
improved_hrp_fragile_participation,top_rally_4,auto_rally,2020-10-30,2021-04-23,26,0.08317982539774849,0.28759517811277324,-0.20441535271502476,0.2892253825101741,-0.030338632411378685,-0.033457035183107386,0.6068616304276898,0.19539116694733621,0.19774720262497397,0.19774720262497397,0.07028688973439318,0.8949999999999999,1.0,0.6999999999999998,0.11538461538461539,0.0,0.11538461538461539,0.0
improved_hrp_fragile_participation,top_rally_5,auto_rally,2010-08-20,2011-02-11,26,0.08383703600998582,0.26440571677671887,-0.18056868076673305,0.3170772441383451,-0.032778062265052754,-0.03194271336572074,0.5114711607353818,0.36575940153759945,0.12276943772701875,0.12276943772701875,0.0208666704706848,0.8883333333333333,1.0,0.6,0.0,0.0,0.0,0.0
improved_hrp_beta_participation,recovery_2009_2010,recovery,2009-03-13,2010-04-30,60,0.21197198152114738,0.5022268047456528,-0.29025482322450546,0.42206425367618167,-0.07283866316807952,-0.0866102294162806,0.6516108427596746,0.21127089644987407,0.13711826079045128,0.13711826079045128,0.06319717711586138,0.8964285714285716,1.0,0.7857142857142857,0.13333333333333333,0.13333333333333333,0.0,0.15
improved_hrp_beta_participation,calm_bull_2013_2014,rising,2013-01-04,2014-06-27,78,0.14273663262156067,0.39419255177239054,-0.2514559191508299,0.36209875600079267,-0.06853462163358603,-0.04270245407048634,0.8202822332753927,0.020908699418281128,0.15880906730632613,0.15880906730632613,0.17066111083059343,0.89,1.0,0.5833333333333334,0.038461538461538464,0.02564102564102564,0.01282051282051282,0.02564102564102564
improved_hrp_beta_participation,recovery_2020_2021,recovery,2020-04-03,2021-12-31,92,0.1998591797449072,0.9271947677237704,-0.7273355879788632,0.2155525318974289,-0.040680580684041456,-0.06484358986881478,0.6353530853418313,0.15432180926990216,0.21032510538826657,0.21032510538826657,0.09629451420777758,0.8614285714285715,1.0,0.7285714285714286,0.13043478260869565,0.010869565217391304,0.11956521739130435,0.15217391304347827
improved_hrp_beta_participation,recovery_2023_2024,recovery,2023-01-06,2024-12-27,104,0.20452805513177585,0.5683762541693509,-0.36384819903757504,0.3598462350097328,-0.06294614530854892,-0.0980289395882381,0.6827359195516596,0.1950920045439351,0.12217207590440536,0.12217207590440536,0.11977575944283109,0.91967610808184,1.0,0.6999999999999998,0.08653846153846154,0.08653846153846154,0.0,0.0
improved_hrp_beta_participation,calm_rally_2017_2019,rising,2017-01-06,2019-12-27,156,0.2460558428677011,0.5019727188190193,-0.2559168759513182,0.4901777201091556,-0.0797794589125439,-0.1708427577180709,0.6278791681266287,0.12824499156665825,0.2438758403067131,0.2438758403067131,0.10356833197683951,0.7933333333333334,1.0,0.625,0.08974358974358974,0.02564102564102564,0.0641025641025641,0.21153846153846154
improved_hrp_beta_participation,top_rally_1,auto_rally,2009-03-06,2009-08-28,26,0.08051113874630222,0.4998715590580838,-0.41936042031178156,0.1610636518269027,-0.01209847221711613,-0.06965861517512073,0.36616951221548705,0.30941792346838637,0.32441256431612653,0.32441256431612653,0.028939932507144907,0.7816666666666666,1.0,0.5,0.3076923076923077,0.3076923076923077,0.0,0.38461538461538464
improved_hrp_beta_participation,top_rally_2,auto_rally,2020-03-20,2020-09-11,26,0.09776575662610187,0.45731900944660087,-0.359553252820499,0.21378021601246722,-0.020864230598759415,-0.05627076735756542,0.22842636865664973,0.24961839455612844,0.5219552367872218,0.5219552367872218,0.024904518781266132,0.5733333333333334,1.0,0.5499999999999999,0.15384615384615385,0.038461538461538464,0.11538461538461539,0.6153846153846154
improved_hrp_beta_participation,top_rally_3,auto_rally,2025-04-04,2025-09-26,26,0.12640561526601535,0.3320322035724781,-0.20562658830646274,0.380702877329255,-0.009650002339016028,-0.025395645273430523,0.48357100141296605,0.16032489980726483,0.3561040987797692,0.3561040987797692,0.04113213776739001,0.7600000000000001,1.0,0.75,0.4230769230769231,0.15384615384615385,0.2692307692307692,0.34615384615384615
improved_hrp_beta_participation,top_rally_4,auto_rally,2020-10-30,2021-04-23,26,0.0917206921815803,0.28759517811277324,-0.19587448593119294,0.3189229137409749,-0.032267123923617635,-0.033457035183107386,0.6484709960480604,0.19697120913454821,0.15455779481739138,0.15455779481739138,0.11259238079755687,0.8949999999999999,1.0,0.6999999999999998,0.11538461538461539,0.0,0.11538461538461539,0.0
improved_hrp_beta_participation,top_rally_5,auto_rally,2010-08-20,2011-02-11,26,0.092343556384469,0.26440571677671887,-0.17206216039224986,0.3492494697550349,-0.033172622471928204,-0.03194271336572074,0.541471160735382,0.36575940153759945,0.09276943772701868,0.09276943772701868,0.05086667047068484,0.8883333333333333,1.0,0.6,0.0,0.0,0.0,0.0
improved_hrp_neutral_fragile_combo,recovery_2009_2010,recovery,2009-03-13,2010-04-30,60,0.20461978155736005,0.5022268047456528,-0.2976070231882928,0.4074250510404108,-0.07283866316807952,-0.0866102294162806,0.6314317492421306,0.2149250404592185,0.15364321029865094,0.15364321029865094,0.038840696491656765,0.9042857142857145,1.0,0.7857142857142857,0.13333333333333333,0.13333333333333333,0.0,0.15
improved_hrp_neutral_fragile_combo,calm_bull_2013_2014,rising,2013-01-04,2014-06-27,78,0.13637559319490533,0.39419255177239054,-0.2578169585774852,0.3459618721402162,-0.06838486744314842,-0.04270245407048634,0.821998875334117,0.021305309239674077,0.1566958154262088,0.1566958154262088,0.15573926261905965,0.9138888888888891,1.0,0.5833333333333334,0.038461538461538464,0.02564102564102564,0.01282051282051282,0.02564102564102564
improved_hrp_neutral_fragile_combo,recovery_2020_2021,recovery,2020-04-03,2021-12-31,92,0.18181212452326845,0.9271947677237704,-0.745382643200502,0.1960883849351422,-0.040680580684041456,-0.06484358986881478,0.6181295556136677,0.1568171161574048,0.22505332822892743,0.22505332822892743,0.07258173865845803,0.8747619047619046,1.0,0.7285714285714286,0.13043478260869565,0.010869565217391304,0.11956521739130435,0.15217391304347827
improved_hrp_neutral_fragile_combo,recovery_2023_2024,recovery,2023-01-06,2024-12-27,104,0.193203045834482,0.5683762541693509,-0.3751732083348689,0.3399210371953999,-0.061625100771361185,-0.0980289395882381,0.6660516866513351,0.1984543118993271,0.13549400144933768,0.13549400144933768,0.09295818265018026,0.9388427747485067,1.0,0.6999999999999998,0.08653846153846154,0.08653846153846154,0.0,0.0
improved_hrp_neutral_fragile_combo,calm_rally_2017_2019,rising,2017-01-06,2019-12-27,156,0.24847280244258974,0.5019727188190193,-0.25349991637642955,0.49499264228376094,-0.07814277454339347,-0.1708427577180709,0.6219632707503239,0.13053194503080653,0.24750478421886954,0.24750478421886954,0.09044594067515167,0.8052777777777778,1.0,0.625,0.08974358974358974,0.02564102564102564,0.0641025641025641,0.21153846153846154
improved_hrp_neutral_fragile_combo,top_rally_1,auto_rally,2009-03-06,2009-08-28,26,0.07876102716563271,0.4998715590580838,-0.42111053189245107,0.15756252929061101,-0.010842188354950433,-0.06965861517512073,0.3494436882614095,0.31537459019570446,0.3351817215428862,0.3351817215428862,0.005824068237756691,0.8000000000000002,1.0,0.5,0.3076923076923077,0.3076923076923077,0.0,0.38461538461538464
improved_hrp_neutral_fragile_combo,top_rally_2,auto_rally,2020-03-20,2020-09-11,26,0.09447362724408026,0.45731900944660087,-0.3628453822025206,0.20658145690991997,-0.02291079361235515,-0.05627076735756542,0.22723497946824828,0.2518715775235116,0.5208934430082401,0.5208934430082401,0.02137474735890279,0.5783333333333333,1.0,0.5499999999999999,0.15384615384615385,0.038461538461538464,0.11538461538461539,0.6153846153846154
improved_hrp_neutral_fragile_combo,top_rally_3,auto_rally,2025-04-04,2025-09-26,26,0.12257122951786315,0.3320322035724781,-0.20946097405461495,0.36915464283002153,-0.00978892472547499,-0.025395645273430523,0.47130900867665093,0.16118272798060723,0.3675082633427419,0.3675082633427419,0.02595515082648471,0.765,1.0,0.75,0.4230769230769231,0.15384615384615385,0.2692307692307692,0.34615384615384615
improved_hrp_neutral_fragile_combo,top_rally_4,auto_rally,2020-10-30,2021-04-23,26,0.08608745355084224,0.28759517811277324,-0.201507724561931,0.2993355247322165,-0.032113203921051436,-0.033457035183107386,0.6228903835544215,0.19990091319490239,0.17720870325067606,0.17720870325067606,0.07198628986218263,0.9199999999999999,1.0,0.6999999999999998,0.11538461538461539,0.0,0.11538461538461539,0.0
improved_hrp_neutral_fragile_combo,top_rally_5,auto_rally,2010-08-20,2011-02-11,26,0.0890408681230137,0.26440571677671887,-0.17536484865370516,0.33675848316927853,-0.03277806226505264,-0.03194271336572074,0.5266584556639303,0.37520557859795933,0.0981359657381103,0.0981359657381103,0.021647619490077333,0.9133333333333334,1.0,0.6,0.0,0.0,0.0,0.0
