version_name,market_state,strong_neutral,bil_weight,overlay_cash_weight,sleeve_bil_weight,sleeve_internal_bil_weight,self_gated_internal_bil_weight,self_gated_overlay_cut_total,self_gated_overlay_cut_risky,non_self_gated_overlay_cut_total,non_self_gated_overlay_cut_risky,regime_multiplier,target_vol_multiplier,gross_multiplier
baseline_hrp_default,calm_trend,0.0,0.15487367313333805,0.1253035608721741,0.029570112261163923,0.02957011226116388,0.0004173106374664395,0.0038935726864699266,0.0038935726864699266,0.00931303551670825,0.008550852024016389,0.9409704633342795,1.0,0.9409704633342794
baseline_hrp_default,neutral_mixed,0.0,0.5522732038018661,0.4950905112310738,0.05718269257079227,0.05718269257079224,0.0033653192016968,0.025814947014389678,0.02546001740312215,0.04511770296743221,0.036351059545802165,0.6453367500908904,1.0,0.6453367500908905
baseline_hrp_default,neutral_mixed,1.0,0.4388654350477983,0.3909578595720716,0.047907575475726674,0.047907575475726626,0.0008821289132296092,0.02603804326894206,0.02596263008382189,0.040554333978835996,0.03506111047346191,0.657691815200018,1.0,0.657691815200018
baseline_hrp_default,recovery_confirmed,0.0,0.4222352518646418,0.35939537147500134,0.06283988038964043,0.06283988038964036,0.0,0.03940333094837051,0.03940333094837051,0.06357930088633237,0.051659777470810526,0.6223970166060894,1.0,0.6223970166060894
baseline_hrp_default,recovery_fragile,0.0,0.5463661291762998,0.439910417931185,0.10645571124511483,0.10645571124511478,0.018140298241469212,0.03930665313956999,0.036868315564176676,0.07654438472860191,0.057940397900796754,0.5945213674613984,1.0,0.5945213674613984
baseline_hrp_default,stressed_panic,0.0,0.7329346938816133,0.6381795912032547,0.0947551026783586,0.09475510267835854,0.00808956974707465,0.05098434144142444,0.04568454348543028,0.09982612310260339,0.057266034077474506,0.30928807238835254,0.9993572981625501,0.30928807238835254
baseline_max_div_default,calm_trend,0.0,0.14862380472134765,0.12827678341249188,0.020347021308855767,0.020347021308855677,0.000343403008591838,0.006229838014397678,0.006229838014397678,0.007554445672309929,0.006965039640458565,0.9409704633342795,0.9956452198035652,0.9383884289760797
baseline_max_div_default,neutral_mixed,0.0,0.5481988897532949,0.4950905112310738,0.05310837852222114,0.0531083785222211,0.0037417571223919963,0.033482639400340505,0.03301982911326693,0.03745001058148139,0.029189538191162826,0.6453367500908904,0.9966693778142279,0.6453367500908904
baseline_max_div_default,neutral_mixed,1.0,0.4275582140926619,0.3916167929100214,0.03594142118264056,0.035941421182640494,0.0006919260770763274,0.033806641746957786,0.033744584582982795,0.033050930754641654,0.029194446366404194,0.657691815200018,0.994369801151749,0.6563286185444099
baseline_max_div_default,recovery_confirmed,0.0,0.41578975285130826,0.35939537147500134,0.056394381376306875,0.056394381376306806,0.0,0.04766379072922253,0.04766379072922253,0.05531884110548036,0.04543446825879186,0.6223970166060894,1.0,0.6223970166060894
baseline_max_div_default,recovery_fragile,0.0,0.5177762586900678,0.439910417931185,0.07786584075888288,0.07786584075888284,0.01556437629597159,0.056336473601310375,0.05441312281063737,0.05951456426686151,0.04752576647286109,0.5945213674613984,1.0,0.5945213674613984
baseline_max_div_default,stressed_panic,0.0,0.7194069108457758,0.6381795912032547,0.08122731964252106,0.08122731964252103,0.008691260276703321,0.06651168361266943,0.060745251098894774,0.08429878093135838,0.049530740742810664,0.30928807238835254,0.9970745907843315,0.30928807238835254
improved_herc_recovery_tilt,calm_trend,0.0,0.08008400659578079,0.05299656248328349,0.02708744411249729,0.027087444112497208,0.0006058182409656387,0.0010475986470532695,0.0010475986470532695,0.0009010387532225385,0.0008677732478284439,0.9945607941752865,0.9961233265356018,0.991290181316949
improved_herc_recovery_tilt,neutral_mixed,0.0,0.39478926910663764,0.3510299202982622,0.04375934880837546,0.043759348808375426,0.0050645641053571,0.019992240698527796,0.019775189105865613,0.017477809316192305,0.01525287535722973,0.8126497499263994,0.9970020931030638,0.8126497499263994
improved_herc_recovery_tilt,neutral_mixed,1.0,0.26334029912999457,0.2189136977722766,0.04442660135771799,0.04442660135771791,0.0009830463509954083,0.01592661149961713,0.01589073188084884,0.012417995450467404,0.01068149762667581,0.8552631578947368,0.9954270206005887,0.8542987748004427
improved_herc_recovery_tilt,recovery_confirmed,0.0,0.14532427616938762,0.10249999999999995,0.04282427616938766,0.04282427616938756,0.0,0.010198218958632765,0.010198218958632765,0.011619962859549037,0.010173879403096518,0.92,1.0,0.92
improved_herc_recovery_tilt,recovery_fragile,0.0,0.2432003962739928,0.1681632653061224,0.0750371309678704,0.07503713096787036,0.02436095156382274,0.01196692857998717,0.011545639782616003,0.010890214277155665,0.009600311675210603,0.92,0.9951727394413447,0.92
improved_herc_recovery_tilt,stressed_panic,0.0,0.5907758815369762,0.5152504859806509,0.07552539555632526,0.07551688996736523,0.013939463716252773,0.06505996744866718,0.05978590047044567,0.058957499800241106,0.04075776196803372,0.43200000000000005,0.993210845200909,0.43200000000000005
improved_hrp_beta_participation,calm_trend,0.0,0.05725842920883033,0.05062289522636993,0.012830523238792196,0.03211806929537918,0.0005996126418949191,0.0005697859736000214,0.0005697859736000214,0.0007112539466978865,0.000682828685400775,0.9945607941752865,0.9994103152718667,0.9942741397501837
improved_hrp_beta_participation,neutral_mixed,0.0,0.4033036048742992,0.35084361303462347,0.05245999183967573,0.052459991839675695,0.005163893941836085,0.01586299355719205,0.015667135114206292,0.021607056457528057,0.01884458536216867,0.8126497499263994,1.0,0.8126497499263994
improved_hrp_beta_participation,neutral_mixed,1.0,0.24057982885691617,0.2182039295807972,0.033124226704932376,0.055595431368049335,0.001289542571195251,0.012968463539611817,0.012932951447791097,0.015217636070744209,0.013010959346305761,0.8552631578947368,0.9998504002485209,0.8551135581432576
improved_hrp_beta_participation,recovery_confirmed,0.0,0.15709005495057518,0.10249999999999998,0.05459005495057523,0.054590054950575125,0.0,0.009070909606015719,0.009070909606015719,0.012747272212166073,0.01117502248646083,0.92,1.0,0.92
improved_hrp_beta_participation,recovery_fragile,0.0,0.21342283075581187,0.16816326530612238,0.05712481668417913,0.09153720821627857,0.030784295735564488,0.010515692984685075,0.00992225873854366,0.012341449872457761,0.010797267428750623,0.92,1.0,0.92
improved_hrp_beta_participation,stressed_panic,0.0,0.6120333722189746,0.5149250584459109,0.0971083137730638,0.09710831377306377,0.01172558315904203,0.04949114973857033,0.044991519148284004,0.07452631751033796,0.049150661110710515,0.43200000000000005,0.9984160703994582,0.43200000000000005
improved_hrp_calm_confirmed_fragile_leadership,calm_trend,0.0,0.06491697436013223,0.03404302613285836,0.030873948227273875,0.030873948227273806,0.0007114646103596862,7.386835619137e-05,7.386835619137e-05,7.49962141112623e-05,7.49962141112623e-05,1.0,0.9993346204812231,0.9993346204812231
improved_hrp_calm_confirmed_fragile_leadership,neutral_mixed,0.0,0.39182712858089686,0.3393277408311255,0.052499387749771406,0.05249938774977137,0.00528078467680955,0.016055535781049797,0.015856684194508544,0.02141451423367031,0.018690574423327323,0.8126497499263994,1.0,0.8126497499263994
improved_hrp_calm_confirmed_fragile_leadership,neutral_mixed,1.0,0.2126902301583596,0.1531787131621945,0.05951151699616508,0.05951151699616501,0.0014369218135509515,0.003477754466135415,0.003468064379441274,0.004774600631929883,0.0040756608424104435,0.9421052631578947,0.9997932473583122,0.957579999232752
improved_hrp_calm_confirmed_fragile_leadership,recovery_confirmed,0.0,0.1226655887471852,0.0653816238333733,0.05728396491381189,0.057283964913811776,0.0,0.006677333361665163,0.006677333361665163,0.009813557072507778,0.008456709773684746,0.92,1.0,0.9395334017413659
improved_hrp_calm_confirmed_fragile_leadership,recovery_fragile,0.0,0.22540193996820884,0.1302839606200237,0.09511797934818514,0.09511797934818511,0.03356269634236984,0.0036202444085644543,0.003413783735987044,0.004687171716931688,0.004095180970515584,0.96,1.0,0.9709240435607637
improved_hrp_calm_confirmed_fragile_leadership,stressed_panic,0.0,0.6074866117845015,0.5105683599471321,0.09691825183736921,0.09691825183736918,0.011737525477064142,0.04982148049305882,0.045315891929203864,0.07419598675584949,0.04898885541078855,0.43200000000000005,0.9983410277515016,0.43200000000000005
improved_hrp_calm_confirmed_leadership,calm_trend,0.0,0.06487520480032563,0.034046514908594075,0.03082868989173156,0.03082868989173148,0.0006662062748173641,7.386835619137e-05,7.386835619137e-05,7.49962141112623e-05,7.49962141112623e-05,1.0,0.9993346204812231,0.9993346204812231
improved_hrp_calm_confirmed_leadership,neutral_mixed,0.0,0.3921022671123571,0.33933692208696536,0.05276534502539168,0.05276534502539166,0.005172380584708798,0.015984552215342392,0.015790136052754446,0.021485497799377716,0.018748201422444214,0.8126497499263994,1.0,0.8126497499263994
improved_hrp_calm_confirmed_leadership,neutral_mixed,1.0,0.21283330020382163,0.15319143851382655,0.05964186168999507,0.05964186168999501,0.0013207861049352018,0.003467161252756231,0.0034580875806927715,0.004787638433011956,0.0040882181250166995,0.9421052631578947,0.9997932473583122,0.9575674331942091
improved_hrp_calm_confirmed_leadership,recovery_confirmed,0.0,0.12301287296298759,0.0653990642527167,0.057613808710270886,0.057613808710270796,0.0,0.006677333361665163,0.006677333361665163,0.009813557072507778,0.008456709773684746,0.92,1.0,0.9395334017413659
improved_hrp_calm_confirmed_leadership,recovery_fragile,0.0,0.2261821232501966,0.13039147868405424,0.09579064456614239,0.09579064456614236,0.03123563057128641,0.003400914491366684,0.0032145156734738403,0.0049571162304058655,0.0043208482237930895,0.96,1.0,0.9707468924737961
improved_hrp_calm_confirmed_leadership,stressed_panic,0.0,0.6078162662338489,0.510571376116455,0.09724489011739386,0.09724489011739383,0.011729121662342535,0.04965298399290911,0.04515111731935785,0.07436448325599919,0.04908222714258577,0.43200000000000005,0.9983410277515016,0.43200000000000005
improved_hrp_confirmed_leadership,calm_trend,0.0,0.06705462285585809,0.033990733379920916,0.03306388947593718,0.0330638894759371,0.0006662064974056705,6.362559742490801e-05,6.362559742490801e-05,6.830386717439403e-05,6.830386717439403e-05,1.0,0.9994103152718667,0.9994103152718667
improved_hrp_confirmed_leadership,neutral_mixed,0.0,0.39252169560716205,0.3393127768490679,0.0532089187580942,0.05320891875809416,0.005172237228897642,0.015939756593466595,0.01574534030551061,0.021530293421253517,0.01876464060656889,0.8126497499263994,1.0,0.8126497499263994
improved_hrp_confirmed_leadership,neutral_mixed,1.0,0.21379829960067698,0.1531922701367157,0.06060602946396127,0.060606029463961195,0.0013207872371696831,0.0034441683758857887,0.0034350947007906955,0.004803536516419832,0.00409708722218951,0.9421052631578947,0.9998504002485209,0.9576039029220079
improved_hrp_confirmed_leadership,recovery_confirmed,0.0,0.12301388741873431,0.06539917040861559,0.05761471701011873,0.057614717010118645,0.0,0.006677333361665163,0.006677333361665163,0.009813557072507778,0.008456709773684746,0.92,1.0,0.9395334017413659
improved_hrp_confirmed_leadership,recovery_fragile,0.0,0.22652069672592437,0.13039452456131448,0.09612617216460989,0.09612617216460985,0.03123570879610435,0.0033972003132850762,0.0032108012168972164,0.004961687526506309,0.004322514090848971,0.96,1.0,0.9707438925607301
improved_hrp_confirmed_leadership,stressed_panic,0.0,0.60823824677316,0.5105281039159252,0.0977101428572349,0.09771014285723485,0.011730141003966825,0.04953836650973319,0.045036288559497956,0.07447910073917512,0.04908994502719133,0.43200000000000005,0.9984160703994582,0.43200000000000005
improved_hrp_continuous_overlay_careful,calm_trend,0.0,0.06928749934160137,0.03638858806024096,0.032898911281360424,0.032898911281360334,0.0006718502006116351,6.362559742490871e-05,6.362559742490871e-05,6.830386717439489e-05,6.830386717439489e-05,1.0,0.9994103152718667,0.9994103152718667
improved_hrp_continuous_overlay_careful,neutral_mixed,0.0,0.3647816432645174,0.30934459596028396,0.05543704730423345,0.05543704730423341,0.005348439208806013,0.010919217891940886,0.010792702093799735,0.014795067822344823,0.012926380761724376,0.8714285714285716,1.0,0.8714285714285716
improved_hrp_continuous_overlay_careful,neutral_mixed,1.0,0.22201651062988406,0.16221355436372503,0.05980295626615904,0.05980295626615895,0.0013990006698607798,0.00523530695068588,0.005221278683330755,0.0061591347850527885,0.005271259710706059,0.9414285714285715,0.9998504002485209,0.9414285714285715
improved_hrp_continuous_overlay_careful,recovery_confirmed,0.0,0.12795368523710893,0.07113636363636364,0.05681732160074529,0.0568173216007452,0.0,0.009070909606015719,0.009070909606015719,0.012747272212166073,0.01117502248646083,0.92,1.0,0.92
improved_hrp_continuous_overlay_careful,recovery_fragile,0.0,0.2190225219206432,0.12326530612244896,0.09575721579819423,0.09575721579819416,0.03265171857636568,0.005282845890342806,0.004980272320220717,0.006145725538228625,0.005389710090015276,0.96,1.0,0.96
improved_hrp_continuous_overlay_careful,stressed_panic,0.0,0.6028139766798968,0.5045320453454741,0.09828193133442262,0.09828193133442258,0.011726340836177327,0.049499163112519264,0.044999288697691854,0.07451830413638902,0.04916217762039774,0.43200000000000005,0.9984160703994582,0.43200000000000005
improved_hrp_cta_vol_managed_local,calm_trend,0.0,0.07141611263321732,0.035864406779661025,0.03555170585355629,0.035551705853556215,0.0005932925927500632,2.822600910063957e-19,2.822600910063957e-19,5.645201820127914e-19,5.174768335117255e-19,1.0,1.0,1.0
improved_hrp_cta_vol_managed_local,neutral_mixed,0.0,0.40066602829040204,0.34108020005888046,0.05958582823152167,0.059585828231521656,0.006224027164246371,0.012635641801984872,0.012425777527621043,0.024834408212735238,0.021739171872872724,0.8126497499263994,1.0,0.8126497499263994
improved_hrp_cta_vol_managed_local,neutral_mixed,1.0,0.23016851451009437,0.16436860068259387,0.06579991382750051,0.06579991382750047,0.0011987315259061409,0.00404941305117709,0.004036703639016662,0.0072133855836352045,0.006245745651479635,0.9421052631578947,1.0,0.9421052631578947
improved_hrp_cta_vol_managed_local,recovery_confirmed,0.0,0.13848909939873577,0.07954545454545449,0.05894364485328129,0.058943644853281206,0.0,0.007979236681259492,0.007979236681259492,0.013838945136922291,0.012085324926358705,0.92,1.0,0.92
improved_hrp_cta_vol_managed_local,recovery_fragile,0.0,0.24377507463593306,0.1379591836734694,0.10581589096246363,0.10581589096246365,0.029691094465875312,0.003934348124627537,0.0036662253622796828,0.007494223303943895,0.006573851492158943,0.96,1.0,0.96
improved_hrp_cta_vol_managed_local,stressed_panic,0.0,0.6210067457560826,0.5109170305676856,0.11008971518839711,0.1100897151883971,0.014721482853299552,0.040156993543943795,0.034364649298842025,0.08386047370496448,0.05568026873011174,0.43200000000000005,1.0,0.43200000000000005
improved_hrp_fragile_expression,calm_trend,0.0,0.07753112874690601,0.04502967488738687,0.032501453859519136,0.03250145385951906,0.0006422847137865405,0.0005697859736000214,0.0005697859736000214,0.0007112539466978865,0.000682828685400775,0.9945607941752865,0.9994103152718667,0.9942741397501837
improved_hrp_fragile_expression,neutral_mixed,0.0,0.3977031567381026,0.3449436130346235,0.05275954370347915,0.05275954370347911,0.005215489229345547,0.015868233810205717,0.015671431457541705,0.021601816204514387,0.018843001050785634,0.8126497499263994,1.0,0.8126497499263994
improved_hrp_fragile_expression,neutral_mixed,1.0,0.245676061944246,0.1876919841883057,0.057984077755940305,0.05798407775594023,0.001351464261881445,0.008652712067433566,0.008628761367071155,0.010147722013912203,0.008676138009362523,0.9035087719298246,0.9998504002485209,0.9033591721783454
improved_hrp_fragile_expression,recovery_confirmed,0.0,0.14322731749458398,0.0877272727272727,0.0555000447673113,0.055500044767311206,0.0,0.009070909606015719,0.009070909606015719,0.012747272212166073,0.01117502248646083,0.92,1.0,0.92
improved_hrp_fragile_expression,recovery_fragile,0.0,0.2352457519294314,0.14122448979591834,0.09402126213351304,0.09402126213351297,0.03211152375437597,0.005282845890342806,0.004980272320220717,0.006145725538228627,0.005389710090015279,0.96,1.0,0.96
improved_hrp_fragile_expression,stressed_panic,0.0,0.6099571081545655,0.5126543160878323,0.09730279206673327,0.09730279206673326,0.011726340836177327,0.049499163112519264,0.044999288697691854,0.07451830413638902,0.04916217762039774,0.43200000000000005,0.9984160703994582,0.43200000000000005
improved_hrp_fragile_participation,calm_trend,0.0,0.08284203738993602,0.05062289522636993,0.032219142163566104,0.03221914216356603,0.000611307514849851,0.0005697859736000214,0.0005697859736000214,0.0007112539466978865,0.000682828685400775,0.9945607941752865,0.9994103152718667,0.9942741397501837
improved_hrp_fragile_participation,neutral_mixed,0.0,0.4022975304311587,0.3497936130346235,0.05250391739653522,0.05250391739653519,0.005223022449145385,0.015871273686733113,0.015673832182902293,0.021598776327986995,0.018839286291842887,0.8126497499263994,1.0,0.8126497499263994
improved_hrp_fragile_participation,neutral_mixed,1.0,0.27256517762756377,0.21656570432482453,0.05599947330273921,0.055999473302739154,0.0013459305553620107,0.01296905237543319,0.012932847654116043,0.015217047234922832,0.01299933810382604,0.8552631578947368,0.9998504002485209,0.8551135581432576
improved_hrp_fragile_participation,recovery_confirmed,0.0,0.1551112437015221,0.09909090909090908,0.05602033461061304,0.05602033461061296,0.0,0.009035307009516129,0.009035307009516129,0.012782874808665672,0.01114791921934569,0.92,1.0,0.92
improved_hrp_fragile_participation,recovery_fragile,0.0,0.2438281306985264,0.15102040816326529,0.09280772253526114,0.09280772253526107,0.03217695665945669,0.006624159384012398,0.006240996336789081,0.007661554901701886,0.006729713061790639,0.95,1.0,0.9500000000000001
improved_hrp_fragile_participation,stressed_panic,0.0,0.6115251702312483,0.5145320453454741,0.09699312488577418,0.09699312488577415,0.01172747842518406,0.04950422738547888,0.045003863353635355,0.07451323986342939,0.04916959464888029,0.43200000000000005,0.9984160703994582,0.43200000000000005
improved_hrp_good_state_combo_plus,calm_trend,0.0,0.061474799905663485,0.031601116754789056,0.029873683150874422,0.02987368315087434,0.0007155885811664434,7.654428199066415e-05,7.654428199066415e-05,7.35893585735967e-05,7.35893585735967e-05,1.0,0.9993289481217202,0.9993289481217202
improved_hrp_good_state_combo_plus,neutral_mixed,0.0,0.3749801008011581,0.3213516471787128,0.05362845362244533,0.053628453622445296,0.005342530645305199,0.013614178478781753,0.013445547673591511,0.018305871535938364,0.01599650182861092,0.8403997499263994,1.0,0.8403997499263994
improved_hrp_good_state_combo_plus,neutral_mixed,1.0,0.20018229503248205,0.14010924916271014,0.06007304586977193,0.060073045869771836,0.001427474021054789,0.0017672636948517883,0.0017623625169955952,0.0020279922937969457,0.0017366534386429524,0.9807017543859649,0.9997892981636126,0.9804910525495776
improved_hrp_good_state_combo_plus,recovery_confirmed,0.0,0.12485382729129989,0.06795454545454543,0.05689928183675444,0.05689928183675435,0.0,0.009070909606015719,0.009070909606015719,0.012747272212166073,0.01117502248646083,0.92,1.0,0.92
improved_hrp_good_state_combo_plus,recovery_fragile,0.0,0.2220383832349415,0.12734693877551023,0.09469144445943124,0.09469144445943117,0.03331395626411121,0.005434888116407876,0.0051213708779068385,0.005993683312163556,0.005265595839654417,0.96,1.0,0.96
improved_hrp_good_state_combo_plus,stressed_panic,0.0,0.6031154551584307,0.5057143181132442,0.09740113704518659,0.09740113704518656,0.01176911299477212,0.04955180278456818,0.04507044729065385,0.0739416469970912,0.048848913571255904,0.43440000000000006,0.9982789811430434,0.43440000000000006
improved_hrp_good_state_fragile_combo,calm_trend,0.0,0.06903429719848087,0.03611195910303067,0.03292233809545019,0.032922338095450115,0.0006708307010659423,6.362559742490871e-05,6.362559742490871e-05,6.830386717439489e-05,6.830386717439489e-05,1.0,0.9994103152718667,0.9994103152718667
improved_hrp_good_state_fragile_combo,neutral_mixed,0.0,0.3942258038659048,0.34127479601916444,0.05295100784674037,0.05295100784674033,0.005215489229345547,0.015868233810205717,0.015671431457541702,0.021601816204514384,0.018843001050785634,0.8126497499263994,1.0,0.8126497499263994
improved_hrp_good_state_fragile_combo,neutral_mixed,1.0,0.22421067366943845,0.1643977037059192,0.05981296996351926,0.0598129699635192,0.001361044542026409,0.005197123723440635,0.005182753303223189,0.006094777934696963,0.005210963285031286,0.9421052631578947,0.9998504002485209,0.9419556634064156
improved_hrp_good_state_fragile_combo,recovery_confirmed,0.0,0.1356779704665883,0.0795454545454545,0.056132515921133816,0.056132515921133684,0.0,0.009070909606015719,0.009070909606015719,0.012747272212166073,0.01117502248646083,0.92,1.0,0.92
improved_hrp_good_state_fragile_combo,recovery_fragile,0.0,0.2322956492070424,0.13795918367346938,0.09433646553357303,0.09433646553357296,0.03211152375437597,0.005282845890342806,0.004980272320220717,0.006145725538228625,0.005389710090015277,0.96,1.0,0.96
improved_hrp_good_state_fragile_combo,stressed_panic,0.0,0.6087592023009688,0.5112569361751684,0.09750226612580036,0.09750226612580032,0.011726340836177327,0.049499163112519264,0.044999288697691854,0.07451830413638902,0.04916217762039774,0.43200000000000005,0.9984160703994582,0.43200000000000005
improved_hrp_good_state_mix_rotation,calm_trend,0.0,0.06575331912586595,0.036177387941229745,0.029575931184636202,0.029575931184636122,0.0006863808839759764,7.654428199066415e-05,7.654428199066415e-05,7.35893585735967e-05,7.35893585735967e-05,1.0,0.9993289481217202,0.9993289481217202
improved_hrp_good_state_mix_rotation,neutral_mixed,0.0,0.393421860277141,0.34130164717871275,0.0521202130984283,0.05212021309842828,0.005254840240917431,0.015987152769469402,0.015788763586892643,0.021482897245250706,0.01877174622382647,0.8126497499263994,1.0,0.8126497499263994
improved_hrp_good_state_mix_rotation,neutral_mixed,1.0,0.22262230346185125,0.1644095904596385,0.05821271300221277,0.0582127130022127,0.001401549889472119,0.005261694938239554,0.005246991404670973,0.006042093473617379,0.00517367210532321,0.9421052631578947,0.9997892981636126,0.9418945613215074
improved_hrp_good_state_mix_rotation,recovery_confirmed,0.0,0.13553424473304676,0.07954545454545452,0.05598879018759226,0.05598879018759215,0.0,0.009070909606015719,0.009070909606015719,0.012747272212166073,0.01117502248646083,0.92,1.0,0.92
improved_hrp_good_state_mix_rotation,recovery_fragile,0.0,0.23144546449783193,0.13795918367346938,0.09348628082436256,0.0934862808243625,0.03292573764632676,0.005434888116407872,0.005121370877906834,0.005993683312163553,0.005265595839654413,0.96,1.0,0.9600000000000001
improved_hrp_good_state_mix_rotation,stressed_panic,0.0,0.6080198863115301,0.5113038377638992,0.09671604854763093,0.0967160485476309,0.011736590345039731,0.049738482028540275,0.04523484766888074,0.07427898522036802,0.04911387639033942,0.43200000000000005,0.9982789811430434,0.43200000000000005
improved_hrp_good_state_offense,calm_trend,0.0,0.06902656753668696,0.03611195910303067,0.03291460843365628,0.032914608433656206,0.000663101039272028,6.362559742490871e-05,6.362559742490871e-05,6.830386717439489e-05,6.830386717439489e-05,1.0,0.9994103152718667,0.9994103152718667
improved_hrp_good_state_offense,neutral_mixed,0.0,0.3955603459417684,0.3426747960191644,0.05288554992260404,0.05288554992260401,0.005163893941836085,0.01586299355719205,0.01566713511420629,0.021607056457528057,0.01884458536216867,0.8126497499263994,1.0,0.8126497499263994
improved_hrp_good_state_offense,neutral_mixed,1.0,0.22629108714959006,0.16658200404721613,0.05970908310237396,0.059709083102373904,0.0013108498262876824,0.005195630140315461,0.0051814253035871735,0.006096271517822138,0.005212304457642956,0.9421052631578947,0.9998504002485209,0.9419556634064156
improved_hrp_good_state_offense,recovery_confirmed,0.0,0.14010402413758488,0.08409090909090905,0.05601311504667583,0.056013115046675714,0.0,0.009070909606015719,0.009070909606015719,0.012747272212166073,0.01117502248646083,0.92,1.0,0.92
improved_hrp_good_state_offense,recovery_fragile,0.0,0.2530627423970258,0.16081632653061217,0.09224641586641359,0.09224641586641356,0.030784295735564488,0.010515692984685078,0.009922258738543663,0.012341449872457763,0.010797267428750625,0.92,1.0,0.92
improved_hrp_good_state_offense,stressed_panic,0.0,0.6093380840483821,0.5117809536424174,0.0975571304059647,0.09755713040596468,0.01172558315904203,0.04949114973857033,0.044991519148284004,0.07452631751033796,0.049150661110710515,0.43200000000000005,0.9984160703994582,0.43200000000000005
improved_hrp_good_state_stabilizer,calm_trend,0.0,0.06903429719848087,0.03611195910303067,0.03292233809545019,0.032922338095450115,0.0006708307010659423,6.362559742490871e-05,6.362559742490871e-05,6.830386717439489e-05,6.830386717439489e-05,1.0,0.9994103152718667,0.9994103152718667
improved_hrp_good_state_stabilizer,neutral_mixed,0.0,0.3942258038659048,0.34127479601916444,0.05295100784674037,0.05295100784674033,0.005215489229345547,0.015868233810205717,0.015671431457541702,0.021601816204514384,0.018843001050785634,0.8126497499263994,1.0,0.8126497499263994
improved_hrp_good_state_stabilizer,neutral_mixed,1.0,0.22421067366943845,0.1643977037059192,0.05981296996351926,0.0598129699635192,0.001361044542026409,0.005197123723440635,0.005182753303223189,0.006094777934696963,0.005210963285031286,0.9421052631578947,0.9998504002485209,0.9419556634064156
improved_hrp_good_state_stabilizer,recovery_confirmed,0.0,0.1356779704665883,0.0795454545454545,0.056132515921133816,0.056132515921133684,0.0,0.009070909606015719,0.009070909606015719,0.012747272212166073,0.01117502248646083,0.92,1.0,0.92
improved_hrp_good_state_stabilizer,recovery_fragile,0.0,0.2322956492070424,0.13795918367346938,0.09433646553357303,0.09433646553357296,0.03211152375437597,0.005282845890342806,0.004980272320220717,0.006145725538228625,0.005389710090015277,0.96,1.0,0.96
improved_hrp_good_state_stabilizer,stressed_panic,0.0,0.6087592023009688,0.5112569361751684,0.09750226612580036,0.09750226612580032,0.011726340836177327,0.049499163112519264,0.044999288697691854,0.07451830413638902,0.04916217762039774,0.43200000000000005,0.9984160703994582,0.43200000000000005
improved_hrp_good_state_strong_offense,calm_trend,0.0,0.06476594430935503,0.03153568791658999,0.033230256392765056,0.033230256392764966,0.000699376688345344,6.362559742490871e-05,6.362559742490871e-05,6.830386717439489e-05,6.830386717439489e-05,1.0,0.9994103152718667,0.9994103152718667
improved_hrp_good_state_strong_offense,neutral_mixed,0.0,0.3758005003030718,0.3213247960191644,0.05447570428390735,0.054475704283907314,0.005302700417224723,0.013512178973882977,0.013344896974118566,0.018407871040837142,0.016057563472630793,0.8403997499263994,1.0,0.8403997499263994
improved_hrp_good_state_strong_offense,neutral_mixed,1.0,0.20180712750419627,0.14009736240899084,0.06170976509520544,0.06170976509520538,0.0013864226916596347,0.0017415353794476888,0.0017367452393752068,0.00204183385548171,0.0017457885607000386,0.9807017543859649,0.9998504002485209,0.9805521546344858
improved_hrp_good_state_strong_offense,recovery_confirmed,0.0,0.12499766384763121,0.06795454545454545,0.057043118393085755,0.05704311839308567,0.0,0.009070909606015719,0.009070909606015719,0.012747272212166073,0.01117502248646083,0.92,1.0,0.92
improved_hrp_good_state_strong_offense,recovery_fragile,0.0,0.222888694486805,0.1273469387755102,0.09554175571129479,0.09554175571129474,0.032498757255835425,0.005282845890342807,0.004980272320220718,0.006145725538228627,0.005389710090015279,0.96,1.0,0.96
improved_hrp_good_state_strong_offense,stressed_panic,0.0,0.6038640291391958,0.5056674165245134,0.09819661261468232,0.0981966126146823,0.011758862019225332,0.049312966176176615,0.04483536917481784,0.07418048360548277,0.04889690454595829,0.43440000000000006,0.9984160703994582,0.43440000000000006
improved_hrp_good_state_transition_aware,calm_trend,0.0,0.06590420198089954,0.03275602689964084,0.03314817508125871,0.03314817508125863,0.0006922401915254937,6.362559742490871e-05,6.362559742490871e-05,6.830386717439489e-05,6.830386717439489e-05,1.0,0.9994103152718667,0.9994103152718667
improved_hrp_good_state_transition_aware,neutral_mixed,0.0,0.3916656573699189,0.3385747960191644,0.053090861350754456,0.05309086135075442,0.005215489229345547,0.015868233810205717,0.015671431457541702,0.021601816204514384,0.018843001050785634,0.8126497499263994,1.0,0.8126497499263994
improved_hrp_good_state_transition_aware,neutral_mixed,1.0,0.20858495421044715,0.14740111667520242,0.061183837535244714,0.06118383753524465,0.0013682297521351325,0.002605432465445925,0.0025982472553372016,0.003055069875285522,0.0026120822417828493,0.9710526315789474,0.9998504002485209,0.9709030318274682
improved_hrp_good_state_transition_aware,recovery_confirmed,0.0,0.13001596019559153,0.07340909090909087,0.056606869286500654,0.05660686928650054,0.0,0.009070909606015719,0.009070909606015719,0.012747272212166073,0.01117502248646083,0.92,1.0,0.92
improved_hrp_good_state_transition_aware,recovery_fragile,0.0,0.23008307216525065,0.13551020408163264,0.09457286808361803,0.09457286808361795,0.03211152375437597,0.005282845890342807,0.004980272320220718,0.006145725538228627,0.005389710090015279,0.96,1.0,0.96
improved_hrp_good_state_transition_aware,stressed_panic,0.0,0.6078607729107713,0.5102089012406706,0.09765187167010067,0.09765187167010063,0.011726340836177327,0.049499163112519264,0.044999288697691854,0.07451830413638902,0.04916217762039774,0.43200000000000005,0.9984160703994582,0.43200000000000005
improved_hrp_layer3_expression_relax,calm_trend,0.0,0.07399943556173189,0.04503852134076098,0.028960914220970916,0.028960914220970833,0.0006817184157120477,0.0006020133053258044,0.0006020133053258044,0.0006854944941993354,0.0006607025679842873,0.9945607941752865,0.9993814058116844,0.9942452302900012
improved_hrp_layer3_expression_relax,neutral_mixed,0.0,0.39745457931278105,0.34635315315648363,0.051101426156297404,0.05110142615629738,0.005243862491990762,0.016023634623138674,0.015824034332436593,0.02144641539158143,0.018774045447043277,0.8126497499263994,1.0,0.8126497499263994
improved_hrp_layer3_expression_relax,neutral_mixed,1.0,0.24304308202908462,0.18987688323213964,0.053166198796945,0.05316619879694493,0.0013480649683872783,0.008890474309979843,0.008865053132804387,0.0099105584739029,0.008567384843486283,0.9035087719298246,0.9998473227074097,0.9033560946372343
improved_hrp_layer3_expression_relax,recovery_confirmed,0.0,0.1467985846380385,0.0922727272727272,0.054525857365311285,0.05452585736531119,0.0,0.009070909606015719,0.009070909606015719,0.012747272212166073,0.01117502248646083,0.92,1.0,0.92
improved_hrp_layer3_expression_relax,recovery_fragile,0.0,0.25363268632611186,0.16408163265306117,0.08955105367305069,0.08955105367305065,0.031737776310274225,0.010751211735913618,0.010131949280335967,0.012105931121229227,0.01066812541786559,0.92,1.0,0.92
improved_hrp_layer3_expression_relax,stressed_panic,0.0,0.6087110644945024,0.5131949975233958,0.09551606697110657,0.09551606697110655,0.011725881516463293,0.04976878289222155,0.04527073764122799,0.07424868435668674,0.04923821159273705,0.43200000000000005,0.998352753574759,0.43200000000000005
improved_hrp_neutral_ease,calm_trend,0.0,0.07752372800689056,0.04502967488738688,0.03249405311950369,0.0324940531195036,0.0006348839737710908,0.0005697859736000214,0.0005697859736000214,0.0007112539466978865,0.000682828685400775,0.9945607941752865,0.9994103152718667,0.9942741397501837
improved_hrp_neutral_ease,neutral_mixed,0.0,0.39903725225116177,0.34634361303462347,0.05269363921653825,0.052693639216538225,0.005163893941836085,0.01586299355719205,0.015667135114206292,0.021607056457528057,0.018844585362168674,0.8126497499263994,1.0,0.8126497499263994
improved_hrp_neutral_ease,neutral_mixed,1.0,0.2477564842063814,0.18987628452960265,0.05788019967677877,0.057880199676778696,0.0013013799351354906,0.008650222762224942,0.008626548034344463,0.010150211319120828,0.008678373297048639,0.9035087719298246,0.9998504002485209,0.9033591721783454
improved_hrp_neutral_ease,recovery_confirmed,0.0,0.14765337116558055,0.09227272727272723,0.05538064389285333,0.055380643892853236,0.0,0.009070909606015719,0.009070909606015719,0.012747272212166073,0.01117502248646083,0.92,1.0,0.92
improved_hrp_neutral_ease,recovery_fragile,0.0,0.25601284511941474,0.16408163265306114,0.09193121246635362,0.09193121246635357,0.030784295735564488,0.010515692984685075,0.00992225873854366,0.012341449872457761,0.010797267428750623,0.92,1.0,0.92
improved_hrp_neutral_ease,stressed_panic,0.0,0.6105359899019788,0.5131783335550811,0.09735765634689764,0.09735765634689762,0.01172558315904203,0.04949114973857033,0.044991519148284004,0.07452631751033796,0.049150661110710515,0.43200000000000005,0.9984160703994582,0.43200000000000005
improved_hrp_neutral_ease_beta_diag,calm_trend,0.0,0.058914864559568285,0.04502967488738688,0.01877978771741464,0.0324940531195036,0.0006348839737710908,0.0005697859736000214,0.0005697859736000214,0.0007112539466978865,0.000682828685400775,0.9945607941752865,0.9994103152718667,0.9942741397501837
improved_hrp_neutral_ease_beta_diag,neutral_mixed,0.0,0.39903725225116177,0.34634361303462347,0.05269363921653825,0.052693639216538225,0.005163893941836085,0.01586299355719205,0.015667135114206292,0.021607056457528057,0.018844585362168674,0.8126497499263994,1.0,0.8126497499263994
improved_hrp_neutral_ease_beta_diag,neutral_mixed,1.0,0.22673616528756096,0.18987628452960265,0.043751059859595876,0.057880199676778696,0.0013013799351354906,0.008650222762224942,0.008626548034344463,0.010150211319120828,0.008678373297048639,0.9035087719298246,0.9998504002485209,0.9033591721783454
improved_hrp_neutral_ease_beta_diag,recovery_confirmed,0.0,0.14765337116558055,0.09227272727272723,0.05538064389285333,0.055380643892853236,0.0,0.009070909606015719,0.009070909606015719,0.012747272212166073,0.01117502248646083,0.92,1.0,0.92
improved_hrp_neutral_ease_beta_diag,recovery_fragile,0.0,0.22755872194169405,0.16408163265306114,0.06921617090804091,0.09193121246635357,0.030784295735564488,0.010515692984685075,0.00992225873854366,0.012341449872457761,0.010797267428750623,0.92,1.0,0.92
improved_hrp_neutral_ease_beta_diag,stressed_panic,0.0,0.6105359899019788,0.5131783335550811,0.09735765634689764,0.09735765634689762,0.01172558315904203,0.04949114973857033,0.044991519148284004,0.07452631751033796,0.049150661110710515,0.43200000000000005,0.9984160703994582,0.43200000000000005
improved_hrp_neutral_fragile_combo,calm_trend,0.0,0.07762766348868692,0.04502967488738687,0.03259798860130005,0.032597988601299976,0.000647266780429254,0.0005697859736000214,0.0005697859736000214,0.0007112539466978865,0.000682828685400775,0.9945607941752865,0.9994103152718667,0.9942741397501837
improved_hrp_neutral_fragile_combo,neutral_mixed,0.0,0.39803195522725465,0.34529361303462347,0.05273834219263119,0.052738342192631155,0.005223022449145385,0.015871273686733113,0.015673832182902293,0.021598776327986995,0.018839286291842887,0.8126497499263994,1.0,0.8126497499263994
improved_hrp_neutral_fragile_combo,neutral_mixed,1.0,0.246532654707784,0.18823805927362997,0.05829459543415404,0.058294595434153974,0.0013579987958010594,0.008650615319439192,0.008626478838561095,0.01014981876190658,0.008670625802062161,0.9035087719298246,0.9998504002485209,0.9033591721783454
improved_hrp_neutral_fragile_combo,recovery_confirmed,0.0,0.14568918863466934,0.08886363636363634,0.05682555227103301,0.05682555227103293,0.0,0.009035307009516129,0.009035307009516129,0.012782874808665672,0.01114791921934569,0.92,1.0,0.92
improved_hrp_neutral_fragile_combo,recovery_fragile,0.0,0.24014493843920115,0.14693877551020407,0.09320616292899708,0.093206162928997,0.03217695665945669,0.006624159384012398,0.006240996336789081,0.007661554901701886,0.006729713061790639,0.95,1.0,0.9500000000000001
improved_hrp_neutral_fragile_combo,stressed_panic,0.0,0.6100278408160899,0.5127853204546444,0.09724252036144544,0.09724252036144541,0.01172747842518406,0.04950422738547888,0.045003863353635355,0.07451323986342942,0.04916959464888029,0.43200000000000005,0.9984160703994582,0.43200000000000005
improved_hrp_non_self_gated_relief_flat,calm_trend,0.0,0.06670506070016789,0.03364701925955373,0.033058041440614146,0.03305804144061407,0.0006837911317827989,6.362559742490801e-05,6.362559742490801e-05,6.830386717439403e-05,6.830386717439403e-05,1.0,0.9994103152718667,0.9994103152718667
improved_hrp_non_self_gated_relief_flat,neutral_mixed,0.0,0.39184153433148866,0.33874708236286666,0.053094451968621996,0.05309445196862197,0.005224690722674368,0.0158734495423865,0.01567682517309588,0.02159660047233361,0.018838530874442684,0.8126497499263994,1.0,0.8126497499263994
improved_hrp_non_self_gated_relief_flat,neutral_mixed,1.0,0.2117222881418811,0.15099990332455532,0.06072238481732578,0.060722384817325725,0.001374310413631528,0.0033898087410445398,0.0033804955647443015,0.004061260871294257,0.003472450917637474,0.9421052631578947,0.9998504002485209,0.9616988877821883
improved_hrp_non_self_gated_relief_flat,recovery_confirmed,0.0,0.12425993323463956,0.06781264988841801,0.05644728334622155,0.05644728334622142,0.0,0.0058960912439102175,0.0058960912439102175,0.012747272212166084,0.011175022486460838,0.92,1.0,0.9316410006610537
improved_hrp_non_self_gated_relief_flat,recovery_fragile,0.0,0.2220178122817719,0.12646137250476183,0.09555643977701009,0.09555643977701005,0.032416769786217846,0.0034343000232245594,0.003237712230450687,0.003072516465651454,0.002694574067578847,0.96,1.0,0.9772261422889341
improved_hrp_non_self_gated_relief_flat,stressed_panic,0.0,0.6079364920155775,0.5103204228304029,0.09761606918517461,0.0976160691851746,0.011726112463218481,0.04949609446249529,0.04499633061569078,0.074521372786413,0.04916450817030173,0.43200000000000005,0.9984160703994582,0.43200000000000005
improved_hrp_non_self_gated_relief_narrow,calm_trend,0.0,0.06713684722776868,0.03413669560216958,0.03300015162559909,0.03300015162559901,0.0006878613684397117,6.362559742490801e-05,6.362559742490801e-05,6.830386717439403e-05,6.830386717439403e-05,1.0,0.9994103152718667,0.9994103152718667
improved_hrp_non_self_gated_relief_narrow,neutral_mixed,0.0,0.3923196901766769,0.3393453570550509,0.05297433312162597,0.05297433312162592,0.005228600270102285,0.01589782090707642,0.01570083582538143,0.021572229107643687,0.0188179464229451,0.8126497499263994,1.0,0.8126497499263994
improved_hrp_non_self_gated_relief_narrow,neutral_mixed,1.0,0.21401665070285353,0.15381947910365515,0.06019717159919838,0.06019717159919831,0.0013787005128784446,0.0033984800013919865,0.0033891113888191676,0.004859768361950664,0.004155565983711785,0.9421052631578947,0.9998504002485209,0.9575497057814142
improved_hrp_non_self_gated_relief_narrow,recovery_confirmed,0.0,0.12573574745686178,0.06949105726314854,0.05624469019371321,0.056244690193713115,0.0,0.0058960912439102175,0.0058960912439102175,0.012747272212166084,0.011175022486460838,0.92,1.0,0.9316410006610537
improved_hrp_non_self_gated_relief_narrow,recovery_fragile,0.0,0.2253718141382707,0.13038553912866105,0.09498627500960967,0.0949862750096096,0.032441932294401996,0.0034369925932361874,0.0032402337213281248,0.0049127124127203246,0.004308418207078113,0.96,1.0,0.9707760324791523
improved_hrp_non_self_gated_relief_narrow,stressed_panic,0.0,0.6079976608345271,0.5105278312290559,0.09746982960547124,0.09746982960547122,0.011728457652423335,0.049555067483622366,0.04505424899931906,0.07446239976528593,0.04912621595744276,0.43200000000000005,0.9984160703994582,0.43200000000000005
improved_hrp_non_self_gated_relief_narrow_plus_confirmed,calm_trend,0.0,0.06703076282047372,0.03400950394886509,0.03302125887160864,0.03302125887160855,0.0006878613684397117,6.362559742490801e-05,6.362559742490801e-05,6.830386717439403e-05,6.830386717439403e-05,1.0,0.9994103152718667,0.9994103152718667
improved_hrp_non_self_gated_relief_narrow_plus_confirmed,neutral_mixed,0.0,0.3923065575791428,0.33932143905021045,0.05298511852893235,0.05298511852893231,0.005228536174910972,0.015894854380701335,0.015697869547106415,0.021575195634018773,0.018820512758039344,0.8126497499263994,1.0,0.8126497499263994
improved_hrp_non_self_gated_relief_narrow_plus_confirmed,neutral_mixed,1.0,0.2135779044610974,0.15328872425075155,0.06028918021034584,0.060289180210345766,0.0013787005128784446,0.0033956867195336932,0.0033863181069608743,0.004863206247314718,0.004158515161195105,0.9421052631578947,0.9998504002485209,0.9575463922932179
improved_hrp_non_self_gated_relief_narrow_plus_confirmed,recovery_confirmed,0.0,0.12254905396063047,0.065884634422437,0.05666441953819346,0.05666441953819337,0.0,0.0058960912439102175,0.0058960912439102175,0.01083518138034117,0.009498769113491711,0.92,1.0,0.9386520003777449
improved_hrp_non_self_gated_relief_narrow_plus_confirmed,recovery_fragile,0.0,0.22538801394490326,0.13038663428052474,0.09500137966437848,0.09500137966437841,0.03244192824378856,0.003436696180631322,0.003239937308723259,0.004913077228234005,0.004308736946176949,0.96,1.0,0.9707757930689714
improved_hrp_non_self_gated_relief_narrow_plus_confirmed,stressed_panic,0.0,0.6079982870591416,0.510527840471167,0.09747044658797464,0.09747044658797463,0.011728363476827644,0.049554716603232685,0.04505394328067135,0.0744627506456756,0.04912645155712516,0.43200000000000005,0.9984160703994582,0.43200000000000005
improved_hrp_overlay_cash_wider_cap,calm_trend,0.0,0.06677298555816638,0.03371562510402152,0.03305736045414486,0.033057360454144785,0.0006867690274536679,6.362559742490801e-05,6.362559742490801e-05,6.830386717439403e-05,6.830386717439403e-05,1.0,0.9994103152718667,0.9994103152718667
improved_hrp_overlay_cash_wider_cap,neutral_mixed,0.0,0.39207872393311144,0.3390366697217781,0.05304205421133327,0.053042054211333234,0.005227315646335729,0.015882699374129356,0.015685811866654183,0.021587350640590756,0.018830737843288498,0.8126497499263994,1.0,0.8126497499263994
improved_hrp_overlay_cash_wider_cap,neutral_mixed,1.0,0.2123119743999223,0.15171956004339268,0.06059241435652961,0.06059241435652955,0.0013775225009368796,0.0033908264340144333,0.0033814726990317296,0.004383805505053524,0.00374833110677737,0.9421052631578947,0.9998504002485209,0.9600356638921594
improved_hrp_overlay_cash_wider_cap,recovery_confirmed,0.0,0.12189419299027357,0.06513078794806743,0.05676340504220614,0.05676340504220605,0.0,0.0058960912439102175,0.0058960912439102175,0.01083518138034117,0.009498769113491711,0.92,1.0,0.9386520003777449
improved_hrp_overlay_cash_wider_cap,recovery_fragile,0.0,0.22443406216458497,0.12924477539069307,0.09518928677389192,0.09518928677389187,0.03243514415042091,0.003435383931407924,0.0032386710375528413,0.004423223073781138,0.0038791189758120123,0.96,1.0,0.9724948754818383
improved_hrp_overlay_cash_wider_cap,stressed_panic,0.0,0.6079764601359626,0.5104278336818996,0.09754862645406316,0.09754862645406313,0.01172734915716328,0.049525280925525966,0.045024956027173706,0.07449218632338232,0.049145373122743106,0.43200000000000005,0.9984160703994582,0.43200000000000005
improved_hrp_overlay_cash_wider_cap_persistence_gated,calm_trend,0.0,0.06677296761686372,0.03371560716271885,0.03305736045414486,0.033057360454144785,0.0006867690274536679,6.362559742490801e-05,6.362559742490801e-05,6.830386717439403e-05,6.830386717439403e-05,1.0,0.9994103152718667,0.9994103152718667
improved_hrp_overlay_cash_wider_cap_persistence_gated,neutral_mixed,0.0,0.39211728999390244,0.33908584524901886,0.05303144474488362,0.05303144474488358,0.005227457792536416,0.01588424510432296,0.015687357245690804,0.021585804910397147,0.018829393667143264,0.8126497499263994,1.0,0.8126497499263994
improved_hrp_overlay_cash_wider_cap_persistence_gated,neutral_mixed,1.0,0.21239325631273226,0.15181007929262672,0.060583177020105544,0.06058317702010548,0.0013775225009368796,0.00339103784112162,0.0033816841061389165,0.004383571331027102,0.0037481061398991987,0.9421052631578947,0.9998504002485209,0.9600357809221127
improved_hrp_overlay_cash_wider_cap_persistence_gated,recovery_confirmed,0.0,0.1218940389201467,0.06513078794806743,0.056763250972079286,0.056763250972079196,0.0,0.0058960912439102175,0.0058960912439102175,0.01083518138034117,0.009498769113491711,0.92,1.0,0.9386520003777449
improved_hrp_overlay_cash_wider_cap_persistence_gated,recovery_fragile,0.0,0.22496343935610813,0.12985838020520435,0.09510505915090381,0.09510505915090373,0.032435150033115936,0.0034355573210268233,0.003238844427171741,0.004758681523536381,0.004172120285929044,0.96,1.0,0.9713201640440288
improved_hrp_overlay_cash_wider_cap_persistence_gated,stressed_panic,0.0,0.6079881482785627,0.5104472315540363,0.09754091672452642,0.09754091672452639,0.011727666624268853,0.04953010453879783,0.045029630682138534,0.07448736271011046,0.049142087827997255,0.43200000000000005,0.9984160703994582,0.43200000000000005
improved_hrp_phase1_combo_f_a_plus_e,calm_trend,0.0,0.06454605802907788,0.034042070972068926,0.030503987057008953,0.030503987057008887,0.0006745599661075261,7.148220361754836e-05,7.148220361754836e-05,7.211762577289309e-05,7.211762577289309e-05,1.0,0.9993581522777245,0.9993581522777245
improved_hrp_phase1_combo_f_a_plus_e,neutral_mixed,0.0,0.3912641215114286,0.339316389715792,0.051947731795636616,0.05194773179563658,0.005186565340290763,0.016101363685501854,0.015906032347670872,0.021368686329218255,0.0186699727646378,0.8126497499263994,1.0,0.8126497499263994
improved_hrp_phase1_combo_f_a_plus_e,neutral_mixed,1.0,0.2100590196262999,0.15314334552978215,0.05691567409651773,0.05691567409651764,0.0013451295646347975,0.0035629570792570816,0.0035537696306379937,0.004672776818755923,0.00401171609859797,0.9421052631578947,0.999779575253456,0.957665438033021
improved_hrp_phase1_combo_f_a_plus_e,recovery_confirmed,0.0,0.12359719117261098,0.06558882396677844,0.05800836720583254,0.058008367205832446,0.0,0.0064052784681073085,0.0064052784681073085,0.010169321164083433,0.008788419479963408,0.92,1.0,0.9392264680153007
improved_hrp_phase1_combo_f_a_plus_e,recovery_fragile,0.0,0.22355989466366966,0.1303250588097298,0.09323483585393985,0.0932348358539398,0.03172645032510496,0.0035261182747690265,0.003335492907941486,0.0048030192662183654,0.00420203970571943,0.96,1.0,0.9708480186065441
improved_hrp_phase1_combo_f_a_plus_e,stressed_panic,0.0,0.6064631698667292,0.510547720828848,0.0959154490378811,0.09591544903788109,0.011725499807023641,0.05013520548947117,0.045635983992853506,0.07388226175943713,0.048867928054434524,0.43200000000000005,0.9983739575924255,0.43200000000000005
improved_hrp_phase1_combo_g_a_e_d_restricted,calm_trend,0.0,0.0533421193186412,0.03403950386440902,0.019302615454232175,0.01930261545423211,0.00044088715249628854,4.927555999542629e-05,4.927555999542629e-05,5.811641211573034e-05,5.811641211573034e-05,1.0,0.999519990427685,0.999519990427685
improved_hrp_phase1_combo_g_a_e_d_restricted,neutral_mixed,0.0,0.38924866573213224,0.3392712870245373,0.049977378707594916,0.04997737870759488,0.005380331057830744,0.016394325849672247,0.016197299716394338,0.02107572416504786,0.01852110990008937,0.8126497499263994,1.0,0.8126497499263994
improved_hrp_phase1_combo_g_a_e_d_restricted,neutral_mixed,1.0,0.1945801630969754,0.15318771407198245,0.041392449024992964,0.04139244902499289,0.0011935678289865614,0.0035366406222687675,0.003529711954925677,0.00471664350105843,0.004237885256434195,0.9421052631578947,0.9997266395593881,0.957575223716932
improved_hrp_phase1_combo_g_a_e_d_restricted,recovery_confirmed,0.0,0.12083814911088607,0.0656872679315985,0.05515088117928755,0.05515088117928744,0.0,0.006283679084126962,0.006283679084126962,0.010328335743134654,0.009011819932052668,0.92,1.0,0.9390892789667075
improved_hrp_phase1_combo_g_a_e_d_restricted,recovery_fragile,0.0,0.20145813009172062,0.1302864009918595,0.0711717290998611,0.07117172909986104,0.027120048662758526,0.0036454296329626453,0.0034730914722477233,0.004656174517672376,0.004234820038270325,0.96,1.0,0.9709443854727775
improved_hrp_phase1_combo_g_a_e_d_restricted,stressed_panic,0.0,0.6031986709248088,0.5104558516018776,0.09274281932293121,0.09274281932293117,0.012001381609050893,0.050731881474861,0.04610192209903097,0.0732855857740473,0.04920179920516554,0.43200000000000005,0.9986846705595657,0.43200000000000005
improved_hrp_phase1_confidence_gated,calm_trend,0.0,0.06675852183229786,0.033695893365733816,0.03306262846656404,0.03306262846656396,0.0006869809102728473,6.362559742490801e-05,6.362559742490801e-05,6.830386717439403e-05,6.830386717439403e-05,1.0,0.9994103152718667,0.9994103152718667
improved_hrp_phase1_confidence_gated,neutral_mixed,0.0,0.3921003218841785,0.3390593387003292,0.05304098318384926,0.053040983183849234,0.005227532935488915,0.015882800541148413,0.0156858922738687,0.021587249473571695,0.018830580547389456,0.8126497499263994,1.0,0.8126497499263994
improved_hrp_phase1_confidence_gated,neutral_mixed,1.0,0.21221499996123347,0.15159218259434723,0.060622817366886246,0.06062281736688618,0.0013777680897835366,0.00339003588637801,0.0033806792655695648,0.004391217270407384,0.003756561588033422,0.9421052631578947,0.9998504002485209,0.9600016285098576
improved_hrp_phase1_confidence_gated,recovery_confirmed,0.0,0.1209800209554837,0.06409177267708442,0.056888248278399285,0.0568882482783992,0.0,0.0058960912439102175,0.0058960912439102175,0.01027779357404184,0.009011918952438951,0.92,1.0,0.9406957556675092
improved_hrp_phase1_confidence_gated,recovery_fragile,0.0,0.2246324537643434,0.12946821144474335,0.09516424231960006,0.09516424231960004,0.03243659188882786,0.0034354319119466927,0.0032387091575383437,0.004524767722920941,0.003969232871903412,0.96,1.0,0.9721393012779634
improved_hrp_phase1_confidence_gated,stressed_panic,0.0,0.607978250571583,0.5104278394385815,0.09755041113300147,0.09755041113300143,0.011727468792793962,0.04952572259191422,0.04502534213634743,0.07449174465699408,0.04914497030374518,0.43200000000000005,0.9984160703994582,0.43200000000000005
improved_hrp_phase1_continuous_confidence,calm_trend,0.0,0.06675640452392176,0.033692739547412,0.03306366497650976,0.03306366497650968,0.0006870474941689658,6.362559742490801e-05,6.362559742490801e-05,6.830386717439403e-05,6.830386717439403e-05,1.0,0.9994103152718667,0.9994103152718667
improved_hrp_phase1_continuous_confidence,neutral_mixed,0.0,0.3921022472800339,0.3390605869875995,0.053041660292434345,0.0530416602924343,0.0052276115962081645,0.01588269298769763,0.015685777402344656,0.02158735702702248,0.01883060288686157,0.8126497499263994,1.0,0.8126497499263994
improved_hrp_phase1_continuous_confidence,neutral_mixed,1.0,0.21215802437218223,0.15151300817602117,0.060645016196161056,0.060645016196160965,0.0013778518525486701,0.0033898060717781103,0.003380448544102737,0.004359627572898416,0.0037308536126538948,0.9421052631578947,0.9998504002485209,0.9601651919668382
improved_hrp_phase1_continuous_confidence,recovery_confirmed,0.0,0.12107993227299473,0.06419987503375721,0.05688005723923751,0.05688005723923742,0.0,0.0058960912439102175,0.0058960912439102175,0.010357769378350814,0.00908381991570923,0.92,1.0,0.9404025110517096
improved_hrp_phase1_continuous_confidence,recovery_fragile,0.0,0.22469536598111728,0.12953878889922246,0.09515657708189484,0.09515657708189479,0.03243709877862582,0.0034354500983167354,0.003238723882091886,0.004559004457485833,0.003999999116124949,0.96,1.0,0.9720194090546911
improved_hrp_phase1_continuous_confidence,stressed_panic,0.0,0.6079776758153506,0.510420316230448,0.09755735958490258,0.09755735958490257,0.011727502938841379,0.04952392848229217,0.04502353008094149,0.07449353876661613,0.049146037722883215,0.43200000000000005,0.9984160703994582,0.43200000000000005
improved_hrp_phase1_dynamic_risk_budget,calm_trend,0.0,0.06888496880705214,0.0339630976553183,0.03492187115173384,0.034921871151733765,0.0005977541654028466,6.092931456808486e-05,6.092931456808486e-05,6.630510095069105e-05,6.630510095069105e-05,1.0,0.9994313007185146,0.9994313007185146
improved_hrp_phase1_dynamic_risk_budget,neutral_mixed,0.0,0.3931176895261753,0.3393262357222974,0.05379145380387789,0.053791453803877856,0.005106804061444603,0.015793566613802018,0.015601140930777267,0.02167648340091809,0.01887370444047899,0.8126497499263994,1.0,0.8126497499263994
improved_hrp_phase1_dynamic_risk_budget,neutral_mixed,1.0,0.21689416170112263,0.15336246798081674,0.06353169372030588,0.06353169372030582,0.001234145900881768,0.00330100971500758,0.0032928683547765922,0.0049653821705929625,0.0042219090493809145,0.9421052631578947,0.9999166967779157,0.9575078452196323
improved_hrp_phase1_dynamic_risk_budget,recovery_confirmed,0.0,0.12784177933430232,0.06603037451702062,0.061811404817281715,0.06181140481728162,0.0,0.005725429326600301,0.005725429326600301,0.011058354656823362,0.009546699518462607,0.92,1.0,0.9384594587274466
improved_hrp_phase1_dynamic_risk_budget,recovery_fragile,0.0,0.2244738363601551,0.130442794772994,0.0940310415871611,0.09403104158716104,0.02986008932403451,0.003343042793599591,0.003168598764816705,0.005028342935349981,0.004401885882012657,0.96,1.0,0.9707001499486765
improved_hrp_phase1_dynamic_risk_budget,stressed_panic,0.0,0.6085165427431614,0.5105187294317929,0.0979978133113684,0.09799781331136839,0.011699970588457391,0.049618024944229656,0.0451299953690136,0.07439944230467864,0.04901312193988216,0.43200000000000005,0.9984641011136347,0.43200000000000005
improved_hrp_phase1_internal_redeploy,calm_trend,0.0,0.05322850846723611,0.03403754147608833,0.019190966991147782,0.019190966991147706,0.0004154319936894986,5.281859844211216e-05,5.281859844211216e-05,6.0482864487705835e-05,6.0482864487705835e-05,1.0,0.9994935767944803,0.9994935767944803
improved_hrp_phase1_internal_redeploy,neutral_mixed,0.0,0.38969464982964686,0.33929983080238957,0.05039481902725736,0.05039481902725734,0.005711709832566542,0.016433991115213632,0.016220005653735176,0.02103605889950648,0.01847729225149706,0.8126497499263994,1.0,0.8126497499263994
improved_hrp_phase1_internal_redeploy,neutral_mixed,1.0,0.1940925604904712,0.15332582952083865,0.04076673096963256,0.04076673096963249,0.0011918525597870006,0.0033802559401045497,0.00337365476748348,0.004897563228150609,0.00442291576455818,0.9421052631578947,0.999779268577228,0.9574491049772147
improved_hrp_phase1_internal_redeploy,recovery_confirmed,0.0,0.1087256789588297,0.06598059840294083,0.042745080555888874,0.0427450805558888,0.0,0.00578723525121182,0.00578723525121182,0.010977531524639069,0.009971017226932853,0.92,1.0,0.9385291884885468
improved_hrp_phase1_internal_redeploy,recovery_fragile,0.0,0.19884277343198695,0.13033866936997957,0.0685041040620074,0.06850410406200734,0.026958643534178633,0.003579401054843162,0.003405618560422719,0.004737440459973281,0.004345549180846591,0.96,0.9994413360122457,0.9708910546981426
improved_hrp_phase1_internal_redeploy,stressed_panic,0.0,0.6040497434414966,0.5104807323342911,0.09356901110720546,0.09356901110720545,0.012070318325480738,0.05043085342593243,0.04576675304947881,0.07358661382297585,0.049403134211432574,0.43200000000000005,0.9985506772770496,0.43200000000000005
improved_hrp_phase1_leadership,calm_trend,0.0,0.06470531926678146,0.0340772512107919,0.030628068055989558,0.03062806805598947,0.0007330657624788681,7.321009870229296e-05,7.321009870229296e-05,7.45099298882757e-05,7.45099298882757e-05,1.0,0.9993397362358452,0.9993397362358452
improved_hrp_phase1_leadership,neutral_mixed,0.0,0.3912009341283692,0.33931566185763357,0.051885272270735666,0.05188527227073564,0.005273578895949114,0.01614747420895039,0.015948955678135316,0.021322575805769718,0.018631894902415524,0.8126497499263994,1.0,0.8126497499263994
improved_hrp_phase1_leadership,neutral_mixed,1.0,0.2091883488579883,0.15310259529117956,0.05608575356680873,0.056085753566808644,0.0014360143537807976,0.00362140576401188,0.0036114214714870053,0.004610727453634048,0.003964871357748171,0.9421052631578947,0.9997341835650506,0.9576839467935043
improved_hrp_phase1_leadership,recovery_confirmed,0.0,0.12221187796508745,0.065466993039237,0.05674488492585044,0.05674488492585035,0.0,0.006504027982880737,0.006504027982880737,0.010040187183225873,0.008678250819878148,0.92,1.0,0.9393378777242757
improved_hrp_phase1_leadership,recovery_fragile,0.0,0.2249209589055769,0.13029498336169354,0.09462597554388336,0.0946259755438833,0.03337678266611779,0.0035799480626313336,0.003375096842904165,0.004736767219618604,0.004140486038029794,0.96,1.0,0.9708914965121254
improved_hrp_phase1_leadership,stressed_panic,0.0,0.6064606262110616,0.5105566417140933,0.09590398449696827,0.09590398449696824,0.011742799127267362,0.05005412431926742,0.045546525770605445,0.07396334292964087,0.04890339166678931,0.43200000000000005,0.9983442755327006,0.43200000000000005
improved_hrp_recovery_concentrated,calm_trend,0.0,0.0812262256703533,0.05047783190869484,0.030748393761658464,0.03074839376165839,0.0006245111765843708,0.0005013323763578905,0.0005013323763578905,0.0007502670850352827,0.0007229524444074842,0.9945607941752865,0.9995419052018196,0.9944057296801366
improved_hrp_recovery_concentrated,neutral_mixed,0.0,0.4027933047702988,0.35080018835773896,0.0519931164125598,0.05199311641255977,0.005134534283852124,0.015759037268702036,0.015562485703290723,0.021711012746018072,0.01888523112106047,0.8126497499263994,1.0,0.8126497499263994
improved_hrp_recovery_concentrated,neutral_mixed,1.0,0.27093749722451554,0.21817482655747192,0.052762670667043626,0.05276267066704356,0.0013188881081210022,0.012803642389470168,0.012766655680557824,0.015353354197560553,0.013290299458467745,0.8552631578947368,1.0,0.8552631578947368
improved_hrp_recovery_concentrated,recovery_confirmed,0.0,0.1570432701539379,0.1025,0.054543270153937895,0.05454327015393779,0.0,0.008827814959660283,0.008827814959660283,0.012990366858521533,0.0113285857320394,0.92,1.0,0.92
improved_hrp_recovery_concentrated,recovery_fragile,0.0,0.26010621613767687,0.16816326530612238,0.09194295083155452,0.09194295083155446,0.031120887738597686,0.009789505942188062,0.00918598977448163,0.013067636914954776,0.011532372527383289,0.92,1.0,0.92
improved_hrp_recovery_concentrated,stressed_panic,0.0,0.6134887205756284,0.5148492074819204,0.09863951309370786,0.09863951309370785,0.01193530640985721,0.048603948542022705,0.04402517733108132,0.07541351870688558,0.04958440839125817,0.43200000000000005,0.9974327673501254,0.43200000000000005
improved_hrp_recovery_split,calm_trend,0.0,0.0824281308046028,0.05028391217552247,0.03214421862908033,0.03214421862908026,0.0005996126418949192,0.0005697859736000214,0.0005697859736000214,0.0007112539466978865,0.000682828685400775,0.9945607941752865,0.9994103152718667,0.9942741397501837
improved_hrp_recovery_split,neutral_mixed,0.0,0.4038365048728255,0.35144361303462346,0.052392891838202005,0.05239289183820197,0.005148952941616322,0.01586299355719205,0.015667135114206292,0.021607056457528057,0.01884458536216867,0.8126497499263994,1.0,0.8126497499263994
improved_hrp_recovery_split,neutral_mixed,1.0,0.273421156336123,0.21779437326680406,0.055626783069318966,0.05562678306931892,0.0012749303886994158,0.012968463539611817,0.012932951447791097,0.015217636070744209,0.013010959346305761,0.8552631578947368,0.9998504002485209,0.8551135581432576
improved_hrp_recovery_split,recovery_confirmed,0.0,0.1498657365780142,0.09477272727272731,0.055093009305286884,0.05509300930528682,0.0,0.006803182204511805,0.006803182204511805,0.009560454159124578,0.008381266864845641,0.94,1.0,0.94
improved_hrp_recovery_split,recovery_fragile,0.0,0.2698748571854121,0.1795918367346938,0.09028302045071827,0.09028302045071823,0.030339220050958425,0.013144616230856344,0.012402823423179575,0.015426812340572206,0.01349658428593828,0.9,1.0,0.9000000000000001
improved_hrp_recovery_split,stressed_panic,0.0,0.6122796262752345,0.5151870671795353,0.09709255909569918,0.09709255909569917,0.01172558315904203,0.04949114973857033,0.044991519148284004,0.07452631751033796,0.049150661110710515,0.43200000000000005,0.9984160703994582,0.43200000000000005
improved_hrp_recovery_split_confirmed_offense,calm_trend,0.0,0.07695712676718997,0.044823823509810325,0.03213330325737963,0.032133303257379564,0.0005996126418949192,6.362559742490871e-05,6.362559742490871e-05,6.830386717439489e-05,6.830386717439489e-05,1.0,0.9994103152718667,0.9994103152718667
improved_hrp_recovery_split_confirmed_offense,neutral_mixed,0.0,0.4039680656860544,0.3517747960191644,0.05219326966689,0.05219326966688997,0.005132870479178269,0.015864093954273347,0.015668232072575946,0.021605956060446754,0.018850494637026316,0.8126497499263994,1.0,0.8126497499263994
improved_hrp_recovery_split_confirmed_offense,neutral_mixed,1.0,0.2687522532039579,0.21374923954209663,0.05500301366186129,0.05500301366186124,0.0012603182062035808,0.012981234612304689,0.01294572252048397,0.015204864998051331,0.01302435384453602,0.8552631578947368,0.9998504002485209,0.8551135581432577
improved_hrp_recovery_split_confirmed_offense,recovery_confirmed,0.0,0.12043069216474786,0.06704545454545453,0.053385237619293306,0.05338523761929325,0.0,0.0,0.0,0.0,0.0,1.0,1.0,1.0
improved_hrp_recovery_split_confirmed_offense,recovery_fragile,0.0,0.2798677275291619,0.19102040816326527,0.08884731936589663,0.08884731936589656,0.02989420050858331,0.01577648480484703,0.014886333435634905,0.018509229480867247,0.0161952809563116,0.88,1.0,0.88
improved_hrp_recovery_split_confirmed_offense,stressed_panic,0.0,0.6125136255677597,0.5154490759131598,0.09706454965459985,0.0970645496545998,0.011724229279739833,0.049491906066773776,0.044992979111619535,0.07452556118213452,0.0491514571670123,0.43200000000000005,0.9984160703994582,0.43200000000000005
improved_hrp_recovery_split_confirmed_offense_neutral_ease,calm_trend,0.0,0.07173498186618457,0.03923060317082728,0.03250437869535731,0.03250437869535723,0.000634883973771091,6.362559742490871e-05,6.362559742490871e-05,6.830386717439489e-05,6.830386717439489e-05,1.0,0.9994103152718667,0.9994103152718667
improved_hrp_recovery_split_confirmed_offense_neutral_ease,neutral_mixed,0.0,0.39969791224459383,0.34727479601916444,0.05242311622542943,0.05242311622542941,0.005132870479178269,0.015864093954273347,0.015668232072575946,0.021605956060446754,0.018850494637026316,0.8126497499263994,1.0,0.8126497499263994
improved_hrp_recovery_split_confirmed_offense_neutral_ease,neutral_mixed,1.0,0.24268621581672103,0.18542159449090206,0.05726462132581897,0.05726462132581891,0.0012721555701438203,0.00865873681068686,0.00863506208280638,0.01014169727065891,0.00868730296253548,0.9035087719298246,0.9998504002485209,0.9033591721783454
improved_hrp_recovery_split_confirmed_offense_neutral_ease,recovery_confirmed,0.0,0.11096079638166181,0.05681818181818179,0.05414261456348002,0.05414261456347993,0.0,0.0,0.0,0.0,0.0,1.0,1.0,1.0
improved_hrp_recovery_split_confirmed_offense_neutral_ease,recovery_fragile,0.0,0.2761704215716194,0.18693877551020405,0.08923164606141541,0.08923164606141538,0.02989420050858331,0.01577648480484703,0.014886333435634905,0.018509229480867247,0.0161952809563116,0.88,1.0,0.88
improved_hrp_recovery_split_confirmed_offense_neutral_ease,stressed_panic,0.0,0.6110161255102733,0.5137023510223301,0.09731377448794322,0.0973137744879432,0.011724229279739833,0.049491906066773776,0.044992979111619535,0.07452556118213452,0.0491514571670123,0.43200000000000005,0.9984160703994582,0.43200000000000005
improved_hrp_recovery_tilt,calm_trend,0.0,0.08274096452174917,0.05062289522636993,0.03211806929537925,0.03211806929537918,0.0005996126418949191,0.0005697859736000214,0.0005697859736000214,0.0007112539466978865,0.000682828685400775,0.9945607941752865,0.9994103152718667,0.9942741397501837
improved_hrp_recovery_tilt,neutral_mixed,0.0,0.4033036048742992,0.35084361303462347,0.05245999183967573,0.052459991839675695,0.005163893941836085,0.01586299355719205,0.015667135114206292,0.021607056457528057,0.01884458536216867,0.8126497499263994,1.0,0.8126497499263994
improved_hrp_recovery_tilt,neutral_mixed,1.0,0.2737993609488466,0.2182039295807972,0.05559543136804937,0.055595431368049335,0.001289542571195251,0.012968463539611817,0.012932951447791097,0.015217636070744209,0.013010959346305761,0.8552631578947368,0.9998504002485209,0.8551135581432576
improved_hrp_recovery_tilt,recovery_confirmed,0.0,0.15709005495057518,0.10249999999999998,0.05459005495057523,0.054590054950575125,0.0,0.009070909606015719,0.009070909606015719,0.012747272212166073,0.01117502248646083,0.92,1.0,0.92
improved_hrp_recovery_tilt,recovery_fragile,0.0,0.259700473522401,0.16816326530612238,0.09153720821627863,0.09153720821627857,0.030784295735564488,0.010515692984685075,0.00992225873854366,0.012341449872457761,0.010797267428750623,0.92,1.0,0.92
improved_hrp_recovery_tilt,stressed_panic,0.0,0.6120333722189746,0.5149250584459109,0.0971083137730638,0.09710831377306377,0.01172558315904203,0.04949114973857033,0.044991519148284004,0.07452631751033796,0.049150661110710515,0.43200000000000005,0.9984160703994582,0.43200000000000005
improved_hrp_selective,calm_trend,0.0,0.1365405214168553,0.10422729622694175,0.03231322518991354,0.03231322518991346,0.0005527776535558013,0.005575586294577816,0.005575586294577816,0.00763102190860036,0.007324202399155617,0.9409704633342795,0.9994298994743603,0.9409704633342795
improved_hrp_selective,neutral_mixed,0.0,0.4131008096487783,0.36113436580159913,0.051966443847179196,0.05196644384717917,0.0049375025299374506,0.015817483434381722,0.015617702153257524,0.021652566580338383,0.018859854924822506,0.8126497499263994,1.0,0.8126497499263994
improved_hrp_selective,neutral_mixed,1.0,0.32184590018686837,0.26779055035891763,0.054055349827950794,0.054055349827950724,0.0011750508271846278,0.017178613993916018,0.017132234753927687,0.02039258742791689,0.01737257052825882,0.8070175438596491,0.9998532979544378,0.806870841814087
improved_hrp_selective,recovery_confirmed,0.0,0.23903615612277365,0.18636363636363631,0.05267251975913734,0.052672519759137275,0.0,0.022428401085450914,0.022428401085450914,0.03211705346000361,0.02773624695636642,0.8000000000000002,1.0,0.8000000000000002
improved_hrp_selective,recovery_fragile,0.0,0.3252406675512384,0.2408163265306122,0.0844243410206262,0.08442434102062617,0.028097997580743262,0.02615776448911456,0.024711393261870242,0.03098509265374256,0.026995218186517234,0.8,1.0,0.8
improved_hrp_selective,stressed_panic,0.0,0.6156964899286211,0.5199744082572221,0.09572208167139915,0.09572208167139912,0.011685591992138004,0.04896194073020133,0.0445320447784105,0.07505552651870696,0.05013344310101555,0.43200000000000005,0.9985441168962405,0.43200000000000005
improved_hrp_self_gated_relief_targeted,calm_trend,0.0,0.0677796759945709,0.03486961852216786,0.03291005747240304,0.032910057472402963,0.0006906143711573754,6.362559742490801e-05,6.362559742490801e-05,6.830386717439403e-05,6.830386717439403e-05,1.0,0.9994103152718667,0.9994103152718667
improved_hrp_self_gated_relief_targeted,neutral_mixed,0.0,0.39288643748188634,0.3400547598348983,0.052831677646988,0.05283167764698795,0.005231673615429165,0.015928512013352245,0.01573128182436926,0.021541538001367863,0.018792134768284036,0.8126497499263994,1.0,0.8126497499263994
improved_hrp_self_gated_relief_targeted,neutral_mixed,1.0,0.21716271243287746,0.15772192989016612,0.059440782542711346,0.05944078254271128,0.0013816679179918328,0.003410753772072715,0.0034013476638400774,0.006051987274345612,0.0051759093667459585,0.9421052631578947,0.9998504002485209,0.9513581907613935
improved_hrp_self_gated_relief_targeted,recovery_confirmed,0.0,0.12736905605610882,0.07137127612498656,0.05599777993112227,0.055997779931122156,0.0,0.0058960912439102175,0.0058960912439102175,0.012747272212166084,0.011175022486460838,0.92,1.0,0.9316410006610537
improved_hrp_self_gated_relief_targeted,recovery_fragile,0.0,0.22775185137203674,0.1332346822047222,0.09451716916731455,0.0945171691673145,0.032459017832697334,0.0034403006365355555,0.003243425971635944,0.006135801218516759,0.005381126225592344,0.96,1.0,0.966483643507317
improved_hrp_self_gated_relief_targeted,stressed_panic,0.0,0.60804951527818,0.5107755600520354,0.09727395522614454,0.09727395522614452,0.011731012822269894,0.04962919350238022,0.0451272456669977,0.07438827374652807,0.049078579411556605,0.43200000000000005,0.9984160703994582,0.43200000000000005
improved_hrp_separate_canary_proxy,calm_trend,0.0,0.06816044745257367,0.03516280656065779,0.03299764089191589,0.032997640891915814,0.0006708307010659423,6.362559742490871e-05,6.362559742490871e-05,6.830386717439489e-05,6.830386717439489e-05,1.0,0.9994103152718667,0.9994103152718667
improved_hrp_separate_canary_proxy,neutral_mixed,0.0,0.3933280999195921,0.34032479601916443,0.05300330390042771,0.053003303900427685,0.005215489229345547,0.015868233810205717,0.015671431457541702,0.021601816204514384,0.018843001050785634,0.8126497499263994,1.0,0.8126497499263994
improved_hrp_separate_canary_proxy,neutral_mixed,1.0,0.2168171623964253,0.15634309619738673,0.06047406619903855,0.06047406619903849,0.001361044542026409,0.004137807128240498,0.004123436708023053,0.00483327541726911,0.004138336663449118,0.9540350877192981,0.9998504002485209,0.953885487967819
improved_hrp_separate_canary_proxy,recovery_confirmed,0.0,0.12912778182236329,0.0725,0.056627781822363284,0.05662778182236321,0.0,0.008379812475042965,0.008379812475042965,0.011847460252229741,0.010397794136288182,0.9258333333333334,1.0,0.9258333333333334
improved_hrp_separate_canary_proxy,recovery_fragile,0.0,0.22892101309169952,0.13428571428571426,0.09463529880598523,0.09463529880598516,0.03211152375437597,0.004659362338267398,0.004356788768145309,0.005544719294385664,0.004893183939335071,0.9642857142857143,1.0,0.9642857142857143
improved_hrp_separate_canary_proxy,stressed_panic,0.0,0.6081726955373146,0.5106019143411074,0.0975707811962072,0.09757078119620718,0.011726340836177327,0.049499163112519264,0.044999288697691854,0.07451830413638902,0.04916217762039774,0.43200000000000005,0.9984160703994582,0.43200000000000005
improved_hrp_stacked_defense_asymmetric_speed,calm_trend,0.0,0.06917841599464906,0.03611161043842119,0.033066805556227874,0.03306680555622779,0.000668251976592952,6.362559742490871e-05,6.362559742490871e-05,6.830386717439489e-05,6.830386717439489e-05,1.0,0.9994103152718667,0.9994103152718667
improved_hrp_stacked_defense_asymmetric_speed,neutral_mixed,0.0,0.39422720228180486,0.34127479601916444,0.05295240626264046,0.052952406262640424,0.005177755451595692,0.015809681315711678,0.015615746787486564,0.021660368699008427,0.01889930667634115,0.8126497499263994,1.0,0.8126497499263994
improved_hrp_stacked_defense_asymmetric_speed,neutral_mixed,1.0,0.22509675318623176,0.164397615944776,0.06069913724145577,0.0606991372414557,0.0013608119394647338,0.00518843398149307,0.005174118802268981,0.0061033799155013535,0.005204620402514396,0.9421052631578947,0.9998508513715901,0.9419561145294848
improved_hrp_stacked_defense_asymmetric_speed,recovery_confirmed,0.0,0.13689550099580725,0.07954545454545453,0.05735004645035271,0.057350046450352625,0.0,0.009057845071189787,0.009057845071189787,0.012760336746992012,0.011159931459435342,0.92,1.0,0.92
improved_hrp_stacked_defense_asymmetric_speed,recovery_fragile,0.0,0.23382463421574093,0.13795918367346938,0.09586545054227157,0.09586545054227151,0.0321666724169247,0.005257152631933434,0.0049531626562590286,0.006171418796637996,0.005403582613117298,0.96,1.0,0.96
improved_hrp_stacked_defense_asymmetric_speed,stressed_panic,0.0,0.608848702196217,0.5112569361751684,0.0975917660210486,0.09759176602104858,0.011747735329718277,0.049355246514081956,0.044847204476232805,0.07466222073482634,0.04930116037881744,0.43200000000000005,0.9984160703994582,0.43200000000000005
improved_hrp_stacked_defense_continuous_overlay,calm_trend,0.0,0.06975209623558024,0.03688737740648792,0.03286471882909232,0.03286471882909223,0.0006677722024288635,6.362559742490871e-05,6.362559742490871e-05,6.830386717439489e-05,6.830386717439489e-05,1.0,0.9994103152718667,0.9994103152718667
improved_hrp_stacked_defense_continuous_overlay,neutral_mixed,0.0,0.333392073901597,0.27549459596028397,0.05789747794131308,0.05789747794131304,0.005468094190320433,0.005459608945970441,0.005396351046899866,0.007397533911172408,0.006463190380862186,0.9357142857142857,1.0,0.9357142857142857
improved_hrp_stacked_defense_continuous_overlay,neutral_mixed,1.0,0.2209203307066781,0.16114090687469526,0.05977942383198287,0.05977942383198281,0.0014314846358863447,0.005746068604411329,0.005730671725606922,0.006760025983594522,0.00578552895077494,0.9357142857142857,0.9998504002485209,0.9357142857142857
improved_hrp_stacked_defense_continuous_overlay,recovery_confirmed,0.0,0.12232296426047672,0.06499999999999996,0.05732296426047676,0.057322964260476644,0.0,0.009070909606015719,0.009070909606015719,0.012747272212166073,0.01117502248646083,0.92,1.0,0.92
improved_hrp_stacked_defense_continuous_overlay,recovery_fragile,0.0,0.20759297533930196,0.11061224489795916,0.0969807304413428,0.09698073044134273,0.03313789391615642,0.005282845890342806,0.004980272320220717,0.006145725538228626,0.005389710090015277,0.96,1.0,0.96
improved_hrp_stacked_defense_continuous_overlay,stressed_panic,0.0,0.5961008547435646,0.4971521326817187,0.0989487220618459,0.09894872206184586,0.011726340836177327,0.049499163112519264,0.044999288697691854,0.07451830413638902,0.04916217762039774,0.43200000000000005,0.9984160703994582,0.43200000000000005
improved_hrp_stacked_defense_continuous_self_gated_combo,calm_trend,0.0,0.06759876200228741,0.034750449395956416,0.032848312606331,0.03284831260633092,0.000700577010053064,6.362559742490801e-05,6.362559742490801e-05,6.830386717439403e-05,6.830386717439403e-05,1.0,0.9994103152718667,0.9994103152718667
improved_hrp_stacked_defense_continuous_self_gated_combo,neutral_mixed,0.0,0.32355156668450313,0.26597614848459,0.05757541819991311,0.05757541819991307,0.005566008811823739,0.002763045997424307,0.0027312792313960617,0.0073310508622942425,0.006404115636028697,0.9357142857142857,1.0,0.9495295157014073
improved_hrp_stacked_defense_continuous_self_gated_combo,neutral_mixed,1.0,0.20908477654290575,0.14989894276129717,0.059185833781608535,0.05918583378160845,0.0014851305349655238,0.0029150938264174806,0.0029072854230335152,0.00667590693517089,0.005714994502125906,0.9357142857142857,0.9998504002485209,0.9506988908220106
improved_hrp_stacked_defense_continuous_self_gated_combo,recovery_confirmed,0.0,0.1088229608119806,0.05174329751040247,0.057079663301578126,0.05707966330157806,0.0,0.004535454803007869,0.004535454803007869,0.012747272212166084,0.011175022486460838,0.92,1.0,0.9366300009443621
improved_hrp_stacked_defense_continuous_self_gated_combo,recovery_fragile,0.0,0.198037150172073,0.10067238633215451,0.09736476383991846,0.09736476383991843,0.03397671039719967,0.0026578675911863745,0.0025057422837619168,0.006112836246198691,0.005361334108584854,0.96,1.0,0.9693025365691523
improved_hrp_stacked_defense_continuous_self_gated_combo,stressed_panic,0.0,0.5931709105080594,0.4948619429794289,0.09830896752863051,0.09830896752863048,0.011778365571967046,0.04998278173588853,0.045461885451101657,0.07403468551301975,0.04885154526366701,0.43200000000000005,0.9984160703994582,0.43200000000000005
improved_hrp_stacked_defense_self_gated_overlay,calm_trend,0.0,0.06716018316825616,0.03425089870506373,0.03290928446319242,0.032909284463192336,0.0007055626065157952,6.362559742490801e-05,6.362559742490801e-05,6.830386717439403e-05,6.830386717439403e-05,1.0,0.9994103152718667,0.9994103152718667
improved_hrp_stacked_defense_self_gated_overlay,neutral_mixed,0.0,0.37856723063879694,0.3259491286946371,0.05261810194415983,0.05261810194415979,0.00537892682483151,0.011288264215771194,0.011149704931430741,0.021297900687031537,0.018566236305212088,0.8126497499263994,1.0,0.8370691754859865
improved_hrp_stacked_defense_self_gated_overlay,neutral_mixed,1.0,0.21263712864084947,0.1534148446058,0.05922228403504945,0.05922228403504938,0.0014353640150473353,0.002647767010673487,0.0026404435185753148,0.006010108844241818,0.005139137248445872,0.9421052631578947,0.9998504002485209,0.9554954802545581
improved_hrp_stacked_defense_self_gated_overlay,recovery_confirmed,0.0,0.12112106916906154,0.06526349509583536,0.05585757407322618,0.05585757407322611,0.0,0.004535454803007869,0.004535454803007869,0.012747272212166084,0.011175022486460838,0.92,1.0,0.9366300009443621
improved_hrp_stacked_defense_self_gated_overlay,recovery_fragile,0.0,0.22043033446101779,0.12540632834628965,0.09502400611472814,0.09502400611472808,0.033269743509671254,0.0026653448883724,0.0025125100118886844,0.006097881651826641,0.005347099879278475,0.96,1.0,0.9693287071093034
improved_hrp_stacked_defense_self_gated_overlay,stressed_panic,0.0,0.6045251093860043,0.5079336968261681,0.09659141255983632,0.09659141255983629,0.011827522967189676,0.05028755505079111,0.04574701709699654,0.07372991219811718,0.048654430212386815,0.43200000000000005,0.9984160703994582,0.43200000000000005
improved_hrp_strength_weighted_selective,calm_trend,0.0,0.07900012769477541,0.04553792677515479,0.033462200919620606,0.033108516549555135,0.00064987320218499,0.000653996624578945,0.000653996624578945,0.0007715103282870848,0.0007403801884006093,0.9945607941752865,0.998764591414176,0.9936284158924927
improved_hrp_strength_weighted_selective,neutral_mixed,0.0,0.3989499433901802,0.34645847629879084,0.05249146709138937,0.052341982394821365,0.004893492922058519,0.01646179879230437,0.016268516743652605,0.021008251222415734,0.018319297122751477,0.8126497499263994,0.9998134968405641,0.8126497499263994
improved_hrp_strength_weighted_selective,neutral_mixed,1.0,0.24784336871952062,0.19000727595417297,0.05783609276534767,0.05774325884742562,0.0013112383649630413,0.008954654619749208,0.008930420945795907,0.009905002433856407,0.008440126236430881,0.9035087719298246,0.999545973391115,0.9030547453209395
improved_hrp_strength_weighted_selective,recovery_confirmed,0.0,0.15180761427020134,0.0922727272727272,0.05953488699747413,0.05719988561056413,0.0,0.009124072104739542,0.009124072104739542,0.012694109713442257,0.0110795169713245,0.92,1.0,0.92
improved_hrp_strength_weighted_selective,recovery_fragile,0.0,0.2561441278816285,0.1640816326530612,0.09206249522856731,0.09206249522856727,0.030545419560869886,0.009871456082586234,0.009276630468417178,0.012985686774556617,0.01142636685310729,0.92,1.0,0.92
improved_hrp_strength_weighted_selective,stressed_panic,0.0,0.6102000333055464,0.5133789680776442,0.09682106522790213,0.09682106522790211,0.011358092921540762,0.04853568913702095,0.04420453443320185,0.07548177811188735,0.049972517700094185,0.43200000000000005,0.9967980049175152,0.43200000000000005
improved_hrp_targeted_relief_continuous_combo,calm_trend,0.0,0.06792714312918118,0.035040417784960975,0.03288672534422019,0.03288672534422011,0.0006912816661103835,6.362559742490801e-05,6.362559742490801e-05,6.830386717439403e-05,6.830386717439403e-05,1.0,0.9994103152718667,0.9994103152718667
improved_hrp_targeted_relief_continuous_combo,neutral_mixed,0.0,0.363412565734835,0.3081039015379452,0.05530866419688976,0.05530866419688974,0.005364899429233156,0.01096042017760692,0.010833629416378776,0.014753865536678795,0.012891320859433578,0.8714285714285716,1.0,0.8714285714285716
improved_hrp_targeted_relief_continuous_combo,neutral_mixed,1.0,0.21498485316243388,0.15554983246017495,0.05943502070225893,0.05943502070225885,0.0014197112390692875,0.00343038461358548,0.0034212024605087374,0.00611692694560717,0.005236539949929334,0.9414285714285715,0.9998504002485209,0.9509234686518694
improved_hrp_targeted_relief_continuous_combo,recovery_confirmed,0.0,0.11968861889716846,0.06300733416435776,0.056681284732810706,0.05668128473281062,0.0,0.0058960912439102175,0.0058960912439102175,0.012747272212166084,0.011175022486460838,0.92,1.0,0.9316410006610537
improved_hrp_targeted_relief_continuous_combo,recovery_fragile,0.0,0.2145043531065691,0.11856389916898707,0.09594045393758203,0.09594045393758198,0.03299982914481351,0.0034401885161167837,0.003243313870138825,0.006135973711468722,0.005381272541260913,0.96,1.0,0.9664834322034509
improved_hrp_targeted_relief_continuous_combo,stressed_panic,0.0,0.6021156978193403,0.504059889088807,0.09805580873053325,0.09805580873053323,0.011730936180755342,0.04962649368982385,0.04512457877908855,0.07439097355908446,0.04908029385192066,0.43200000000000005,0.9984160703994582,0.43200000000000005
improved_hrp_threshold_recentering,calm_trend,0.0,0.06903429719848087,0.03611195910303067,0.03292233809545019,0.032922338095450115,0.0006708307010659423,6.362559742490871e-05,6.362559742490871e-05,6.830386717439489e-05,6.830386717439489e-05,1.0,0.9994103152718667,0.9994103152718667
improved_hrp_threshold_recentering,neutral_mixed,0.0,0.3942258038659048,0.34127479601916444,0.05295100784674037,0.05295100784674033,0.005215489229345547,0.015868233810205717,0.015671431457541702,0.021601816204514384,0.018843001050785634,0.8126497499263994,1.0,0.8126497499263994
improved_hrp_threshold_recentering,neutral_mixed,1.0,0.22421067366943845,0.1643977037059192,0.05981296996351926,0.0598129699635192,0.001361044542026409,0.005197123723440635,0.005182753303223189,0.006094777934696963,0.005210963285031286,0.9421052631578947,0.9998504002485209,0.9419556634064156
improved_hrp_threshold_recentering,recovery_confirmed,0.0,0.1356779704665883,0.0795454545454545,0.056132515921133816,0.056132515921133684,0.0,0.009070909606015719,0.009070909606015719,0.012747272212166073,0.01117502248646083,0.92,1.0,0.92
improved_hrp_threshold_recentering,recovery_fragile,0.0,0.2322956492070424,0.13795918367346938,0.09433646553357303,0.09433646553357296,0.03211152375437597,0.005282845890342806,0.004980272320220717,0.006145725538228625,0.005389710090015277,0.96,1.0,0.96
improved_hrp_threshold_recentering,stressed_panic,0.0,0.6087592023009688,0.5112569361751684,0.09750226612580036,0.09750226612580032,0.011726340836177327,0.049499163112519264,0.044999288697691854,0.07451830413638902,0.04916217762039774,0.43200000000000005,0.9984160703994582,0.43200000000000005
improved_hrp_trend_horizon_ensemble,calm_trend,0.0,0.06903429719848087,0.03611195910303067,0.03292233809545019,0.032922338095450115,0.0006708307010659423,6.362559742490871e-05,6.362559742490871e-05,6.830386717439489e-05,6.830386717439489e-05,1.0,0.9994103152718667,0.9994103152718667
improved_hrp_trend_horizon_ensemble,neutral_mixed,0.0,0.3942258038659048,0.34127479601916444,0.05295100784674037,0.05295100784674033,0.005215489229345547,0.015868233810205717,0.015671431457541702,0.021601816204514384,0.018843001050785634,0.8126497499263994,1.0,0.8126497499263994
improved_hrp_trend_horizon_ensemble,neutral_mixed,1.0,0.22421067366943845,0.1643977037059192,0.05981296996351926,0.0598129699635192,0.001361044542026409,0.005197123723440635,0.005182753303223189,0.006094777934696963,0.005210963285031286,0.9421052631578947,0.9998504002485209,0.9419556634064156
improved_hrp_trend_horizon_ensemble,recovery_confirmed,0.0,0.1356779704665883,0.0795454545454545,0.056132515921133816,0.056132515921133684,0.0,0.009070909606015719,0.009070909606015719,0.012747272212166073,0.01117502248646083,0.92,1.0,0.92
improved_hrp_trend_horizon_ensemble,recovery_fragile,0.0,0.2322956492070424,0.13795918367346938,0.09433646553357303,0.09433646553357296,0.03211152375437597,0.005282845890342806,0.004980272320220717,0.006145725538228625,0.005389710090015277,0.96,1.0,0.96
improved_hrp_trend_horizon_ensemble,stressed_panic,0.0,0.6087592023009688,0.5112569361751684,0.09750226612580036,0.09750226612580032,0.011726340836177327,0.049499163112519264,0.044999288697691854,0.07451830413638902,0.04916217762039774,0.43200000000000005,0.9984160703994582,0.43200000000000005
improved_inverse_vol_recovery_tilt,calm_trend,0.0,0.076167933238691,0.05105901636856342,0.025108916870127583,0.02510891687012749,0.0005386073118606305,0.0006978904454144316,0.0006978904454144316,0.0006831957383048959,0.0006602545135587697,0.9945607941752865,0.9989631387914225,0.9938269632697394
improved_inverse_vol_recovery_tilt,neutral_mixed,0.0,0.3956192696133727,0.35089325724546283,0.04472601236790982,0.04472601236790979,0.006143284449880656,0.01906478876642381,0.018848168823886013,0.018405261248296296,0.01616684562094968,0.8126497499263994,0.9984260252458247,0.8126497499263994
improved_inverse_vol_recovery_tilt,neutral_mixed,1.0,0.2622372151431072,0.21830996535062683,0.04392724979248041,0.04392724979248034,0.001125443787254252,0.014738718155577061,0.014706819107795716,0.013496156985955417,0.011759589187575739,0.8552631578947368,0.9995454499425497,0.8548628347987892
improved_inverse_vol_recovery_tilt,recovery_confirmed,0.0,0.14389384578984268,0.10249999999999994,0.04139384578984275,0.04139384578984263,0.0,0.011419401718867933,0.011419401718867933,0.01039878009931386,0.009152329493243792,0.92,1.0,0.92
improved_inverse_vol_recovery_tilt,recovery_fragile,0.0,0.24967087642470068,0.1681632653061224,0.08150761111857825,0.08150761111857822,0.02832118385444473,0.011578802737325302,0.011061678253936984,0.011278340119817537,0.009940935120699263,0.92,0.9948012821439011,0.92
improved_inverse_vol_recovery_tilt,stressed_panic,0.0,0.5990729336953637,0.5150117732246696,0.08406116047069412,0.0840611604706941,0.015215512557351981,0.06083835352644327,0.05488993848728789,0.06317911372246503,0.04255363734927879,0.43200000000000005,0.989549754353175,0.43200000000000005
improved_max_div_recovery_tilt,calm_trend,0.0,0.07390452445849478,0.0515233995572395,0.022381124901255288,0.022381124901255194,0.0005077490603462379,0.000668874132662044,0.000668874132662044,0.0008325593135375398,0.000803132260558767,0.9945607941752865,0.9984252229970031,0.9932890474753201
improved_max_div_recovery_tilt,neutral_mixed,0.0,0.3892244688496268,0.35092621088333303,0.03829825796629377,0.03829825796629374,0.0038076890445374865,0.01751667355780195,0.01739454212044016,0.019953376456918154,0.017880728921873666,0.8126497499263994,1.0,0.8126497499263994
improved_max_div_recovery_tilt,neutral_mixed,1.0,0.2508520339830764,0.21840263752242764,0.03244939646064877,0.03244939646064868,0.00089683924265251,0.014672568714268355,0.014642497248136627,0.013590912843641249,0.012314216134141253,0.8552631578947368,0.9985709512291838,0.8547157877812717
improved_max_div_recovery_tilt,recovery_confirmed,0.0,0.13687192761275585,0.10249999999999994,0.0343719276127559,0.03437192761275578,0.0,0.010464104784673656,0.010464104784673656,0.011354077033508134,0.010353131891621181,0.92,1.0,0.92
improved_max_div_recovery_tilt,recovery_fragile,0.0,0.22941740906833485,0.16816326530612238,0.061254143762212464,0.061254143762212415,0.019808439083340294,0.011203221119343814,0.01081632755462339,0.011653921737799017,0.010668132123851438,0.92,0.9994717258618773,0.92
improved_max_div_recovery_tilt,stressed_panic,0.0,0.5956693643499174,0.5150693341641809,0.0806000301857366,0.08060003018573658,0.008207390152786582,0.05291532711091858,0.049535332751140235,0.07110214013798971,0.04933288995041753,0.43200000000000005,0.9979911569113837,0.43200000000000005
improved_max_div_selective,calm_trend,0.0,0.12723535190924204,0.10522815360538515,0.022007198303856904,0.022007198303856813,0.000475935747348676,0.005862496763322772,0.005862496763322772,0.007542993887639324,0.007248615537679402,0.9409704633342795,0.998242771627631,0.9400815190600936
improved_max_div_selective,neutral_mixed,0.0,0.3993160250763739,0.36113436580159913,0.03818165927477477,0.03818165927477473,0.003931609347618009,0.017511073466051547,0.017374746651049693,0.01995897654866856,0.017841492611214777,0.8126497499263994,1.0,0.8126497499263994
improved_max_div_selective,neutral_mixed,1.0,0.3001698813995137,0.26803092323314615,0.032138958166367596,0.03213895816636751,0.0007906795613540335,0.019633357829804573,0.019593425791844428,0.018027263995034987,0.016253330258129348,0.8070175438596491,0.9984252609533165,0.8064111895670528
improved_max_div_selective,recovery_confirmed,0.0,0.2205416175419449,0.18636363636363634,0.03417798117830856,0.03417798117830849,0.0,0.026646016877995036,0.026646016877995036,0.027899437667459503,0.02503441505517491,0.8000000000000002,1.0,0.8000000000000002
improved_max_div_selective,recovery_fragile,0.0,0.2982789450051268,0.2408163265306122,0.05746261847451465,0.05746261847451462,0.018583326648017835,0.0279957720578811,0.027075678908710838,0.029147085084976022,0.02659106575775348,0.8,0.9994585405093142,0.8
improved_max_div_selective,stressed_panic,0.0,0.5998862769566888,0.5199744082572221,0.07991186869946681,0.0799118686994668,0.00875771631561725,0.05250517097278003,0.04896069762449173,0.07151229627612828,0.05026819515842713,0.43200000000000005,0.9981944840798984,0.43200000000000005
