version_name,window_name,window_type,capture_ratio,portfolio_return,benchmark_return
baseline_hrp_default,stress_2008_2009,stress,0.009463440881691326,-0.004721429104775021,-0.4989125164726762
baseline_hrp_default,recovery_2009_2010,recovery,0.21567622625704655,0.10831838197267696,0.5022268047456528
baseline_hrp_default,calm_bull_2013_2014,rising,0.26441103346471134,0.1042288599982295,0.39419255177239054
baseline_hrp_default,choppy_2015_2016,choppy,-1.1725553110779796,-0.06758749311131318,0.05764119822132496
baseline_hrp_default,stress_2020_crash,stress,0.32666210024988424,-0.08211666086840086,-0.251381047282757
baseline_hrp_default,recovery_2020_2021,recovery,0.16595795141821063,0.15387534421712057,0.9271947677237704
baseline_hrp_default,stress_2022_rates,stress,0.04568308906998128,-0.008572881704647761,-0.1876598513623955
baseline_hrp_default,recovery_2023_2024,recovery,0.3021903564458207,0.17175782284277652,0.5683762541693509
baseline_hrp_default,calm_rally_2017_2019,rising,0.4111274973152933,0.20637478760861683,0.5019727188190193
baseline_hrp_default,top_rally_1,auto_rally,0.06754747593799425,0.03376506210756358,0.4998715590580838
baseline_hrp_default,top_rally_2,auto_rally,0.15482544708257018,0.07080462009692812,0.45731900944660087
baseline_hrp_default,top_rally_3,auto_rally,0.3118117761205307,0.103531551125148,0.3320322035724781
baseline_hrp_default,top_rally_4,auto_rally,0.22708598834339294,0.06530883526453324,0.28759517811277324
baseline_hrp_default,top_rally_5,auto_rally,0.1343595167666101,0.03552542433644912,0.26440571677671887
improved_hrp_selective,stress_2008_2009,stress,0.020224653963932363,-0.010090333003934582,-0.4989125164726762
improved_hrp_selective,recovery_2009_2010,recovery,0.3251110219423358,0.16327946973769314,0.5022268047456528
improved_hrp_selective,calm_bull_2013_2014,rising,0.33902369881572686,0.13364061694748575,0.39419255177239054
improved_hrp_selective,choppy_2015_2016,choppy,-0.8431295966584329,-0.048599000207254495,0.05764119822132496
improved_hrp_selective,stress_2020_crash,stress,0.3671329787510211,-0.09229027269046985,-0.251381047282757
improved_hrp_selective,recovery_2020_2021,recovery,0.18265916983648675,0.16936062654915807,0.9271947677237704
improved_hrp_selective,stress_2022_rates,stress,0.06651074773758132,-0.012481397034436292,-0.1876598513623955
improved_hrp_selective,recovery_2023_2024,recovery,0.3264401012797617,0.1855408019760545,0.5683762541693509
improved_hrp_selective,calm_rally_2017_2019,rising,0.47233075721922163,0.2370971543831788,0.5019727188190193
improved_hrp_selective,top_rally_1,auto_rally,0.14009585194534244,0.07002993192948881,0.4998715590580838
improved_hrp_selective,top_rally_2,auto_rally,0.20890085965530722,0.09553433421010848,0.45731900944660087
improved_hrp_selective,top_rally_3,auto_rally,0.352785918185367,0.11713628580442736,0.3320322035724781
improved_hrp_selective,top_rally_4,auto_rally,0.2595069376473708,0.07463294395419595,0.28759517811277324
improved_hrp_selective,top_rally_5,auto_rally,0.3027580886026974,0.08005096942694556,0.26440571677671887
improved_hrp_recovery_tilt,stress_2008_2009,stress,0.020561572997779987,-0.010258426126959042,-0.4989125164726762
improved_hrp_recovery_tilt,recovery_2009_2010,recovery,0.400275475517077,0.20102907308698836,0.5022268047456528
improved_hrp_recovery_tilt,calm_bull_2013_2014,rising,0.34734967305492154,0.13692265397882508,0.39419255177239054
improved_hrp_recovery_tilt,choppy_2015_2016,choppy,-0.7576115235470645,-0.04366963600353635,0.05764119822132496
improved_hrp_recovery_tilt,stress_2020_crash,stress,0.37307410106006,-0.09378375823855101,-0.251381047282757
improved_hrp_recovery_tilt,recovery_2020_2021,recovery,0.19346259182895567,0.17937750289408716,0.9271947677237704
improved_hrp_recovery_tilt,stress_2022_rates,stress,0.07086282846676469,-0.013298107857191988,-0.1876598513623955
improved_hrp_recovery_tilt,recovery_2023_2024,recovery,0.34129151961849424,0.1939819955005253,0.5683762541693509
improved_hrp_recovery_tilt,calm_rally_2017_2019,rising,0.4836863592149704,0.2427973567908115,0.5019727188190193
improved_hrp_recovery_tilt,top_rally_1,auto_rally,0.15399636628559982,0.07697840370446252,0.4998715590580838
improved_hrp_recovery_tilt,top_rally_2,auto_rally,0.2079744162477448,0.09511065402865371,0.45731900944660087
improved_hrp_recovery_tilt,top_rally_3,auto_rally,0.36925252040527556,0.12260372802485509,0.3320322035724781
improved_hrp_recovery_tilt,top_rally_4,auto_rally,0.28666595993580557,0.08244374780660713,0.28759517811277324
improved_hrp_recovery_tilt,top_rally_5,auto_rally,0.317077244138346,0.08383703600998604,0.26440571677671887
improved_hrp_recovery_concentrated,stress_2008_2009,stress,0.029155693289473678,-0.014546140308556832,-0.4989125164726762
improved_hrp_recovery_concentrated,recovery_2009_2010,recovery,0.40351352953432507,0.20265531060966469,0.5022268047456528
improved_hrp_recovery_concentrated,calm_bull_2013_2014,rising,0.33516664892219183,0.13212019660763974,0.39419255177239054
improved_hrp_recovery_concentrated,choppy_2015_2016,choppy,-0.8211775012256112,-0.04733365512303778,0.05764119822132496
improved_hrp_recovery_concentrated,stress_2020_crash,stress,0.33408387318342775,-0.08398235392112985,-0.251381047282757
improved_hrp_recovery_concentrated,recovery_2020_2021,recovery,0.1937253732417614,0.1796211524450957,0.9271947677237704
improved_hrp_recovery_concentrated,stress_2022_rates,stress,0.060119394848465964,-0.011281996701260288,-0.1876598513623955
improved_hrp_recovery_concentrated,recovery_2023_2024,recovery,0.3418657275467923,0.19430836165192567,0.5683762541693509
improved_hrp_recovery_concentrated,calm_rally_2017_2019,rising,0.43140135556682174,0.21655171135608797,0.5019727188190193
improved_hrp_recovery_concentrated,top_rally_1,auto_rally,0.1509896523059701,0.07547543289982328,0.4998715590580838
improved_hrp_recovery_concentrated,top_rally_2,auto_rally,0.20377156080392575,0.09318860834023912,0.45731900944660087
improved_hrp_recovery_concentrated,top_rally_3,auto_rally,0.3692214770010528,0.1225934206149446,0.3320322035724781
improved_hrp_recovery_concentrated,top_rally_4,auto_rally,0.28881447132951577,0.08306164932355853,0.28759517811277324
improved_hrp_recovery_concentrated,top_rally_5,auto_rally,0.3421076256820531,0.09045521198324469,0.26440571677671887
baseline_max_div_default,stress_2008_2009,stress,0.01605099952459758,-0.008008044564718708,-0.4989125164726762
baseline_max_div_default,recovery_2009_2010,recovery,0.2539901376784675,0.12756065528316518,0.5022268047456528
baseline_max_div_default,calm_bull_2013_2014,rising,0.2553459302636869,0.10065546383533763,0.39419255177239054
baseline_max_div_default,choppy_2015_2016,choppy,-1.1094163527283907,-0.06394808789759654,0.05764119822132496
baseline_max_div_default,stress_2020_crash,stress,0.3336589713985553,-0.0838755416654563,-0.251381047282757
baseline_max_div_default,recovery_2020_2021,recovery,0.15417330322259273,0.1429486800706783,0.9271947677237704
baseline_max_div_default,stress_2022_rates,stress,0.017351180276493936,-0.0032561199116489803,-0.1876598513623955
baseline_max_div_default,recovery_2023_2024,recovery,0.3038542829591293,0.17270355916162394,0.5683762541693509
baseline_max_div_default,calm_rally_2017_2019,rising,0.4046919759526827,0.20314433145320931,0.5019727188190193
baseline_max_div_default,top_rally_1,auto_rally,0.09057341229725413,0.04527507281423904,0.4998715590580838
baseline_max_div_default,top_rally_2,auto_rally,0.15418641775563613,0.0705123798381273,0.45731900944660087
baseline_max_div_default,top_rally_3,auto_rally,0.3159229145676139,0.10489658148292458,0.3320322035724781
baseline_max_div_default,top_rally_4,auto_rally,0.22325417388438062,0.0642068239026985,0.28759517811277324
baseline_max_div_default,top_rally_5,auto_rally,0.15913765708256702,0.042076906287083826,0.26440571677671887
improved_max_div_selective,stress_2008_2009,stress,0.03318281163046244,-0.0165553200541928,-0.4989125164726762
improved_max_div_selective,recovery_2009_2010,recovery,0.339979795777649,0.17074696651148824,0.5022268047456528
improved_max_div_selective,calm_bull_2013_2014,rising,0.3708202386597821,0.14617457612614637,0.39419255177239054
improved_max_div_selective,choppy_2015_2016,choppy,-0.633883728751826,-0.03653781765825659,0.05764119822132496
improved_max_div_selective,stress_2020_crash,stress,0.39121828953773896,-0.09834486334016568,-0.251381047282757
improved_max_div_selective,recovery_2020_2021,recovery,0.15919067581122087,0.14760076168257497,0.9271947677237704
improved_max_div_selective,stress_2022_rates,stress,0.059920873836251116,-0.011244742277615738,-0.1876598513623955
improved_max_div_selective,recovery_2023_2024,recovery,0.3264699022250904,0.18555774012573112,0.5683762541693509
improved_max_div_selective,calm_rally_2017_2019,rising,0.45507484819578187,0.2284351588149891,0.5019727188190193
improved_max_div_selective,top_rally_1,auto_rally,0.1418127377150239,0.07088815429590412,0.4998715590580838
improved_max_div_selective,top_rally_2,auto_rally,0.21208011854102793,0.09698826973450059,0.45731900944660087
improved_max_div_selective,top_rally_3,auto_rally,0.3676750877677261,0.12207996959022238,0.3320322035724781
improved_max_div_selective,top_rally_4,auto_rally,0.230995922503429,0.06643331347569803,0.28759517811277324
improved_max_div_selective,top_rally_5,auto_rally,0.3332925291713803,0.0881244500718843,0.26440571677671887
improved_max_div_recovery_tilt,stress_2008_2009,stress,0.027932589957094307,-0.013935918747093323,-0.4989125164726762
improved_max_div_recovery_tilt,recovery_2009_2010,recovery,0.4213858374013715,0.211631262683162,0.5022268047456528
improved_max_div_recovery_tilt,calm_bull_2013_2014,rising,0.3753838090962231,0.1479735016016801,0.39419255177239054
improved_max_div_recovery_tilt,choppy_2015_2016,choppy,-0.5620267712366627,-0.03239589652654373,0.05764119822132496
improved_max_div_recovery_tilt,stress_2020_crash,stress,0.3936584486843871,-0.09895827310198668,-0.251381047282757
improved_max_div_recovery_tilt,recovery_2020_2021,recovery,0.16450650707031753,0.15252957261211186,0.9271947677237704
improved_max_div_recovery_tilt,stress_2022_rates,stress,0.06367115981618757,-0.011948520387177086,-0.1876598513623955
improved_max_div_recovery_tilt,recovery_2023_2024,recovery,0.3378334234501172,0.19201649575378577,0.5683762541693509
improved_max_div_recovery_tilt,calm_rally_2017_2019,rising,0.4658091879269971,0.23382350451459422,0.5019727188190193
improved_max_div_recovery_tilt,top_rally_1,auto_rally,0.15538931954064852,0.07767470141975874,0.4998715590580838
improved_max_div_recovery_tilt,top_rally_2,auto_rally,0.2136241797046941,0.09769439825639337,0.45731900944660087
improved_max_div_recovery_tilt,top_rally_3,auto_rally,0.38670817955802217,0.12839956899815164,0.3320322035724781
improved_max_div_recovery_tilt,top_rally_4,auto_rally,0.24504245911511555,0.07047302967440361,0.28759517811277324
improved_max_div_recovery_tilt,top_rally_5,auto_rally,0.34902516745322665,0.09228424957358472,0.26440571677671887
improved_inverse_vol_recovery_tilt,stress_2008_2009,stress,0.06452228133948772,-0.032190973751641816,-0.4989125164726762
improved_inverse_vol_recovery_tilt,recovery_2009_2010,recovery,0.3982342758563875,0.20000392790355237,0.5022268047456528
improved_inverse_vol_recovery_tilt,calm_bull_2013_2014,rising,0.37226744873475137,0.14674505555854922,0.39419255177239054
improved_inverse_vol_recovery_tilt,choppy_2015_2016,choppy,-0.8458926095834297,-0.04875826358295232,0.05764119822132496
improved_inverse_vol_recovery_tilt,stress_2020_crash,stress,0.4081183079646446,-0.1025932076714191,-0.251381047282757
improved_inverse_vol_recovery_tilt,recovery_2020_2021,recovery,0.20844025214217496,0.19326471116924804,0.9271947677237704
improved_inverse_vol_recovery_tilt,stress_2022_rates,stress,0.06099873046407757,-0.011447012692183622,-0.1876598513623955
improved_inverse_vol_recovery_tilt,recovery_2023_2024,recovery,0.34996907427467455,0.19891411151135485,0.5683762541693509
improved_inverse_vol_recovery_tilt,calm_rally_2017_2019,rising,0.49124358988550915,0.2465908804172443,0.5019727188190193
improved_inverse_vol_recovery_tilt,top_rally_1,auto_rally,0.14807099397708867,0.07401647861060745,0.4998715590580838
improved_inverse_vol_recovery_tilt,top_rally_2,auto_rally,0.21768541009719813,0.09955167611662774,0.45731900944660087
improved_inverse_vol_recovery_tilt,top_rally_3,auto_rally,0.38706490276840416,0.1285180125917602,0.3320322035724781
improved_inverse_vol_recovery_tilt,top_rally_4,auto_rally,0.3074200537968132,0.08841252512713282,0.28759517811277324
improved_inverse_vol_recovery_tilt,top_rally_5,auto_rally,0.3221340278187469,0.08517407852358727,0.26440571677671887
improved_herc_recovery_tilt,stress_2008_2009,stress,0.06885003674814597,-0.03435014509325374,-0.4989125164726762
improved_herc_recovery_tilt,recovery_2009_2010,recovery,0.4096403149390909,0.20573234646686256,0.5022268047456528
improved_herc_recovery_tilt,calm_bull_2013_2014,rising,0.3611839594576966,0.14237602663788507,0.39419255177239054
improved_herc_recovery_tilt,choppy_2015_2016,choppy,-0.7425628535480869,-0.04280221263315798,0.05764119822132496
improved_herc_recovery_tilt,stress_2020_crash,stress,0.4159255983997728,-0.10455581251744228,-0.251381047282757
improved_herc_recovery_tilt,recovery_2020_2021,recovery,0.1668611398699545,0.15471277582384602,0.9271947677237704
improved_herc_recovery_tilt,stress_2022_rates,stress,0.09174531822184044,-0.01721691278070625,-0.1876598513623955
improved_herc_recovery_tilt,recovery_2023_2024,recovery,0.3390882544862213,0.19272971191770205,0.5683762541693509
improved_herc_recovery_tilt,calm_rally_2017_2019,rising,0.47741061339855856,0.23964710360073016,0.5019727188190193
improved_herc_recovery_tilt,top_rally_1,auto_rally,0.1527117857649986,0.07633627843689395,0.4998715590580838
improved_herc_recovery_tilt,top_rally_2,auto_rally,0.214295073871387,0.09800121091214886,0.45731900944660087
improved_herc_recovery_tilt,top_rally_3,auto_rally,0.3995759217254799,0.1326720737850151,0.3320322035724781
improved_herc_recovery_tilt,top_rally_4,auto_rally,0.21394282978373802,0.061528926237604864,0.28759517811277324
improved_herc_recovery_tilt,top_rally_5,auto_rally,0.3509806239038893,0.09280128343804783,0.26440571677671887
improved_hrp_recovery_split,stress_2008_2009,stress,0.021010486318543447,-0.010482394601499245,-0.4989125164726762
improved_hrp_recovery_split,recovery_2009_2010,recovery,0.39793041512123983,0.1998513208974515,0.5022268047456528
improved_hrp_recovery_split,calm_bull_2013_2014,rising,0.34704499926215227,0.1368025538389952,0.39419255177239054
improved_hrp_recovery_split,choppy_2015_2016,choppy,-0.743625014712089,-0.04286343687535521,0.05764119822132496
improved_hrp_recovery_split,stress_2020_crash,stress,0.37307410106006,-0.09378375823855101,-0.251381047282757
improved_hrp_recovery_split,recovery_2020_2021,recovery,0.19282701959023124,0.1787882036398314,0.9271947677237704
improved_hrp_recovery_split,stress_2022_rates,stress,0.07086282846676469,-0.013298107857191988,-0.1876598513623955
improved_hrp_recovery_split,recovery_2023_2024,recovery,0.34244208711265756,0.19463595074302686,0.5683762541693509
improved_hrp_recovery_split,calm_rally_2017_2019,rising,0.48387096779093197,0.24289002525960424,0.5019727188190193
improved_hrp_recovery_split,top_rally_1,auto_rally,0.1518836121188721,0.07592229798523387,0.4998715590580838
improved_hrp_recovery_split,top_rally_2,auto_rally,0.2068407755778511,0.09459221860042955,0.45731900944660087
improved_hrp_recovery_split,top_rally_3,auto_rally,0.3704593576809131,0.12300443686483842,0.3320322035724781
improved_hrp_recovery_split,top_rally_4,auto_rally,0.287860026016904,0.08278715545387905,0.28759517811277324
improved_hrp_recovery_split,top_rally_5,auto_rally,0.317077244138346,0.08383703600998604,0.26440571677671887
improved_hrp_recovery_split_confirmed_offense,stress_2008_2009,stress,0.021459712708224065,-0.010706519270040737,-0.4989125164726762
improved_hrp_recovery_split_confirmed_offense,recovery_2009_2010,recovery,0.4025867776629553,0.2021898709785146,0.5022268047456528
improved_hrp_recovery_split_confirmed_offense,calm_bull_2013_2014,rising,0.3470077434968988,0.1367878678938217,0.39419255177239054
improved_hrp_recovery_split_confirmed_offense,choppy_2015_2016,choppy,-0.69778663210104,-0.0402212575771268,0.05764119822132496
improved_hrp_recovery_split_confirmed_offense,stress_2020_crash,stress,0.37307410106006,-0.09378375823855101,-0.251381047282757
improved_hrp_recovery_split_confirmed_offense,recovery_2020_2021,recovery,0.19053067042629532,0.17665904071016314,0.9271947677237704
improved_hrp_recovery_split_confirmed_offense,stress_2022_rates,stress,0.07086282846676469,-0.013298107857191988,-0.1876598513623955
improved_hrp_recovery_split_confirmed_offense,recovery_2023_2024,recovery,0.3443765982929291,0.19573548096131832,0.5683762541693509
improved_hrp_recovery_split_confirmed_offense,calm_rally_2017_2019,rising,0.4860543319381516,0.24398601449675605,0.5019727188190193
improved_hrp_recovery_split_confirmed_offense,top_rally_1,auto_rally,0.14977162394506324,0.0748665751640798,0.4998715590580838
improved_hrp_recovery_split_confirmed_offense,top_rally_2,auto_rally,0.20515726280400234,0.09382231620630233,0.45731900944660087
improved_hrp_recovery_split_confirmed_offense,top_rally_3,auto_rally,0.37725640281454736,0.1252612747383406,0.3320322035724781
improved_hrp_recovery_split_confirmed_offense,top_rally_4,auto_rally,0.28681684343038233,0.0824871411721042,0.28759517811277324
improved_hrp_recovery_split_confirmed_offense,top_rally_5,auto_rally,0.31560595756888093,0.08344801943000268,0.26440571677671887
improved_hrp_recovery_split_confirmed_offense_neutral_ease,stress_2008_2009,stress,0.021459712708224065,-0.010706519270040737,-0.4989125164726762
improved_hrp_recovery_split_confirmed_offense_neutral_ease,recovery_2009_2010,recovery,0.40661550688642256,0.204213206783602,0.5022268047456528
improved_hrp_recovery_split_confirmed_offense_neutral_ease,calm_bull_2013_2014,rising,0.3449229661478773,0.13596606419073365,0.39419255177239054
improved_hrp_recovery_split_confirmed_offense_neutral_ease,choppy_2015_2016,choppy,-0.677498391582309,-0.03905181908382471,0.05764119822132496
improved_hrp_recovery_split_confirmed_offense_neutral_ease,stress_2020_crash,stress,0.37307410106006,-0.09378375823855101,-0.251381047282757
improved_hrp_recovery_split_confirmed_offense_neutral_ease,recovery_2020_2021,recovery,0.19283443142309403,0.178795075852481,0.9271947677237704
improved_hrp_recovery_split_confirmed_offense_neutral_ease,stress_2022_rates,stress,0.07470230423942135,-0.014018623309998257,-0.1876598513623955
improved_hrp_recovery_split_confirmed_offense_neutral_ease,recovery_2023_2024,recovery,0.34477367408147497,0.19596116941063335,0.5683762541693509
improved_hrp_recovery_split_confirmed_offense_neutral_ease,calm_rally_2017_2019,rising,0.49847776937802896,0.25022224116552927,0.5019727188190193
improved_hrp_recovery_split_confirmed_offense_neutral_ease,top_rally_1,auto_rally,0.1504786403818037,0.07521999257259293,0.4998715590580838
improved_hrp_recovery_split_confirmed_offense_neutral_ease,top_rally_2,auto_rally,0.20515726280400234,0.09382231620630233,0.45731900944660087
improved_hrp_recovery_split_confirmed_offense_neutral_ease,top_rally_3,auto_rally,0.37725640281454736,0.1252612747383406,0.3320322035724781
improved_hrp_recovery_split_confirmed_offense_neutral_ease,top_rally_4,auto_rally,0.2965952207471419,0.08529935533817157,0.28759517811277324
improved_hrp_recovery_split_confirmed_offense_neutral_ease,top_rally_5,auto_rally,0.33528693144933636,0.08865178143572838,0.26440571677671887
improved_hrp_neutral_ease,stress_2008_2009,stress,0.02056157299777954,-0.01025842612695882,-0.4989125164726762
improved_hrp_neutral_ease,recovery_2009_2010,recovery,0.40436701895798743,0.20308395587579486,0.5022268047456528
improved_hrp_neutral_ease,calm_bull_2013_2014,rising,0.34526971888143954,0.13610275153561058,0.39419255177239054
improved_hrp_neutral_ease,choppy_2015_2016,choppy,-0.7373378694298021,-0.042501038287892645,0.05764119822132496
improved_hrp_neutral_ease,stress_2020_crash,stress,0.37307410106006,-0.09378375823855101,-0.251381047282757
improved_hrp_neutral_ease,recovery_2020_2021,recovery,0.19585470648560496,0.18159545908752772,0.9271947677237704
improved_hrp_neutral_ease,stress_2022_rates,stress,0.07470230423942135,-0.014018623309998257,-0.1876598513623955
improved_hrp_neutral_ease,recovery_2023_2024,recovery,0.3416864041670291,0.1942064385010509,0.5683762541693509
improved_hrp_neutral_ease,calm_rally_2017_2019,rising,0.4960235056748544,0.24899026774174793,0.5019727188190193
improved_hrp_neutral_ease,top_rally_1,auto_rally,0.15476480148492677,0.07736252260558518,0.4998715590580838
improved_hrp_neutral_ease,top_rally_2,auto_rally,0.2079744162477448,0.09511065402865371,0.45731900944660087
improved_hrp_neutral_ease,top_rally_3,auto_rally,0.36925252040527556,0.12260372802485509,0.3320322035724781
improved_hrp_neutral_ease,top_rally_4,auto_rally,0.29667053975239666,0.08532101672090309,0.28759517811277324
improved_hrp_neutral_ease,top_rally_5,auto_rally,0.33675848316927937,0.08904086812301393,0.26440571677671887
improved_hrp_fragile_participation,stress_2008_2009,stress,0.0197687176759583,-0.009862860683150232,-0.4989125164726762
improved_hrp_fragile_participation,recovery_2009_2010,recovery,0.4033254494941134,0.20256085177203276,0.5022268047456528
improved_hrp_fragile_participation,calm_bull_2013_2014,rising,0.3480423353598826,0.13719569630033424,0.39419255177239054
improved_hrp_fragile_participation,choppy_2015_2016,choppy,-0.7668499060214278,-0.04420214743898554,0.05764119822132496
improved_hrp_fragile_participation,stress_2020_crash,stress,0.37307410106006,-0.09378375823855101,-0.251381047282757
improved_hrp_fragile_participation,recovery_2020_2021,recovery,0.19366011509951914,0.1795606454370573,0.9271947677237704
improved_hrp_fragile_participation,stress_2022_rates,stress,0.07086282846676469,-0.013298107857191988,-0.1876598513623955
improved_hrp_fragile_participation,recovery_2023_2024,recovery,0.33953381240083236,0.1929829564562242,0.5683762541693509
improved_hrp_fragile_participation,calm_rally_2017_2019,rising,0.48269171547915557,0.2422980727704882,0.5019727188190193
improved_hrp_fragile_participation,top_rally_1,auto_rally,0.1567880408088894,0.07837388240080201,0.4998715590580838
improved_hrp_fragile_participation,top_rally_2,auto_rally,0.20658145690991997,0.09447362724408026,0.45731900944660087
improved_hrp_fragile_participation,top_rally_3,auto_rally,0.36915464283002153,0.12257122951786315,0.3320322035724781
improved_hrp_fragile_participation,top_rally_4,auto_rally,0.2892253825101741,0.08317982539774849,0.28759517811277324
improved_hrp_fragile_participation,top_rally_5,auto_rally,0.317077244138346,0.08383703600998604,0.26440571677671887
improved_hrp_beta_participation,stress_2008_2009,stress,0.024373627424409454,-0.012160307793879555,-0.4989125164726762
improved_hrp_beta_participation,recovery_2009_2010,recovery,0.42206425367618167,0.21197198152114738,0.5022268047456528
improved_hrp_beta_participation,calm_bull_2013_2014,rising,0.36209875600079267,0.14273663262156067,0.39419255177239054
improved_hrp_beta_participation,choppy_2015_2016,choppy,-0.7054170383977472,-0.04066108333898455,0.05764119822132496
improved_hrp_beta_participation,stress_2020_crash,stress,0.3986196555614133,-0.10020542648251995,-0.251381047282757
improved_hrp_beta_participation,recovery_2020_2021,recovery,0.2155525318974289,0.1998591797449072,0.9271947677237704
improved_hrp_beta_participation,stress_2022_rates,stress,0.07200088343656122,-0.013511675083666241,-0.1876598513623955
improved_hrp_beta_participation,recovery_2023_2024,recovery,0.3598462350097328,0.20452805513177585,0.5683762541693509
improved_hrp_beta_participation,calm_rally_2017_2019,rising,0.4901777201091556,0.2460558428677011,0.5019727188190193
improved_hrp_beta_participation,top_rally_1,auto_rally,0.1610636518269027,0.08051113874630222,0.4998715590580838
improved_hrp_beta_participation,top_rally_2,auto_rally,0.21378021601246722,0.09776575662610187,0.45731900944660087
improved_hrp_beta_participation,top_rally_3,auto_rally,0.380702877329255,0.12640561526601535,0.3320322035724781
improved_hrp_beta_participation,top_rally_4,auto_rally,0.3189229137409749,0.0917206921815803,0.28759517811277324
improved_hrp_beta_participation,top_rally_5,auto_rally,0.3492494697550349,0.092343556384469,0.26440571677671887
improved_hrp_neutral_fragile_combo,stress_2008_2009,stress,0.0197687176759583,-0.009862860683150232,-0.4989125164726762
improved_hrp_neutral_fragile_combo,recovery_2009_2010,recovery,0.4074250510404108,0.20461978155736005,0.5022268047456528
improved_hrp_neutral_fragile_combo,calm_bull_2013_2014,rising,0.3459618721402162,0.13637559319490533,0.39419255177239054
improved_hrp_neutral_fragile_combo,choppy_2015_2016,choppy,-0.7467024950656481,-0.04304082653043695,0.05764119822132496
improved_hrp_neutral_fragile_combo,stress_2020_crash,stress,0.37307410106006,-0.09378375823855101,-0.251381047282757
improved_hrp_neutral_fragile_combo,recovery_2020_2021,recovery,0.19608838493514244,0.18181212452326867,0.9271947677237704
improved_hrp_neutral_fragile_combo,stress_2022_rates,stress,0.07470230423942135,-0.014018623309998257,-0.1876598513623955
improved_hrp_neutral_fragile_combo,recovery_2023_2024,recovery,0.3399210371953999,0.193203045834482,0.5683762541693509
improved_hrp_neutral_fragile_combo,calm_rally_2017_2019,rising,0.4949926422837614,0.24847280244258996,0.5019727188190193
improved_hrp_neutral_fragile_combo,top_rally_1,auto_rally,0.15756252929061101,0.07876102716563271,0.4998715590580838
improved_hrp_neutral_fragile_combo,top_rally_2,auto_rally,0.20658145690991997,0.09447362724408026,0.45731900944660087
improved_hrp_neutral_fragile_combo,top_rally_3,auto_rally,0.36915464283002153,0.12257122951786315,0.3320322035724781
improved_hrp_neutral_fragile_combo,top_rally_4,auto_rally,0.2993355247322165,0.08608745355084224,0.28759517811277324
improved_hrp_neutral_fragile_combo,top_rally_5,auto_rally,0.33675848316927937,0.08904086812301393,0.26440571677671887
improved_hrp_strength_weighted_selective,stress_2008_2009,stress,0.03131449415620187,-0.015623193081539588,-0.4989125164726762
improved_hrp_strength_weighted_selective,recovery_2009_2010,recovery,0.40420952665278037,0.20300485901857868,0.5022268047456528
improved_hrp_strength_weighted_selective,calm_bull_2013_2014,rising,0.34218852724599824,0.13488816874233622,0.39419255177239054
improved_hrp_strength_weighted_selective,choppy_2015_2016,choppy,-0.7725383065020869,-0.04453003365865349,0.05764119822132496
improved_hrp_strength_weighted_selective,stress_2020_crash,stress,0.3894932750471323,-0.09791122739093905,-0.251381047282757
improved_hrp_strength_weighted_selective,recovery_2020_2021,recovery,0.1935183069901682,0.1794291617000463,0.9271947677237704
improved_hrp_strength_weighted_selective,stress_2022_rates,stress,0.06212524837919903,-0.011658414876692391,-0.1876598513623955
improved_hrp_strength_weighted_selective,recovery_2023_2024,recovery,0.33852827744088493,0.19241143426225293,0.5683762541693509
improved_hrp_strength_weighted_selective,calm_rally_2017_2019,rising,0.46420677870493976,0.23301913880073744,0.5019727188190193
improved_hrp_strength_weighted_selective,top_rally_1,auto_rally,0.148041127547103,0.074001549231687,0.4998715590580838
improved_hrp_strength_weighted_selective,top_rally_2,auto_rally,0.21295339684192022,0.09738763650203586,0.45731900944660087
improved_hrp_strength_weighted_selective,top_rally_3,auto_rally,0.378640800154894,0.12572093923787575,0.3320322035724781
improved_hrp_strength_weighted_selective,top_rally_4,auto_rally,0.3053933784892612,0.08782966308108064,0.28759517811277324
improved_hrp_strength_weighted_selective,top_rally_5,auto_rally,0.3439622781441503,0.0909455926968572,0.26440571677671887
improved_hrp_good_state_offense,stress_2008_2009,stress,0.020561572997779987,-0.010258426126959042,-0.4989125164726762
improved_hrp_good_state_offense,recovery_2009_2010,recovery,0.41460539818179254,0.20822594435914077,0.5022268047456528
improved_hrp_good_state_offense,calm_bull_2013_2014,rising,0.34332435260178745,0.13533590263770257,0.39419255177239054
improved_hrp_good_state_offense,choppy_2015_2016,choppy,-0.7218471475234364,-0.0416081345158964,0.05764119822132496
improved_hrp_good_state_offense,stress_2020_crash,stress,0.37307410106006,-0.09378375823855101,-0.251381047282757
improved_hrp_good_state_offense,recovery_2020_2021,recovery,0.19856748932841245,0.18411073714534965,0.9271947677237704
improved_hrp_good_state_offense,stress_2022_rates,stress,0.07777591868104358,-0.014595417339258399,-0.1876598513623955
improved_hrp_good_state_offense,recovery_2023_2024,recovery,0.34270387358673554,0.1947847439585555,0.5683762541693509
improved_hrp_good_state_offense,calm_rally_2017_2019,rising,0.5058488657276152,0.25392233044080803,0.5019727188190193
improved_hrp_good_state_offense,top_rally_1,auto_rally,0.15532094391178497,0.07764052238755714,0.4998715590580838
improved_hrp_good_state_offense,top_rally_2,auto_rally,0.2079744162477448,0.09511065402865371,0.45731900944660087
improved_hrp_good_state_offense,top_rally_3,auto_rally,0.36925252040527556,0.12260372802485509,0.3320322035724781
improved_hrp_good_state_offense,top_rally_4,auto_rally,0.3059210328046163,0.08798141391788716,0.28759517811277324
improved_hrp_good_state_offense,top_rally_5,auto_rally,0.35106550242129386,0.09282372580328113,0.26440571677671887
improved_hrp_layer3_expression_relax,stress_2008_2009,stress,0.02004210680982553,-0.009999257943904216,-0.4989125164726762
improved_hrp_layer3_expression_relax,recovery_2009_2010,recovery,0.3991063409106512,0.2004419023492856,0.5022268047456528
improved_hrp_layer3_expression_relax,calm_bull_2013_2014,rising,0.3543464973006932,0.13968074998256874,0.39419255177239054
improved_hrp_layer3_expression_relax,choppy_2015_2016,choppy,-0.7696103207733699,-0.0443612610528753,0.05764119822132496
improved_hrp_layer3_expression_relax,stress_2020_crash,stress,0.3885690830574461,-0.09767890304068139,-0.251381047282757
improved_hrp_layer3_expression_relax,recovery_2020_2021,recovery,0.1998798170037139,0.18532752049942824,0.9271947677237704
improved_hrp_layer3_expression_relax,stress_2022_rates,stress,0.07360417728562269,-0.013812548969071359,-0.1876598513623955
improved_hrp_layer3_expression_relax,recovery_2023_2024,recovery,0.3473014328618928,0.19739788747769094,0.5683762541693509
improved_hrp_layer3_expression_relax,calm_rally_2017_2019,rising,0.4953633126949786,0.24865886887669442,0.5019727188190193
improved_hrp_layer3_expression_relax,top_rally_1,auto_rally,0.15360420642697895,0.0767823741445337,0.4998715590580838
improved_hrp_layer3_expression_relax,top_rally_2,auto_rally,0.2108961620356348,0.09644682391822634,0.45731900944660087
improved_hrp_layer3_expression_relax,top_rally_3,auto_rally,0.3723247010274685,0.12362379092661446,0.3320322035724781
improved_hrp_layer3_expression_relax,top_rally_4,auto_rally,0.2951771510505223,0.08489152533119593,0.28759517811277324
improved_hrp_layer3_expression_relax,top_rally_5,auto_rally,0.33268519847460437,0.08796386836368275,0.26440571677671887
improved_hrp_fragile_expression,stress_2008_2009,stress,0.01959197639904713,-0.009774682247921884,-0.4989125164726762
improved_hrp_fragile_expression,recovery_2009_2010,recovery,0.4087882992545182,0.20530444135200643,0.5022268047456528
improved_hrp_fragile_expression,calm_bull_2013_2014,rising,0.34632476178211247,0.13651864158885618,0.39419255177239054
improved_hrp_fragile_expression,choppy_2015_2016,choppy,-0.744202588420094,-0.04289672891594576,0.05764119822132496
improved_hrp_fragile_expression,stress_2020_crash,stress,0.37307410106006,-0.09378375823855101,-0.251381047282757
improved_hrp_fragile_expression,recovery_2020_2021,recovery,0.19571881510551215,0.1814694613109269,0.9271947677237704
improved_hrp_fragile_expression,stress_2022_rates,stress,0.07470230423942135,-0.014018623309998257,-0.1876598513623955
improved_hrp_fragile_expression,recovery_2023_2024,recovery,0.3393388391203221,0.19287213827338467,0.5683762541693509
improved_hrp_fragile_expression,calm_rally_2017_2019,rising,0.4957927750478303,0.2488744472615858,0.5019727188190193
improved_hrp_fragile_expression,top_rally_1,auto_rally,0.1587703785509777,0.07936479665851937,0.4998715590580838
improved_hrp_fragile_expression,top_rally_2,auto_rally,0.2077190680375277,0.09499387843809326,0.45731900944660087
improved_hrp_fragile_expression,top_rally_3,auto_rally,0.37037200644520735,0.12297543344156225,0.3320322035724781
improved_hrp_fragile_expression,top_rally_4,auto_rally,0.29667053975239666,0.08532101672090309,0.28759517811277324
improved_hrp_fragile_expression,top_rally_5,auto_rally,0.33675848316927937,0.08904086812301393,0.26440571677671887
improved_hrp_neutral_ease_beta_diag,stress_2008_2009,stress,0.022848894119016566,-0.011399599263536286,-0.4989125164726762
improved_hrp_neutral_ease_beta_diag,recovery_2009_2010,recovery,0.42017579672506983,0.21102354782069077,0.5022268047456528
improved_hrp_neutral_ease_beta_diag,calm_bull_2013_2014,rising,0.35511189001083465,0.1399824620880874,0.39419255177239054
improved_hrp_neutral_ease_beta_diag,choppy_2015_2016,choppy,-0.7070200658903477,-0.04075348376443977,0.05764119822132496
improved_hrp_neutral_ease_beta_diag,stress_2020_crash,stress,0.39010480486217075,-0.09806495439628804,-0.251381047282757
improved_hrp_neutral_ease_beta_diag,recovery_2020_2021,recovery,0.2103307314095515,0.19501755365444984,0.9271947677237704
improved_hrp_neutral_ease_beta_diag,stress_2022_rates,stress,0.07470230423942135,-0.014018623309998257,-0.1876598513623955
improved_hrp_neutral_ease_beta_diag,recovery_2023_2024,recovery,0.3545715047558738,0.20153002370833373,0.5683762541693509
improved_hrp_neutral_ease_beta_diag,calm_rally_2017_2019,rising,0.5006057515591018,0.25129043016656083,0.5019727188190193
improved_hrp_neutral_ease_beta_diag,top_rally_1,auto_rally,0.15920295699588577,0.07958103032019048,0.4998715590580838
improved_hrp_neutral_ease_beta_diag,top_rally_2,auto_rally,0.21154615995023976,0.09674408032067583,0.45731900944660087
improved_hrp_neutral_ease_beta_diag,top_rally_3,auto_rally,0.37627446803875714,0.12493524077097051,0.3320322035724781
improved_hrp_neutral_ease_beta_diag,top_rally_4,auto_rally,0.31719380831672417,0.09122340979911714,0.28759517811277324
improved_hrp_neutral_ease_beta_diag,top_rally_5,auto_rally,0.3571983053888128,0.09444527396775837,0.26440571677671887
improved_hrp_good_state_fragile_combo,stress_2008_2009,stress,0.01959197639904713,-0.009774682247921884,-0.4989125164726762
improved_hrp_good_state_fragile_combo,recovery_2009_2010,recovery,0.4191080039773139,0.21048727368085474,0.5022268047456528
improved_hrp_good_state_fragile_combo,calm_bull_2013_2014,rising,0.3443837209026672,0.13575349773149314,0.39419255177239054
improved_hrp_good_state_fragile_combo,choppy_2015_2016,choppy,-0.7285777526423509,-0.04199609465970522,0.05764119822132496
improved_hrp_good_state_fragile_combo,stress_2020_crash,stress,0.37307410106006,-0.09378375823855101,-0.251381047282757
improved_hrp_good_state_fragile_combo,recovery_2020_2021,recovery,0.19843130867452383,0.1839844711555989,0.9271947677237704
improved_hrp_good_state_fragile_combo,stress_2022_rates,stress,0.07777591868104358,-0.014595417339258399,-0.1876598513623955
improved_hrp_good_state_fragile_combo,recovery_2023_2024,recovery,0.3403516619529389,0.1934478027211246,0.5683762541693509
improved_hrp_good_state_fragile_combo,calm_rally_2017_2019,rising,0.505617223982265,0.2538060526041026,0.5019727188190193
improved_hrp_good_state_fragile_combo,top_rally_1,auto_rally,0.15938487463578507,0.07967196577446711,0.4998715590580838
improved_hrp_good_state_fragile_combo,top_rally_2,auto_rally,0.2077190680375277,0.09499387843809326,0.45731900944660087
improved_hrp_good_state_fragile_combo,top_rally_3,auto_rally,0.37037200644520735,0.12297543344156225,0.3320322035724781
improved_hrp_good_state_fragile_combo,top_rally_4,auto_rally,0.3059210328046163,0.08798141391788716,0.28759517811277324
improved_hrp_good_state_fragile_combo,top_rally_5,auto_rally,0.35106550242129386,0.09282372580328113,0.26440571677671887
improved_hrp_good_state_transition_aware,stress_2008_2009,stress,0.01959197639904713,-0.009774682247921884,-0.4989125164726762
improved_hrp_good_state_transition_aware,recovery_2009_2010,recovery,0.421523803290041,0.21170055285059242,0.5022268047456528
improved_hrp_good_state_transition_aware,calm_bull_2013_2014,rising,0.34305004313895304,0.13522777189057256,0.39419255177239054
improved_hrp_good_state_transition_aware,choppy_2015_2016,choppy,-0.7174514154131596,-0.041354759250000095,0.05764119822132496
improved_hrp_good_state_transition_aware,stress_2020_crash,stress,0.37307410106006,-0.09378375823855101,-0.251381047282757
improved_hrp_good_state_transition_aware,recovery_2020_2021,recovery,0.19972571375977619,0.18518463677795993,0.9271947677237704
improved_hrp_good_state_transition_aware,stress_2022_rates,stress,0.08008231603175417,-0.015028235523275368,-0.1876598513623955
improved_hrp_good_state_transition_aware,recovery_2023_2024,recovery,0.34047822651313875,0.19351973901176156,0.5683762541693509
improved_hrp_good_state_transition_aware,calm_rally_2017_2019,rising,0.5129198571026051,0.2574717752060576,0.5019727188190193
improved_hrp_good_state_transition_aware,top_rally_1,auto_rally,0.1598143579867873,0.07988665228672209,0.4998715590580838
improved_hrp_good_state_transition_aware,top_rally_2,auto_rally,0.2077190680375277,0.09499387843809326,0.45731900944660087
improved_hrp_good_state_transition_aware,top_rally_3,auto_rally,0.37037200644520735,0.12297543344156225,0.3320322035724781
improved_hrp_good_state_transition_aware,top_rally_4,auto_rally,0.311637716364164,0.08962550454440965,0.28759517811277324
improved_hrp_good_state_transition_aware,top_rally_5,auto_rally,0.3629209796904458,0.09595838176836136,0.26440571677671887
improved_hrp_good_state_stabilizer,stress_2008_2009,stress,0.01959197639904713,-0.009774682247921884,-0.4989125164726762
improved_hrp_good_state_stabilizer,recovery_2009_2010,recovery,0.4191080039773139,0.21048727368085474,0.5022268047456528
improved_hrp_good_state_stabilizer,calm_bull_2013_2014,rising,0.3443837209026672,0.13575349773149314,0.39419255177239054
improved_hrp_good_state_stabilizer,choppy_2015_2016,choppy,-0.7285777526423509,-0.04199609465970522,0.05764119822132496
improved_hrp_good_state_stabilizer,stress_2020_crash,stress,0.37307410106006,-0.09378375823855101,-0.251381047282757
improved_hrp_good_state_stabilizer,recovery_2020_2021,recovery,0.19843130867452383,0.1839844711555989,0.9271947677237704
improved_hrp_good_state_stabilizer,stress_2022_rates,stress,0.07777591868104358,-0.014595417339258399,-0.1876598513623955
improved_hrp_good_state_stabilizer,recovery_2023_2024,recovery,0.3403516619529389,0.1934478027211246,0.5683762541693509
improved_hrp_good_state_stabilizer,calm_rally_2017_2019,rising,0.505617223982265,0.2538060526041026,0.5019727188190193
improved_hrp_good_state_stabilizer,top_rally_1,auto_rally,0.15938487463578507,0.07967196577446711,0.4998715590580838
improved_hrp_good_state_stabilizer,top_rally_2,auto_rally,0.2077190680375277,0.09499387843809326,0.45731900944660087
improved_hrp_good_state_stabilizer,top_rally_3,auto_rally,0.37037200644520735,0.12297543344156225,0.3320322035724781
improved_hrp_good_state_stabilizer,top_rally_4,auto_rally,0.3059210328046163,0.08798141391788716,0.28759517811277324
improved_hrp_good_state_stabilizer,top_rally_5,auto_rally,0.35106550242129386,0.09282372580328113,0.26440571677671887
improved_hrp_good_state_strong_offense,stress_2008_2009,stress,0.022050372888366667,-0.011001207026895887,-0.4989125164726762
improved_hrp_good_state_strong_offense,recovery_2009_2010,recovery,0.4233702646421983,0.21262789523557268,0.5022268047456528
improved_hrp_good_state_strong_offense,calm_bull_2013_2014,rising,0.35358535591055723,0.13938071371573146,0.39419255177239054
improved_hrp_good_state_strong_offense,choppy_2015_2016,choppy,-0.718765291020398,-0.041430492614315084,0.05764119822132496
improved_hrp_good_state_strong_offense,stress_2020_crash,stress,0.38043240503497944,-0.09563349639799112,-0.251381047282757
improved_hrp_good_state_strong_offense,recovery_2020_2021,recovery,0.2001555169259545,0.1855831480247916,0.9271947677237704
improved_hrp_good_state_strong_offense,stress_2022_rates,stress,0.0733223315486179,-0.013759657839957917,-0.1876598513623955
improved_hrp_good_state_strong_offense,recovery_2023_2024,recovery,0.3470979945494547,0.19728225797171284,0.5683762541693509
improved_hrp_good_state_strong_offense,calm_rally_2017_2019,rising,0.5156529932881907,0.2588437350080386,0.5019727188190193
improved_hrp_good_state_strong_offense,top_rally_1,auto_rally,0.16088962208633548,0.08042414622856242,0.4998715590580838
improved_hrp_good_state_strong_offense,top_rally_2,auto_rally,0.21287279360953523,0.09735077511164336,0.45731900944660087
improved_hrp_good_state_strong_offense,top_rally_3,auto_rally,0.37037200644520735,0.12297543344156225,0.3320322035724781
improved_hrp_good_state_strong_offense,top_rally_4,auto_rally,0.3135418853848726,0.09017313437307717,0.28759517811277324
improved_hrp_good_state_strong_offense,top_rally_5,auto_rally,0.37118193202299216,0.09814262479110658,0.26440571677671887
improved_hrp_good_state_mix_rotation,stress_2008_2009,stress,0.019588639962090353,-0.009773017657763727,-0.4989125164726762
improved_hrp_good_state_mix_rotation,recovery_2009_2010,recovery,0.4176653678130219,0.20976274312965182,0.5022268047456528
improved_hrp_good_state_mix_rotation,calm_bull_2013_2014,rising,0.34842005665674136,0.13734459122220177,0.39419255177239054
improved_hrp_good_state_mix_rotation,choppy_2015_2016,choppy,-0.7205872329429569,-0.041535511529821045,0.05764119822132496
improved_hrp_good_state_mix_rotation,stress_2020_crash,stress,0.3837116832825234,-0.0964578447981903,-0.251381047282757
improved_hrp_good_state_mix_rotation,recovery_2020_2021,recovery,0.20178432587423445,0.1870933711592584,0.9271947677237704
improved_hrp_good_state_mix_rotation,stress_2022_rates,stress,0.07687166233830724,-0.01442572472838699,-0.1876598513623955
improved_hrp_good_state_mix_rotation,recovery_2023_2024,recovery,0.3435314050696927,0.1952550932030459,0.5683762541693509
improved_hrp_good_state_mix_rotation,calm_rally_2017_2019,rising,0.5057617159797514,0.25387858364492843,0.5019727188190193
improved_hrp_good_state_mix_rotation,top_rally_1,auto_rally,0.15984375354407407,0.07990134628977241,0.4998715590580838
improved_hrp_good_state_mix_rotation,top_rally_2,auto_rally,0.2112698655676912,0.09661772564733306,0.45731900944660087
improved_hrp_good_state_mix_rotation,top_rally_3,auto_rally,0.36990598097467764,0.12282069797766137,0.3320322035724781
improved_hrp_good_state_mix_rotation,top_rally_4,auto_rally,0.3080596444163871,0.08859646830528844,0.28759517811277324
improved_hrp_good_state_mix_rotation,top_rally_5,auto_rally,0.3491625514265486,0.09232057468152455,0.26440571677671887
improved_hrp_good_state_combo_plus,stress_2008_2009,stress,0.022056856550927317,-0.01100444180729998,-0.4989125164726762
improved_hrp_good_state_combo_plus,recovery_2009_2010,recovery,0.4219241832895934,0.21190163441845167,0.5022268047456528
improved_hrp_good_state_combo_plus,calm_bull_2013_2014,rising,0.35760316010730064,0.14096450220456758,0.39419255177239054
improved_hrp_good_state_combo_plus,choppy_2015_2016,choppy,-0.7107784637275978,-0.0409701223191713,0.05764119822132496
improved_hrp_good_state_combo_plus,stress_2020_crash,stress,0.39118383184099687,-0.0983362013282717,-0.251381047282757
improved_hrp_good_state_combo_plus,recovery_2020_2021,recovery,0.2035081062585522,0.1886916513123027,0.9271947677237704
improved_hrp_good_state_combo_plus,stress_2022_rates,stress,0.07238169085863849,-0.013583137347890961,-0.1876598513623955
improved_hrp_good_state_combo_plus,recovery_2023_2024,recovery,0.35031495010666036,0.19911069912114665,0.5683762541693509
improved_hrp_good_state_combo_plus,calm_rally_2017_2019,rising,0.5157887670615868,0.25891188973821455,0.5019727188190193
improved_hrp_good_state_combo_plus,top_rally_1,auto_rally,0.161346399238221,0.08065247613561755,0.4998715590580838
improved_hrp_good_state_combo_plus,top_rally_2,auto_rally,0.21655697169419397,0.09903561978394437,0.45731900944660087
improved_hrp_good_state_combo_plus,top_rally_3,auto_rally,0.36990598097467764,0.12282069797766137,0.3320322035724781
improved_hrp_good_state_combo_plus,top_rally_4,auto_rally,0.3156848030711653,0.09078942716674754,0.28759517811277324
improved_hrp_good_state_combo_plus,top_rally_5,auto_rally,0.36925110200949984,0.09763210229741515,0.26440571677671887
