version_name,rolling_windows,rolling_avg_raw_composite,rolling_median_raw_composite,rolling_avg_sharpe,rolling_avg_ann_return
improved_phase2b_regime_confidence_boost,15,0.5732330396866556,0.48561101714030536,0.8156749189446502,0.061084726976640615
improved_phase2b_combo_abc,15,0.5744858397371243,0.49280103524357666,0.8152959751973454,0.06087840615669989
improved_phaseh_refined_state_allocator,15,0.5935910144062724,0.5832374193284993,0.8363362760316716,0.06770529996919142
improved_phasen_distributional_tail_allocator,15,0.609064389105275,0.6493233564890524,0.8756814713387006,0.06297251556413176
improved_phaseo_tail_priority_allocator,15,0.6005249697753418,0.6506280104966747,0.8703282203578852,0.0617781573079448
improved_phaseh_refined_panel_blend,15,0.590755599211338,0.5769405448484888,0.8274105507718722,0.06595347689391227
improved_phasep_hard_trust_switch_allocator,15,0.5648333647015373,0.47906050375433984,0.8363204370917728,0.061869905032210494
improved_phasep_soft_trust_blend_allocator,15,0.5683367397266414,0.47459265092377656,0.8358882734595345,0.06150532044991154
improved_phasep_regret_aware_meta_allocator,15,0.6002231667411702,0.6245307025864273,0.8692251640900491,0.062371207972977995
