Date,risk_state,signal_environment,overlay_multiplier,target_vol_multiplier,defensive_weight,defensive_asset,secondary_defensive_asset
2005-01-07,neutral,mixed,0.65,0.75,0.35,BIL,IEF
2005-01-14,neutral,reversal_friendly,0.65,0.75,0.35,BIL,IEF
2005-01-21,neutral,reversal_friendly,0.65,0.75,0.35,BIL,IEF
2005-01-28,neutral,reversal_friendly,0.65,0.75,0.35,BIL,IEF
2005-02-04,neutral,reversal_friendly,0.65,0.75,0.35,BIL,IEF
2005-02-11,neutral,reversal_friendly,0.65,0.75,0.35,BIL,IEF
2005-02-18,neutral,reversal_friendly,0.65,0.75,0.35,BIL,IEF
2005-02-25,neutral,reversal_friendly,0.65,1.25,0.35,BIL,IEF
2005-03-04,neutral,reversal_friendly,0.65,1.25,0.35,BIL,IEF
2005-03-11,neutral,reversal_friendly,0.65,1.25,0.35,BIL,IEF
2005-03-18,neutral,reversal_friendly,0.65,1.25,0.35,BIL,IEF
2005-03-25,neutral,reversal_friendly,0.65,1.25,0.35,BIL,IEF
2005-04-01,neutral,reversal_friendly,0.65,1.25,0.35,BIL,IEF
2005-04-08,neutral,reversal_friendly,0.65,1.25,0.35,BIL,IEF
2005-04-15,neutral,reversal_friendly,0.65,1.25,0.35,BIL,IEF
2005-04-22,neutral,reversal_friendly,0.65,1.1236673834153457,0.35,BIL,IEF
2005-04-29,neutral,reversal_friendly,0.65,1.1091954125948482,0.35,BIL,IEF
2005-05-06,neutral,reversal_friendly,0.65,1.116024575171949,0.35,BIL,IEF
2005-05-13,neutral,reversal_friendly,0.65,1.2277067457660318,0.35,BIL,IEF
2005-05-20,neutral,reversal_friendly,0.65,1.215845348263582,0.35,BIL,IEF
2005-05-27,neutral,reversal_friendly,0.65,1.017764958597497,0.35,BIL,IEF
2005-06-03,neutral,reversal_friendly,0.65,1.015242298514979,0.35,BIL,IEF
2005-06-10,neutral,reversal_friendly,0.65,1.0366289647154447,0.35,BIL,IEF
2005-06-17,neutral,reversal_friendly,0.65,1.0998499361413159,0.35,BIL,IEF
2005-06-24,neutral,reversal_friendly,0.65,1.1012983673443064,0.35,BIL,IEF
2005-07-01,neutral,reversal_friendly,0.65,1.0498425819221398,0.35,BIL,IEF
2005-07-08,neutral,reversal_friendly,0.65,1.0484695006216238,0.35,BIL,IEF
2005-07-15,neutral,reversal_friendly,0.65,1.022330591582027,0.35,BIL,IEF
2005-07-22,neutral,reversal_friendly,0.65,1.25,0.35,BIL,IEF
2005-07-29,neutral,reversal_friendly,0.65,1.25,0.35,BIL,IEF
2005-08-05,neutral,reversal_friendly,0.65,1.25,0.35,BIL,IEF
2005-08-12,neutral,reversal_friendly,0.65,1.25,0.35,BIL,IEF
2005-08-19,calm,reversal_friendly,1.0,1.25,0.0,BIL,IEF
2005-08-26,calm,reversal_friendly,1.0,1.25,0.0,BIL,IEF
2005-09-02,calm,reversal_friendly,1.0,1.25,0.0,BIL,IEF
2005-09-09,calm,reversal_friendly,1.0,1.25,0.0,BIL,IEF
2005-09-16,neutral,reversal_friendly,0.65,1.25,0.35,BIL,IEF
2005-09-23,neutral,reversal_friendly,0.65,1.25,0.35,BIL,IEF
2005-09-30,calm,reversal_friendly,1.0,1.25,0.0,BIL,IEF
2005-10-07,calm,reversal_friendly,1.0,1.25,0.0,BIL,IEF
2005-10-14,neutral,reversal_friendly,0.65,1.222338214444656,0.35,BIL,IEF
2005-10-21,neutral,reversal_friendly,0.65,1.25,0.35,BIL,IEF
2005-10-28,neutral,reversal_friendly,0.65,1.25,0.35,BIL,IEF
2005-11-04,neutral,reversal_friendly,0.65,1.211385810657547,0.35,BIL,IEF
2005-11-11,neutral,reversal_friendly,0.65,1.1211256991854956,0.35,BIL,IEF
2005-11-18,neutral,reversal_friendly,0.65,1.0866162535940906,0.35,BIL,IEF
2005-11-25,neutral,reversal_friendly,0.65,1.0766162400281685,0.35,BIL,IEF
2005-12-02,neutral,reversal_friendly,0.65,1.1026459897711998,0.35,BIL,IEF
2005-12-09,neutral,reversal_friendly,0.65,1.1105655840733002,0.35,BIL,IEF
2005-12-16,neutral,reversal_friendly,0.65,1.1627434841231847,0.35,BIL,IEF
2005-12-23,neutral,reversal_friendly,0.65,1.169564132304487,0.35,BIL,IEF
2005-12-30,neutral,reversal_friendly,0.65,1.25,0.35,BIL,IEF
2006-01-06,neutral,reversal_friendly,0.65,1.1908230398598958,0.35,BIL,IEF
2006-01-13,calm,reversal_friendly,1.0,1.25,0.0,BIL,IEF
2006-01-20,calm,reversal_friendly,1.0,1.25,0.0,BIL,IEF
2006-01-27,neutral,reversal_friendly,0.65,1.1381932170203226,0.35,BIL,IEF
2006-02-03,neutral,reversal_friendly,0.65,1.1073420564425154,0.35,BIL,IEF
2006-02-10,neutral,reversal_friendly,0.65,1.0552302077082354,0.35,BIL,IEF
2006-02-17,neutral,reversal_friendly,0.65,1.0765344540140809,0.35,BIL,IEF
2006-02-24,neutral,reversal_friendly,0.65,1.0510924753045119,0.35,BIL,IEF
2006-03-03,neutral,reversal_friendly,0.65,1.084267060044129,0.35,BIL,IEF
2006-03-10,neutral,reversal_friendly,0.65,1.0784826521286222,0.35,BIL,IEF
2006-03-17,neutral,mixed,0.65,1.0832171706721323,0.35,BIL,IEF
2006-03-24,neutral,mixed,0.65,1.0311993352352107,0.35,BIL,IEF
2006-03-31,neutral,mixed,0.65,1.025579621248019,0.35,BIL,IEF
2006-04-07,neutral,mixed,0.65,1.096897822333644,0.35,BIL,IEF
2006-04-14,neutral,mixed,0.65,1.25,0.35,BIL,IEF
2006-04-21,neutral,mixed,0.65,1.25,0.35,BIL,IEF
2006-04-28,calm,trend_friendly,1.0,1.25,0.0,BIL,IEF
2006-05-05,calm,trend_friendly,1.0,1.25,0.0,BIL,IEF
2006-05-12,calm,trend_friendly,1.0,1.25,0.0,BIL,IEF
2006-05-19,neutral,mixed,0.65,1.25,0.35,BIL,IEF
2006-05-26,stressed,reversal_friendly,0.3,1.25,0.7,BIL,IEF
2006-06-02,neutral,mixed,0.65,1.25,0.35,BIL,IEF
2006-06-09,neutral,mixed,0.65,1.25,0.35,BIL,IEF
2006-06-16,neutral,mixed,0.65,1.1161747271048263,0.35,BIL,IEF
2006-06-23,stressed,reversal_friendly,0.3,1.235656499000061,0.7,BIL,IEF
2006-06-30,neutral,mixed,0.65,1.2350771835085332,0.35,BIL,IEF
2006-07-07,neutral,mixed,0.65,1.0899419539096395,0.35,BIL,IEF
2006-07-14,neutral,mixed,0.65,1.0869382429021257,0.35,BIL,IEF
2006-07-21,stressed,reversal_friendly,0.3,1.0042167239917226,0.7,BIL,IEF
2006-07-28,neutral,mixed,0.65,1.0805478130907824,0.35,BIL,IEF
2006-08-04,neutral,mixed,0.65,0.9045442679348542,0.35,BIL,IEF
2006-08-11,neutral,mixed,0.65,0.9139961999713148,0.35,BIL,IEF
2006-08-18,neutral,mixed,0.65,0.9748728644905489,0.35,BIL,IEF
2006-08-25,neutral,mixed,0.65,0.9136179439101848,0.35,BIL,IEF
2006-09-01,neutral,mixed,0.65,0.9123756125076147,0.35,BIL,IEF
2006-09-08,neutral,mixed,0.65,0.9005288093940699,0.35,BIL,IEF
2006-09-15,neutral,mixed,0.65,1.0085180430223848,0.35,BIL,IEF
2006-09-22,neutral,mixed,0.65,0.9867509574742352,0.35,BIL,IEF
2006-09-29,neutral,mixed,0.65,0.9823913423558153,0.35,BIL,IEF
2006-10-06,neutral,mixed,0.65,1.0127042912164839,0.35,BIL,IEF
2006-10-13,neutral,mixed,0.65,1.023245090810536,0.35,BIL,IEF
2006-10-20,neutral,mixed,0.65,1.2218259052011986,0.35,BIL,IEF
2006-10-27,neutral,mixed,0.65,1.2158614212275012,0.35,BIL,IEF
2006-11-03,neutral,mixed,0.65,1.25,0.35,BIL,IEF
2006-11-10,neutral,mixed,0.65,1.25,0.35,BIL,IEF
2006-11-17,neutral,mixed,0.65,1.25,0.35,BIL,IEF
2006-11-24,calm,trend_friendly,1.0,1.25,0.0,BIL,IEF
2006-12-01,calm,trend_friendly,1.0,1.25,0.0,BIL,IEF
2006-12-08,neutral,mixed,0.65,1.25,0.35,BIL,IEF
2006-12-15,calm,trend_friendly,1.0,1.25,0.0,BIL,IEF
2006-12-22,calm,trend_friendly,1.0,1.25,0.0,BIL,IEF
2006-12-29,calm,trend_friendly,1.0,1.25,0.0,BIL,IEF
2007-01-05,calm,trend_friendly,1.0,1.25,0.0,BIL,IEF
2007-01-12,calm,trend_friendly,1.0,1.25,0.0,BIL,IEF
2007-01-19,calm,trend_friendly,1.0,1.25,0.0,BIL,IEF
2007-01-26,calm,trend_friendly,1.0,1.25,0.0,BIL,IEF
2007-02-02,calm,trend_friendly,1.0,1.25,0.0,BIL,IEF
2007-02-09,calm,trend_friendly,1.0,1.25,0.0,BIL,IEF
2007-02-16,calm,trend_friendly,1.0,1.25,0.0,BIL,IEF
2007-02-23,calm,trend_friendly,1.0,1.25,0.0,BIL,IEF
2007-03-02,calm,trend_friendly,1.0,1.25,0.0,BIL,IEF
2007-03-09,neutral,mixed,0.65,0.9774694620427655,0.35,BIL,IEF
2007-03-16,neutral,mixed,0.65,0.9558950304858769,0.35,BIL,IEF
2007-03-23,neutral,mixed,0.65,0.9605517404087833,0.35,BIL,IEF
2007-03-30,neutral,mixed,0.65,0.8413181641414379,0.35,BIL,IEF
2007-04-06,neutral,mixed,0.65,0.8327372941291741,0.35,BIL,IEF
2007-04-13,neutral,mixed,0.65,0.8228407305134589,0.35,BIL,IEF
2007-04-20,neutral,mixed,0.65,0.8460018947794494,0.35,BIL,IEF
2007-04-27,neutral,mixed,0.65,0.8137994239241453,0.35,BIL,IEF
2007-05-04,neutral,mixed,0.65,0.8198023016407712,0.35,BIL,IEF
2007-05-11,neutral,mixed,0.65,0.8361843513641622,0.35,BIL,IEF
2007-05-18,neutral,mixed,0.65,0.8432741581243876,0.35,BIL,IEF
2007-05-25,neutral,mixed,0.65,0.8443831834985135,0.35,BIL,IEF
2007-06-01,neutral,mixed,0.65,0.8396147121516688,0.35,BIL,IEF
2007-06-08,neutral,mixed,0.65,1.25,0.35,BIL,IEF
2007-06-15,neutral,mixed,0.65,1.0927558634759946,0.35,BIL,IEF
2007-06-22,neutral,mixed,0.65,1.1446265158379119,0.35,BIL,IEF
2007-06-29,neutral,mixed,0.65,1.2259258702666567,0.35,BIL,IEF
2007-07-06,neutral,mixed,0.65,1.25,0.35,BIL,IEF
2007-07-13,neutral,mixed,0.65,1.25,0.35,BIL,IEF
2007-07-20,neutral,mixed,0.65,1.25,0.35,BIL,IEF
2007-07-27,neutral,mixed,0.65,1.25,0.35,BIL,IEF
2007-08-03,stressed,reversal_friendly,0.3,0.8197518531555061,0.7,BIL,IEF
2007-08-10,stressed,reversal_friendly,0.3,0.82782843675712,0.7,BIL,IEF
2007-08-17,stressed,reversal_friendly,0.3,0.8211386290794824,0.7,BIL,IEF
2007-08-24,stressed,reversal_friendly,0.3,0.8391197796041188,0.7,BIL,IEF
2007-08-31,stressed,reversal_friendly,0.3,0.7804425606552885,0.7,BIL,IEF
2007-09-07,stressed,reversal_friendly,0.3,0.8032412002316066,0.7,BIL,IEF
2007-09-14,stressed,reversal_friendly,0.3,0.8224456998922095,0.7,BIL,IEF
2007-09-21,stressed,reversal_friendly,0.3,0.8171013452135417,0.7,BIL,IEF
2007-09-28,neutral,mixed,0.65,0.7858613309576628,0.35,BIL,IEF
2007-10-05,neutral,mixed,0.65,0.7857728388386004,0.35,BIL,IEF
2007-10-12,stressed,reversal_friendly,0.3,0.7746635086977284,0.7,BIL,IEF
2007-10-19,stressed,reversal_friendly,0.3,0.7824441492849747,0.7,BIL,IEF
2007-10-26,stressed,reversal_friendly,0.3,0.6809183142524644,0.7,BIL,IEF
2007-11-02,stressed,reversal_friendly,0.3,0.8516783730941268,0.7,BIL,IEF
2007-11-09,stressed,reversal_friendly,0.3,0.8311067722279344,0.7,BIL,IEF
2007-11-16,stressed,reversal_friendly,0.3,0.7084106910859014,0.7,BIL,IEF
2007-11-23,stressed,reversal_friendly,0.3,0.7078281126562823,0.7,BIL,IEF
2007-11-30,stressed,reversal_friendly,0.3,0.7367847151479501,0.7,BIL,IEF
2007-12-07,stressed,reversal_friendly,0.3,0.6841598850338257,0.7,BIL,IEF
2007-12-14,stressed,reversal_friendly,0.3,0.6835606341103018,0.7,BIL,IEF
2007-12-21,stressed,reversal_friendly,0.3,0.6665692945242517,0.7,BIL,IEF
2007-12-28,neutral,reversal_friendly,0.65,0.6914357836823267,0.35,BIL,IEF
2008-01-04,stressed,reversal_friendly,0.3,0.6922659091741875,0.7,BIL,IEF
2008-01-11,stressed,reversal_friendly,0.3,0.6621286414722082,0.7,BIL,IEF
2008-01-18,stressed,reversal_friendly,0.3,0.6667892467184283,0.7,BIL,IEF
2008-01-25,stressed,reversal_friendly,0.3,0.6165587916687276,0.7,BIL,IEF
2008-02-01,stressed,reversal_friendly,0.3,0.6553599240396882,0.7,BIL,IEF
2008-02-08,stressed,reversal_friendly,0.3,0.5516865873421101,0.7,BIL,IEF
2008-02-15,stressed,reversal_friendly,0.3,0.5395660472780156,0.7,BIL,IEF
2008-02-22,stressed,reversal_friendly,0.3,0.5316782372800336,0.7,BIL,IEF
2008-02-29,stressed,reversal_friendly,0.3,0.5313639572797688,0.7,BIL,IEF
2008-03-07,stressed,reversal_friendly,0.3,0.5635475354177808,0.7,BIL,IEF
2008-03-14,stressed,reversal_friendly,0.3,0.5665882231784466,0.7,BIL,IEF
2008-03-21,stressed,reversal_friendly,0.3,0.5704745588967141,0.7,BIL,IEF
2008-03-28,stressed,reversal_friendly,0.3,0.5532144815861995,0.7,BIL,IEF
2008-04-04,stressed,reversal_friendly,0.3,0.5530193353968514,0.7,BIL,IEF
2008-04-11,stressed,reversal_friendly,0.3,0.5338438612773201,0.7,BIL,IEF
2008-04-18,stressed,reversal_friendly,0.3,0.5225279055196879,0.7,BIL,IEF
2008-04-25,stressed,reversal_friendly,0.3,0.5719308922654207,0.7,BIL,IEF
2008-05-02,stressed,reversal_friendly,0.3,0.5718072046522316,0.7,BIL,IEF
2008-05-09,neutral,reversal_friendly,0.6383407011135315,0.6383407011135315,0.3616592988864685,BIL,IEF
2008-05-16,neutral,reversal_friendly,0.65,0.7344698132828592,0.35,BIL,IEF
2008-05-23,neutral,reversal_friendly,0.65,0.7122504041709912,0.35,BIL,IEF
2008-05-30,neutral,reversal_friendly,0.6431744027719176,0.6431744027719176,0.3568255972280824,BIL,IEF
2008-06-06,neutral,reversal_friendly,0.642872772121291,0.642872772121291,0.357127227878709,BIL,IEF
2008-06-13,neutral,reversal_friendly,0.6478170615710378,0.6478170615710378,0.3521829384289622,BIL,IEF
2008-06-20,neutral,reversal_friendly,0.6477041485825784,0.6477041485825784,0.3522958514174216,BIL,IEF
2008-06-27,neutral,reversal_friendly,0.6280614488619342,0.6280614488619342,0.37193855113806584,BIL,IEF
2008-07-04,neutral,reversal_friendly,0.5970815882013951,0.5970815882013951,0.4029184117986049,BIL,IEF
2008-07-11,neutral,reversal_friendly,0.65,0.6710469772963554,0.35,BIL,IEF
2008-07-18,stressed,reversal_friendly,0.3,0.680846558853318,0.7,BIL,IEF
2008-07-25,neutral,reversal_friendly,0.65,0.7595248194073507,0.35,BIL,IEF
2008-08-01,neutral,reversal_friendly,0.65,0.7745349758123499,0.35,BIL,IEF
2008-08-08,neutral,reversal_friendly,0.65,0.7955103763133873,0.35,BIL,IEF
2008-08-15,neutral,reversal_friendly,0.65,0.7362285716805567,0.35,BIL,IEF
2008-08-22,neutral,reversal_friendly,0.65,0.7993535099246752,0.35,BIL,IEF
2008-08-29,neutral,reversal_friendly,0.65,0.8785444295198626,0.35,BIL,IEF
2008-09-05,neutral,reversal_friendly,0.65,0.9482507919781602,0.35,BIL,IEF
2008-09-12,neutral,reversal_friendly,0.65,0.9175021697563197,0.35,BIL,IEF
2008-09-19,stressed,reversal_friendly,0.3,0.8794024403251598,0.7,BIL,IEF
2008-09-26,stressed,reversal_friendly,0.3,0.9421590680480618,0.7,BIL,IEF
2008-10-03,stressed,reversal_friendly,0.3,0.9711699774394338,0.7,BIL,IEF
2008-10-10,stressed,reversal_friendly,0.3,0.5769085405895014,0.7,BIL,IEF
2008-10-17,stressed,reversal_friendly,0.27818529273452247,0.27818529273452247,0.7218147072654775,BIL,IEF
2008-10-24,stressed,reversal_friendly,0.2657748450829349,0.2657748450829349,0.7342251549170651,BIL,IEF
2008-10-31,stressed,reversal_friendly,0.261578600510896,0.261578600510896,0.738421399489104,BIL,IEF
2008-11-07,stressed,reversal_friendly,0.25,0.25,0.75,BIL,IEF
2008-11-14,stressed,reversal_friendly,0.25,0.25,0.75,BIL,IEF
2008-11-21,stressed,reversal_friendly,0.25,0.25,0.75,BIL,IEF
2008-11-28,stressed,reversal_friendly,0.25,0.25,0.75,BIL,IEF
2008-12-05,stressed,reversal_friendly,0.25,0.25,0.75,BIL,IEF
2008-12-12,stressed,reversal_friendly,0.25,0.25,0.75,BIL,IEF
2008-12-19,stressed,reversal_friendly,0.25,0.25,0.75,BIL,IEF
2008-12-26,stressed,reversal_friendly,0.25,0.25,0.75,BIL,IEF
2009-01-02,stressed,reversal_friendly,0.25,0.25,0.75,BIL,IEF
2009-01-09,stressed,reversal_friendly,0.25,0.25,0.75,BIL,IEF
2009-01-16,stressed,reversal_friendly,0.25,0.25,0.75,BIL,IEF
2009-01-23,stressed,reversal_friendly,0.25,0.25,0.75,BIL,IEF
2009-01-30,stressed,reversal_friendly,0.25,0.25,0.75,BIL,IEF
2009-02-06,stressed,reversal_friendly,0.28961274128564723,0.28961274128564723,0.7103872587143527,BIL,IEF
2009-02-13,stressed,reversal_friendly,0.2803598059027192,0.2803598059027192,0.7196401940972807,BIL,IEF
2009-02-20,stressed,reversal_friendly,0.29255444151697535,0.29255444151697535,0.7074455584830246,BIL,IEF
2009-02-27,stressed,reversal_friendly,0.3,0.3025737575582387,0.7,BIL,IEF
2009-03-06,stressed,reversal_friendly,0.3,0.42739794727064406,0.7,BIL,IEF
2009-03-13,stressed,reversal_friendly,0.3,0.3991799610456471,0.7,BIL,IEF
2009-03-20,stressed,reversal_friendly,0.3,0.3124616249169543,0.7,BIL,IEF
2009-03-27,stressed,reversal_friendly,0.3,0.30999695971998553,0.7,BIL,IEF
2009-04-03,stressed,reversal_friendly,0.2903514551101659,0.2903514551101659,0.7096485448898341,BIL,IEF
2009-04-10,neutral,reversal_friendly,0.30488388688847456,0.30488388688847456,0.6951161131115254,BIL,IEF
2009-04-17,neutral,reversal_friendly,0.3092214558786984,0.3092214558786984,0.6907785441213016,BIL,IEF
2009-04-24,neutral,reversal_friendly,0.3184387309843834,0.3184387309843834,0.6815612690156165,BIL,IEF
2009-05-01,neutral,reversal_friendly,0.3216845715710531,0.3216845715710531,0.6783154284289469,BIL,IEF
2009-05-08,neutral,reversal_friendly,0.3217303239913208,0.3217303239913208,0.6782696760086793,BIL,IEF
2009-05-15,neutral,reversal_friendly,0.3180859491179991,0.3180859491179991,0.681914050882001,BIL,IEF
2009-05-22,neutral,reversal_friendly,0.3194573333941157,0.3194573333941157,0.6805426666058842,BIL,IEF
2009-05-29,neutral,reversal_friendly,0.3502865216180452,0.3502865216180452,0.6497134783819548,BIL,IEF
2009-06-05,neutral,reversal_friendly,0.3723878144929298,0.3723878144929298,0.6276121855070702,BIL,IEF
2009-06-12,neutral,reversal_friendly,0.457931546841549,0.457931546841549,0.542068453158451,BIL,IEF
2009-06-19,neutral,reversal_friendly,0.5950938139827793,0.5950938139827793,0.4049061860172207,BIL,IEF
2009-06-26,neutral,reversal_friendly,0.5437483451086257,0.5437483451086257,0.4562516548913743,BIL,IEF
2009-07-03,neutral,reversal_friendly,0.6142527206076364,0.6142527206076364,0.38574727939236364,BIL,IEF
2009-07-10,neutral,reversal_friendly,0.6045252163889706,0.6045252163889706,0.3954747836110294,BIL,IEF
2009-07-17,neutral,reversal_friendly,0.5912253199953076,0.5912253199953076,0.4087746800046924,BIL,IEF
2009-07-24,neutral,reversal_friendly,0.49298374276120405,0.49298374276120405,0.507016257238796,BIL,IEF
2009-07-31,neutral,reversal_friendly,0.47744375947225964,0.47744375947225964,0.5225562405277404,BIL,IEF
2009-08-07,neutral,reversal_friendly,0.47757892662220697,0.47757892662220697,0.522421073377793,BIL,IEF
2009-08-14,neutral,reversal_friendly,0.5178760148065943,0.5178760148065943,0.4821239851934057,BIL,IEF
2009-08-21,neutral,reversal_friendly,0.5902109338080179,0.5902109338080179,0.4097890661919821,BIL,IEF
2009-08-28,neutral,reversal_friendly,0.5888709372580204,0.5888709372580204,0.4111290627419796,BIL,IEF
2009-09-04,calm,reversal_friendly,0.6144198928370272,0.6144198928370272,0.38558010716297275,BIL,IEF
2009-09-11,calm,reversal_friendly,0.6062014602841114,0.6062014602841114,0.39379853971588863,BIL,IEF
2009-09-18,neutral,reversal_friendly,0.5944736923913486,0.5944736923913486,0.4055263076086514,BIL,IEF
2009-09-25,calm,reversal_friendly,0.6353856887508538,0.6353856887508538,0.36461431124914623,BIL,IEF
2009-10-02,calm,reversal_friendly,0.6038261605532876,0.6038261605532876,0.39617383944671236,BIL,IEF
2009-10-09,calm,trend_friendly,0.6108522381379129,0.6108522381379129,0.3891477618620871,BIL,IEF
2009-10-16,calm,trend_friendly,0.6132943524550813,0.6132943524550813,0.38670564754491865,BIL,IEF
2009-10-23,calm,trend_friendly,0.7648598296442982,0.7648598296442982,0.23514017035570178,BIL,IEF
2009-10-30,calm,trend_friendly,0.8174758118344371,0.8174758118344371,0.18252418816556293,BIL,IEF
2009-11-06,calm,trend_friendly,0.6759334822896444,0.6759334822896444,0.32406651771035555,BIL,IEF
2009-11-13,calm,trend_friendly,0.653520843220098,0.653520843220098,0.34647915677990204,BIL,IEF
2009-11-20,calm,trend_friendly,0.6456636759058315,0.6456636759058315,0.3543363240941685,BIL,IEF
2009-11-27,calm,trend_friendly,0.6527642081003223,0.6527642081003223,0.3472357918996777,BIL,IEF
2009-12-04,calm,trend_friendly,0.6521715249076696,0.6521715249076696,0.3478284750923304,BIL,IEF
2009-12-11,calm,trend_friendly,0.6654568572770333,0.6654568572770333,0.3345431427229667,BIL,IEF
2009-12-18,calm,trend_friendly,0.6833757022185811,0.6833757022185811,0.3166242977814189,BIL,IEF
2009-12-25,calm,trend_friendly,0.699521246887839,0.699521246887839,0.300478753112161,BIL,IEF
2010-01-01,calm,trend_friendly,0.7226104012947225,0.7226104012947225,0.27738959870527746,BIL,IEF
2010-01-08,calm,trend_friendly,0.746133071179817,0.746133071179817,0.253866928820183,BIL,IEF
2010-01-15,calm,trend_friendly,0.8296375942058312,0.8296375942058312,0.17036240579416884,BIL,IEF
2010-01-22,calm,trend_friendly,0.8246767234238106,0.8246767234238106,0.1753232765761894,BIL,IEF
2010-01-29,calm,trend_friendly,0.7139363463346798,0.7139363463346798,0.28606365366532016,BIL,IEF
2010-02-05,calm,trend_friendly,0.8213467639739096,0.8213467639739096,0.1786532360260904,BIL,IEF
2010-02-12,calm,trend_friendly,0.9191383357610418,0.9191383357610418,0.08086166423895824,BIL,IEF
2010-02-19,calm,trend_friendly,0.9665375323876625,0.9665375323876625,0.03346246761233751,BIL,IEF
2010-02-26,calm,trend_friendly,0.8749660294764746,0.8749660294764746,0.12503397052352538,BIL,IEF
2010-03-05,calm,trend_friendly,0.8722778570693173,0.8722778570693173,0.12772214293068274,BIL,IEF
2010-03-12,calm,trend_friendly,0.8055538485395631,0.8055538485395631,0.19444615146043687,BIL,IEF
2010-03-19,calm,trend_friendly,0.8016998778782671,0.8016998778782671,0.19830012212173287,BIL,IEF
2010-03-26,calm,trend_friendly,0.8036550306276221,0.8036550306276221,0.1963449693723779,BIL,IEF
2010-04-02,calm,trend_friendly,0.8263226904703487,0.8263226904703487,0.17367730952965132,BIL,IEF
2010-04-09,calm,trend_friendly,0.8379812213453258,0.8379812213453258,0.16201877865467418,BIL,IEF
2010-04-16,calm,trend_friendly,0.88144790267845,0.88144790267845,0.11855209732155003,BIL,IEF
2010-04-23,calm,trend_friendly,0.8936216602767981,0.8936216602767981,0.10637833972320188,BIL,IEF
2010-04-30,calm,trend_friendly,1.0,1.2064185059363297,0.0,BIL,IEF
2010-05-07,calm,trend_friendly,1.0,1.0996773333200067,0.0,BIL,IEF
2010-05-14,neutral,mixed,0.65,0.6689437122012575,0.35,BIL,IEF
2010-05-21,neutral,mixed,0.65,0.6558314388335765,0.35,BIL,IEF
2010-05-28,neutral,mixed,0.6095994126008254,0.6095994126008254,0.3904005873991746,BIL,IEF
2010-06-04,neutral,mixed,0.6096353174928039,0.6096353174928039,0.39036468250719614,BIL,IEF
2010-06-11,neutral,mixed,0.6359894088839493,0.6359894088839493,0.3640105911160507,BIL,IEF
2010-06-18,neutral,mixed,0.6094574588484916,0.6094574588484916,0.39054254115150844,BIL,IEF
2010-06-25,neutral,mixed,0.591179421475447,0.591179421475447,0.408820578524553,BIL,IEF
2010-07-02,neutral,mixed,0.5657246755532259,0.5657246755532259,0.4342753244467741,BIL,IEF
2010-07-09,neutral,mixed,0.524550378328178,0.524550378328178,0.47544962167182203,BIL,IEF
2010-07-16,neutral,mixed,0.459578097105224,0.459578097105224,0.540421902894776,BIL,IEF
2010-07-23,neutral,mixed,0.45970890310175255,0.45970890310175255,0.5402910968982475,BIL,IEF
2010-07-30,neutral,mixed,0.44545923629639045,0.44545923629639045,0.5545407637036095,BIL,IEF
2010-08-06,neutral,mixed,0.45008282610950257,0.45008282610950257,0.5499171738904974,BIL,IEF
2010-08-13,calm,trend_friendly,0.5057749299580097,0.5057749299580097,0.49422507004199034,BIL,IEF
2010-08-20,neutral,mixed,0.4930392112140413,0.4930392112140413,0.5069607887859586,BIL,IEF
2010-08-27,neutral,mixed,0.5246205089368752,0.5246205089368752,0.4753794910631248,BIL,IEF
2010-09-03,neutral,mixed,0.524134474273448,0.524134474273448,0.47586552572655205,BIL,IEF
2010-09-10,neutral,mixed,0.5094229408168747,0.5094229408168747,0.49057705918312533,BIL,IEF
2010-09-17,neutral,mixed,0.5210157118817679,0.5210157118817679,0.4789842881182321,BIL,IEF
2010-09-24,neutral,mixed,0.5278130695337746,0.5278130695337746,0.4721869304662254,BIL,IEF
2010-10-01,neutral,mixed,0.5553394899229979,0.5553394899229979,0.44466051007700214,BIL,IEF
2010-10-08,calm,trend_friendly,0.6772452834595329,0.6772452834595329,0.32275471654046706,BIL,IEF
2010-10-15,neutral,mixed,0.65,0.8163366063005085,0.35,BIL,IEF
2010-10-22,neutral,mixed,0.65,0.8483526821061711,0.35,BIL,IEF
2010-10-29,calm,trend_friendly,0.9314840548371314,0.9314840548371314,0.06851594516286863,BIL,IEF
2010-11-05,neutral,mixed,0.65,0.9351137639029067,0.35,BIL,IEF
2010-11-12,calm,trend_friendly,0.860961830003956,0.860961830003956,0.13903816999604401,BIL,IEF
2010-11-19,neutral,mixed,0.65,0.9981777624236592,0.35,BIL,IEF
2010-11-26,neutral,mixed,0.65,1.0283223394211338,0.35,BIL,IEF
2010-12-03,neutral,mixed,0.65,0.9933871522771517,0.35,BIL,IEF
2010-12-10,neutral,mixed,0.65,1.0211368691886837,0.35,BIL,IEF
2010-12-17,neutral,mixed,0.65,1.020244936215913,0.35,BIL,IEF
2010-12-24,calm,trend_friendly,1.0,1.0219070785578805,0.0,BIL,IEF
2010-12-31,calm,trend_friendly,1.0,1.0484013220119384,0.0,BIL,IEF
2011-01-07,calm,trend_friendly,1.0,1.05676210167002,0.0,BIL,IEF
2011-01-14,calm,trend_friendly,1.0,1.0703516781037326,0.0,BIL,IEF
2011-01-21,calm,trend_friendly,1.0,1.0551922818288555,0.0,BIL,IEF
2011-01-28,neutral,mixed,0.65,1.020468765260471,0.35,BIL,IEF
2011-02-04,neutral,mixed,0.65,1.003904173124774,0.35,BIL,IEF
2011-02-11,calm,trend_friendly,1.0,1.0798524368544875,0.0,BIL,IEF
2011-02-18,neutral,mixed,0.65,1.2419082296610886,0.35,BIL,IEF
2011-02-25,neutral,mixed,0.65,1.25,0.35,BIL,IEF
2011-03-04,neutral,mixed,0.65,1.2074019329904397,0.35,BIL,IEF
2011-03-11,neutral,mixed,0.65,1.25,0.35,BIL,IEF
2011-03-18,neutral,mixed,0.65,1.25,0.35,BIL,IEF
2011-03-25,neutral,mixed,0.65,1.1851401657417466,0.35,BIL,IEF
2011-04-01,neutral,mixed,0.65,1.067925908979482,0.35,BIL,IEF
2011-04-08,neutral,mixed,0.65,1.0527519986975755,0.35,BIL,IEF
2011-04-15,neutral,mixed,0.65,1.0531635923004674,0.35,BIL,IEF
2011-04-22,calm,trend_friendly,1.0,1.073775038038817,0.0,BIL,IEF
2011-04-29,calm,trend_friendly,1.0,1.0726331524974235,0.0,BIL,IEF
2011-05-06,neutral,mixed,0.65,1.0477514225383318,0.35,BIL,IEF
2011-05-13,neutral,mixed,0.65,1.0689800612602105,0.35,BIL,IEF
2011-05-20,calm,trend_friendly,1.0,1.1017581606360574,0.0,BIL,IEF
2011-05-27,calm,trend_friendly,1.0,1.1205993020131535,0.0,BIL,IEF
2011-06-03,calm,trend_friendly,1.0,1.185722814709522,0.0,BIL,IEF
2011-06-10,calm,trend_friendly,1.0,1.0692340119966148,0.0,BIL,IEF
2011-06-17,calm,trend_friendly,1.0,1.0187213927692926,0.0,BIL,IEF
2011-06-24,calm,trend_friendly,1.0,1.078277004904609,0.0,BIL,IEF
2011-07-01,calm,trend_friendly,1.0,1.25,0.0,BIL,IEF
2011-07-08,calm,trend_friendly,0.8131480313265899,0.8131480313265899,0.18685196867341014,BIL,IEF
2011-07-15,calm,trend_friendly,0.8136451903518399,0.8136451903518399,0.1863548096481601,BIL,IEF
2011-07-22,calm,trend_friendly,0.7834649410147033,0.7834649410147033,0.21653505898529668,BIL,IEF
2011-07-29,calm,trend_friendly,0.762930254548072,0.762930254548072,0.23706974545192805,BIL,IEF
2011-08-05,neutral,mixed,0.65,0.7044396419751902,0.35,BIL,IEF
2011-08-12,neutral,mixed,0.551446450199527,0.551446450199527,0.448553549800473,BIL,IEF
2011-08-19,stressed,reversal_friendly,0.3,0.5510941668537305,0.7,BIL,IEF
2011-08-26,stressed,reversal_friendly,0.3,0.5224687570645308,0.7,BIL,IEF
2011-09-02,stressed,reversal_friendly,0.3,0.4644174959293694,0.7,BIL,IEF
2011-09-09,neutral,mixed,0.46740043310364743,0.46740043310364743,0.5325995668963526,BIL,IEF
2011-09-16,neutral,mixed,0.4694123212461548,0.4694123212461548,0.5305876787538453,BIL,IEF
2011-09-23,stressed,reversal_friendly,0.3,0.42462366122597855,0.7,BIL,IEF
2011-09-30,stressed,reversal_friendly,0.3,0.3874955844674899,0.7,BIL,IEF
2011-10-07,stressed,reversal_friendly,0.3,0.43125083187629937,0.7,BIL,IEF
2011-10-14,stressed,reversal_friendly,0.3,0.4205563447502755,0.7,BIL,IEF
2011-10-21,stressed,reversal_friendly,0.3,0.37967312975294193,0.7,BIL,IEF
2011-10-28,stressed,reversal_friendly,0.3,0.38342079777582805,0.7,BIL,IEF
2011-11-04,stressed,reversal_friendly,0.3,0.3817996118159695,0.7,BIL,IEF
2011-11-11,stressed,reversal_friendly,0.3,0.42945480123184016,0.7,BIL,IEF
2011-11-18,neutral,reversal_friendly,0.43503766295799484,0.43503766295799484,0.5649623370420052,BIL,IEF
2011-11-25,neutral,reversal_friendly,0.44684852369264355,0.44684852369264355,0.5531514763073564,BIL,IEF
2011-12-02,neutral,mixed,0.43938418051576145,0.43938418051576145,0.5606158194842386,BIL,IEF
2011-12-09,neutral,reversal_friendly,0.3873115082988725,0.3873115082988725,0.6126884917011275,BIL,IEF
2011-12-16,neutral,reversal_friendly,0.3919791688494603,0.3919791688494603,0.6080208311505397,BIL,IEF
2011-12-23,neutral,reversal_friendly,0.40415351686012,0.40415351686012,0.59584648313988,BIL,IEF
2011-12-30,neutral,reversal_friendly,0.44925529215659576,0.44925529215659576,0.5507447078434042,BIL,IEF
2012-01-06,neutral,reversal_friendly,0.447835156658605,0.447835156658605,0.552164843341395,BIL,IEF
2012-01-13,neutral,reversal_friendly,0.4493594938317102,0.4493594938317102,0.5506405061682897,BIL,IEF
2012-01-20,neutral,reversal_friendly,0.4923969370801274,0.4923969370801274,0.5076030629198727,BIL,IEF
2012-01-27,neutral,reversal_friendly,0.4868120777619645,0.4868120777619645,0.5131879222380356,BIL,IEF
2012-02-03,neutral,reversal_friendly,0.5063199021125916,0.5063199021125916,0.4936800978874084,BIL,IEF
2012-02-10,neutral,reversal_friendly,0.5179779102495908,0.5179779102495908,0.48202208975040917,BIL,IEF
2012-02-17,neutral,reversal_friendly,0.5171300183074973,0.5171300183074973,0.4828699816925027,BIL,IEF
2012-02-24,neutral,reversal_friendly,0.5623383749896106,0.5623383749896106,0.4376616250103894,BIL,IEF
2012-03-02,neutral,reversal_friendly,0.65,0.6775407151463381,0.35,BIL,IEF
2012-03-09,neutral,reversal_friendly,0.65,0.9905724838615565,0.35,BIL,IEF
2012-03-16,neutral,reversal_friendly,0.65,0.9862404295716303,0.35,BIL,IEF
2012-03-23,neutral,reversal_friendly,0.65,1.2459744749462653,0.35,BIL,IEF
2012-03-30,neutral,reversal_friendly,0.65,1.25,0.35,BIL,IEF
2012-04-06,neutral,reversal_friendly,0.65,1.25,0.35,BIL,IEF
2012-04-13,neutral,reversal_friendly,0.65,1.25,0.35,BIL,IEF
2012-04-20,neutral,reversal_friendly,0.65,1.25,0.35,BIL,IEF
2012-04-27,neutral,reversal_friendly,0.65,1.25,0.35,BIL,IEF
2012-05-04,neutral,reversal_friendly,0.65,1.25,0.35,BIL,IEF
2012-05-11,neutral,reversal_friendly,0.65,1.217543774777917,0.35,BIL,IEF
2012-05-18,neutral,reversal_friendly,0.65,1.1844025419012731,0.35,BIL,IEF
2012-05-25,neutral,reversal_friendly,0.65,0.9254950439391668,0.35,BIL,IEF
2012-06-01,neutral,reversal_friendly,0.65,0.8814770436369285,0.35,BIL,IEF
2012-06-08,neutral,reversal_friendly,0.65,0.821024771752619,0.35,BIL,IEF
2012-06-15,neutral,reversal_friendly,0.65,0.7064826210025773,0.35,BIL,IEF
2012-06-22,neutral,reversal_friendly,0.65,0.7331108191623886,0.35,BIL,IEF
2012-06-29,neutral,reversal_friendly,0.65,0.7330061737977306,0.35,BIL,IEF
2012-07-06,neutral,reversal_friendly,0.65,0.7116101527467108,0.35,BIL,IEF
2012-07-13,neutral,reversal_friendly,0.65,0.7128123880933629,0.35,BIL,IEF
2012-07-20,calm,reversal_friendly,0.7306884009312974,0.7306884009312974,0.2693115990687026,BIL,IEF
2012-07-27,calm,reversal_friendly,0.7310973718183607,0.7310973718183607,0.26890262818163935,BIL,IEF
2012-08-03,calm,reversal_friendly,0.7341357460066077,0.7341357460066077,0.2658642539933923,BIL,IEF
2012-08-10,calm,reversal_friendly,0.7731494925131521,0.7731494925131521,0.22685050748684787,BIL,IEF
2012-08-17,calm,reversal_friendly,0.7803512682817152,0.7803512682817152,0.2196487317182848,BIL,IEF
2012-08-24,calm,trend_friendly,1.0,1.0374979945701788,0.0,BIL,IEF
2012-08-31,calm,trend_friendly,1.0,1.0377535749829805,0.0,BIL,IEF
2012-09-07,calm,trend_friendly,1.0,1.25,0.0,BIL,IEF
2012-09-14,calm,trend_friendly,1.0,1.25,0.0,BIL,IEF
2012-09-21,calm,trend_friendly,1.0,1.25,0.0,BIL,IEF
2012-09-28,calm,trend_friendly,1.0,1.25,0.0,BIL,IEF
2012-10-05,calm,trend_friendly,1.0,1.25,0.0,BIL,IEF
2012-10-12,calm,trend_friendly,1.0,1.25,0.0,BIL,IEF
2012-10-19,calm,trend_friendly,1.0,1.25,0.0,BIL,IEF
2012-10-26,calm,trend_friendly,1.0,1.25,0.0,BIL,IEF
2012-11-02,calm,trend_friendly,1.0,1.2181721721123935,0.0,BIL,IEF
2012-11-09,calm,trend_friendly,1.0,1.2205877953867388,0.0,BIL,IEF
2012-11-16,calm,trend_friendly,1.0,1.1055439239907936,0.0,BIL,IEF
2012-11-23,calm,trend_friendly,1.0,1.106518532347366,0.0,BIL,IEF
2012-11-30,calm,trend_friendly,0.8984582575477476,0.8984582575477476,0.10154174245225245,BIL,IEF
2012-12-07,calm,trend_friendly,0.8970414910088784,0.8970414910088784,0.10295850899112158,BIL,IEF
2012-12-14,calm,trend_friendly,0.9552659558242566,0.9552659558242566,0.04473404417574345,BIL,IEF
2012-12-21,calm,trend_friendly,1.0,1.0222603110132926,0.0,BIL,IEF
2012-12-28,calm,trend_friendly,0.9947758186607281,0.9947758186607281,0.005224181339271938,BIL,IEF
2013-01-04,neutral,mixed,0.65,0.9679571526238774,0.35,BIL,IEF
2013-01-11,calm,trend_friendly,0.7854069842249027,0.7854069842249027,0.21459301577509726,BIL,IEF
2013-01-18,calm,trend_friendly,0.8309937482261492,0.8309937482261492,0.16900625177385076,BIL,IEF
2013-01-25,calm,trend_friendly,0.8284758793173413,0.8284758793173413,0.17152412068265865,BIL,IEF
2013-02-01,calm,trend_friendly,0.8528740975923716,0.8528740975923716,0.14712590240762835,BIL,IEF
2013-02-08,calm,trend_friendly,0.8543902942387143,0.8543902942387143,0.14560970576128573,BIL,IEF
2013-02-15,calm,trend_friendly,0.9597984069480068,0.9597984069480068,0.04020159305199322,BIL,IEF
2013-02-22,calm,trend_friendly,1.0,1.0210062831139652,0.0,BIL,IEF
2013-03-01,calm,trend_friendly,1.0,1.1677663473590663,0.0,BIL,IEF
2013-03-08,neutral,mixed,0.65,1.162813430919935,0.35,BIL,IEF
2013-03-15,calm,trend_friendly,1.0,1.1161666033694568,0.0,BIL,IEF
2013-03-22,calm,trend_friendly,1.0,1.1372670299981897,0.0,BIL,IEF
2013-03-29,calm,trend_friendly,1.0,1.1235887464196208,0.0,BIL,IEF
2013-04-05,calm,trend_friendly,1.0,1.25,0.0,BIL,IEF
2013-04-12,calm,trend_friendly,1.0,1.25,0.0,BIL,IEF
2013-04-19,calm,trend_friendly,1.0,1.25,0.0,BIL,IEF
2013-04-26,neutral,mixed,0.65,1.25,0.35,BIL,IEF
2013-05-03,neutral,mixed,0.65,1.25,0.35,BIL,IEF
2013-05-10,neutral,mixed,0.65,1.25,0.35,BIL,IEF
2013-05-17,calm,trend_friendly,1.0,1.25,0.0,BIL,IEF
2013-05-24,calm,trend_friendly,1.0,1.2176012355207282,0.0,BIL,IEF
2013-05-31,calm,trend_friendly,1.0,1.16320649618456,0.0,BIL,IEF
2013-06-07,neutral,mixed,0.65,1.10023429282374,0.35,BIL,IEF
2013-06-14,neutral,mixed,0.65,1.1567942498917003,0.35,BIL,IEF
2013-06-21,calm,trend_friendly,1.0,1.1143939585584155,0.0,BIL,IEF
2013-06-28,neutral,mixed,0.65,1.0216202258651974,0.35,BIL,IEF
2013-07-05,neutral,mixed,0.65,1.0188445560330657,0.35,BIL,IEF
2013-07-12,neutral,mixed,0.65,1.0193398141153656,0.35,BIL,IEF
2013-07-19,neutral,mixed,0.65,0.9930602959832486,0.35,BIL,IEF
2013-07-26,neutral,mixed,0.65,1.1154191871959482,0.35,BIL,IEF
2013-08-02,neutral,mixed,0.65,1.1337949517120138,0.35,BIL,IEF
2013-08-09,neutral,mixed,0.65,1.1751496653355429,0.35,BIL,IEF
2013-08-16,neutral,mixed,0.65,1.1482276577800787,0.35,BIL,IEF
2013-08-23,neutral,mixed,0.65,1.1278443696486793,0.35,BIL,IEF
2013-08-30,neutral,mixed,0.65,1.1474864395225999,0.35,BIL,IEF
2013-09-06,neutral,mixed,0.65,1.1040671212669435,0.35,BIL,IEF
2013-09-13,neutral,mixed,0.65,1.0778366655833111,0.35,BIL,IEF
2013-09-20,neutral,reversal_friendly,0.65,1.0482818008753017,0.35,BIL,IEF
2013-09-27,neutral,mixed,0.65,1.1559562462053687,0.35,BIL,IEF
2013-10-04,neutral,mixed,0.65,1.104219223544549,0.35,BIL,IEF
2013-10-11,neutral,mixed,0.65,1.1332186644859066,0.35,BIL,IEF
2013-10-18,neutral,mixed,0.65,1.25,0.35,BIL,IEF
2013-10-25,neutral,mixed,0.65,1.1728804050710713,0.35,BIL,IEF
2013-11-01,neutral,mixed,0.65,1.1678133685204304,0.35,BIL,IEF
2013-11-08,neutral,mixed,0.65,1.1816521991094149,0.35,BIL,IEF
2013-11-15,neutral,mixed,0.65,1.2239229995492815,0.35,BIL,IEF
2013-11-22,neutral,mixed,0.65,1.25,0.35,BIL,IEF
2013-11-29,neutral,mixed,0.65,1.25,0.35,BIL,IEF
2013-12-06,neutral,mixed,0.65,1.25,0.35,BIL,IEF
2013-12-13,neutral,mixed,0.65,1.25,0.35,BIL,IEF
2013-12-20,neutral,mixed,0.65,1.25,0.35,BIL,IEF
2013-12-27,neutral,mixed,0.65,1.25,0.35,BIL,IEF
2014-01-03,neutral,mixed,0.65,1.25,0.35,BIL,IEF
2014-01-10,neutral,mixed,0.65,1.25,0.35,BIL,IEF
2014-01-17,neutral,reversal_friendly,0.65,1.25,0.35,BIL,IEF
2014-01-24,neutral,reversal_friendly,0.65,1.25,0.35,BIL,IEF
2014-01-31,neutral,reversal_friendly,0.65,1.25,0.35,BIL,IEF
2014-02-07,neutral,reversal_friendly,0.65,1.25,0.35,BIL,IEF
2014-02-14,neutral,mixed,0.65,1.25,0.35,BIL,IEF
2014-02-21,neutral,reversal_friendly,0.65,1.1764157158937978,0.35,BIL,IEF
2014-02-28,neutral,reversal_friendly,0.65,1.1758328480173161,0.35,BIL,IEF
2014-03-07,neutral,mixed,0.65,1.1487374150982297,0.35,BIL,IEF
2014-03-14,neutral,mixed,0.65,1.1390629356443616,0.35,BIL,IEF
2014-03-21,stressed,reversal_friendly,0.3,1.108134608037707,0.7,BIL,IEF
2014-03-28,neutral,mixed,0.65,1.1972565525360093,0.35,BIL,IEF
2014-04-04,neutral,mixed,0.65,1.2204790494891098,0.35,BIL,IEF
2014-04-11,neutral,mixed,0.65,1.2297571135789074,0.35,BIL,IEF
2014-04-18,stressed,reversal_friendly,0.3,1.0742492293224872,0.7,BIL,IEF
2014-04-25,neutral,reversal_friendly,0.65,0.9652736471162123,0.35,BIL,IEF
2014-05-02,neutral,reversal_friendly,0.65,1.0960314733597556,0.35,BIL,IEF
2014-05-09,neutral,reversal_friendly,0.65,1.1031506748509996,0.35,BIL,IEF
2014-05-16,neutral,reversal_friendly,0.65,1.102003475479777,0.35,BIL,IEF
2014-05-23,neutral,reversal_friendly,0.65,1.203178347516686,0.35,BIL,IEF
2014-05-30,neutral,mixed,0.65,1.1822482880620662,0.35,BIL,IEF
2014-06-06,calm,trend_friendly,1.0,1.1861322420883595,0.0,BIL,IEF
2014-06-13,calm,trend_friendly,1.0,1.1706720524925367,0.0,BIL,IEF
2014-06-20,calm,trend_friendly,1.0,1.25,0.0,BIL,IEF
2014-06-27,calm,trend_friendly,1.0,1.25,0.0,BIL,IEF
2014-07-04,calm,trend_friendly,1.0,1.25,0.0,BIL,IEF
2014-07-11,calm,trend_friendly,1.0,1.25,0.0,BIL,IEF
2014-07-18,calm,trend_friendly,1.0,1.25,0.0,BIL,IEF
2014-07-25,calm,trend_friendly,1.0,1.25,0.0,BIL,IEF
2014-08-01,calm,trend_friendly,1.0,1.25,0.0,BIL,IEF
2014-08-08,neutral,mixed,0.65,1.25,0.35,BIL,IEF
2014-08-15,calm,trend_friendly,1.0,1.25,0.0,BIL,IEF
2014-08-22,calm,trend_friendly,1.0,1.25,0.0,BIL,IEF
2014-08-29,calm,trend_friendly,1.0,1.25,0.0,BIL,IEF
2014-09-05,calm,trend_friendly,1.0,1.25,0.0,BIL,IEF
2014-09-12,calm,trend_friendly,1.0,1.25,0.0,BIL,IEF
2014-09-19,calm,trend_friendly,1.0,1.25,0.0,BIL,IEF
2014-09-26,calm,trend_friendly,1.0,1.25,0.0,BIL,IEF
2014-10-03,neutral,mixed,0.65,1.25,0.35,BIL,IEF
2014-10-10,neutral,mixed,0.65,1.25,0.35,BIL,IEF
2014-10-17,stressed,reversal_friendly,0.3,1.1177543138394679,0.7,BIL,IEF
2014-10-24,stressed,reversal_friendly,0.3,1.117385786249043,0.7,BIL,IEF
2014-10-31,neutral,mixed,0.65,0.8518339046848885,0.35,BIL,IEF
2014-11-07,neutral,mixed,0.65,0.8718294558198448,0.35,BIL,IEF
2014-11-14,neutral,mixed,0.65,0.8702186636162694,0.35,BIL,IEF
2014-11-21,neutral,mixed,0.65,0.8778180990143215,0.35,BIL,IEF
2014-11-28,neutral,mixed,0.65,0.8913688852123566,0.35,BIL,IEF
2014-12-05,neutral,mixed,0.65,0.8934555215403756,0.35,BIL,IEF
2014-12-12,neutral,mixed,0.65,0.8935014574255554,0.35,BIL,IEF
2014-12-19,stressed,reversal_friendly,0.3,0.7888616042631937,0.7,BIL,IEF
2014-12-26,neutral,mixed,0.65,0.7303223096521059,0.35,BIL,IEF
2015-01-02,neutral,mixed,0.65,0.7474954439269911,0.35,BIL,IEF
2015-01-09,neutral,mixed,0.65,0.7337370259949515,0.35,BIL,IEF
2015-01-16,stressed,reversal_friendly,0.3,0.8127011496380789,0.7,BIL,IEF
2015-01-23,stressed,reversal_friendly,0.3,0.8071304127129167,0.7,BIL,IEF
2015-01-30,neutral,mixed,0.65,0.930255651484134,0.35,BIL,IEF
2015-02-06,stressed,reversal_friendly,0.3,0.9060052531244698,0.7,BIL,IEF
2015-02-13,neutral,mixed,0.65,0.8245107132682374,0.35,BIL,IEF
2015-02-20,neutral,mixed,0.65,0.7974649108600389,0.35,BIL,IEF
2015-02-27,neutral,mixed,0.65,0.8028144174111895,0.35,BIL,IEF
2015-03-06,neutral,reversal_friendly,0.65,0.801005373932414,0.35,BIL,IEF
2015-03-13,neutral,mixed,0.65,0.7820341165178244,0.35,BIL,IEF
2015-03-20,neutral,mixed,0.65,0.8838329427618697,0.35,BIL,IEF
2015-03-27,neutral,mixed,0.65,0.9269375703579905,0.35,BIL,IEF
2015-04-03,neutral,mixed,0.65,0.8771707903307668,0.35,BIL,IEF
2015-04-10,neutral,mixed,0.65,0.8986296087171741,0.35,BIL,IEF
2015-04-17,neutral,reversal_friendly,0.65,0.8786720566277649,0.35,BIL,IEF
2015-04-24,neutral,mixed,0.65,0.8871085905454263,0.35,BIL,IEF
2015-05-01,neutral,mixed,0.65,0.8834577486239721,0.35,BIL,IEF
2015-05-08,neutral,mixed,0.65,0.9917789188422724,0.35,BIL,IEF
2015-05-15,neutral,mixed,0.65,1.1185768332858428,0.35,BIL,IEF
2015-05-22,neutral,mixed,0.65,1.1979248303118266,0.35,BIL,IEF
2015-05-29,neutral,mixed,0.65,1.2060130322476281,0.35,BIL,IEF
2015-06-05,neutral,mixed,0.65,1.185976715874221,0.35,BIL,IEF
2015-06-12,neutral,mixed,0.65,1.2392738193609383,0.35,BIL,IEF
2015-06-19,neutral,mixed,0.65,1.25,0.35,BIL,IEF
2015-06-26,neutral,reversal_friendly,0.65,1.25,0.35,BIL,IEF
2015-07-03,neutral,reversal_friendly,0.65,1.25,0.35,BIL,IEF
2015-07-10,neutral,reversal_friendly,0.65,1.25,0.35,BIL,IEF
2015-07-17,stressed,reversal_friendly,0.3,1.25,0.7,BIL,IEF
2015-07-24,neutral,reversal_friendly,0.65,1.25,0.35,BIL,IEF
2015-07-31,neutral,reversal_friendly,0.65,1.25,0.35,BIL,IEF
2015-08-07,neutral,reversal_friendly,0.65,1.25,0.35,BIL,IEF
2015-08-14,neutral,mixed,0.65,1.25,0.35,BIL,IEF
2015-08-21,stressed,reversal_friendly,0.3,1.25,0.7,BIL,IEF
2015-08-28,stressed,reversal_friendly,0.3,0.8642413095947566,0.7,BIL,IEF
2015-09-04,stressed,reversal_friendly,0.3,0.8525862555525097,0.7,BIL,IEF
2015-09-11,stressed,reversal_friendly,0.3,0.7852246077779954,0.7,BIL,IEF
2015-09-18,stressed,reversal_friendly,0.3,0.7402631201399541,0.7,BIL,IEF
2015-09-25,stressed,reversal_friendly,0.3,0.7508739075724803,0.7,BIL,IEF
2015-10-02,stressed,reversal_friendly,0.3,0.7470729991844742,0.7,BIL,IEF
2015-10-09,stressed,reversal_friendly,0.3,0.7342426791217946,0.7,BIL,IEF
2015-10-16,neutral,mixed,0.65,0.6702616120726592,0.35,BIL,IEF
2015-10-23,neutral,reversal_friendly,0.65,0.6967116332354126,0.35,BIL,IEF
2015-10-30,neutral,reversal_friendly,0.65,0.692430372441433,0.35,BIL,IEF
2015-11-06,neutral,reversal_friendly,0.65,0.6994433614436989,0.35,BIL,IEF
2015-11-13,neutral,reversal_friendly,0.65,0.7030445869551541,0.35,BIL,IEF
2015-11-20,stressed,reversal_friendly,0.3,0.6473422019983542,0.7,BIL,IEF
2015-11-27,neutral,reversal_friendly,0.65,0.7629921608026607,0.35,BIL,IEF
2015-12-04,neutral,reversal_friendly,0.65,0.7626055679036714,0.35,BIL,IEF
2015-12-11,neutral,reversal_friendly,0.65,0.8900978764931937,0.35,BIL,IEF
2015-12-18,stressed,reversal_friendly,0.3,0.7661712956111244,0.7,BIL,IEF
2015-12-25,stressed,reversal_friendly,0.3,0.7649015965670604,0.7,BIL,IEF
2016-01-01,neutral,reversal_friendly,0.65,0.7463242756579062,0.35,BIL,IEF
2016-01-08,stressed,reversal_friendly,0.3,0.7372231394221618,0.7,BIL,IEF
2016-01-15,stressed,reversal_friendly,0.3,0.6212899320991891,0.7,BIL,IEF
2016-01-22,stressed,reversal_friendly,0.3,0.6172705101239611,0.7,BIL,IEF
2016-01-29,stressed,reversal_friendly,0.3,0.6280889616839418,0.7,BIL,IEF
2016-02-05,stressed,reversal_friendly,0.3,0.6125909408165098,0.7,BIL,IEF
2016-02-12,stressed,reversal_friendly,0.3,0.6027451683927263,0.7,BIL,IEF
2016-02-19,stressed,reversal_friendly,0.3,0.632757315937762,0.7,BIL,IEF
2016-02-26,stressed,reversal_friendly,0.3,0.6462180964136919,0.7,BIL,IEF
2016-03-04,stressed,reversal_friendly,0.3,0.6300011985155456,0.7,BIL,IEF
2016-03-11,stressed,reversal_friendly,0.3,0.5971115893890508,0.7,BIL,IEF
2016-03-18,stressed,reversal_friendly,0.3,0.6379343870006943,0.7,BIL,IEF
2016-03-25,neutral,reversal_friendly,0.6338589723931657,0.6338589723931657,0.3661410276068343,BIL,IEF
2016-04-01,neutral,reversal_friendly,0.65,0.6620790470106656,0.35,BIL,IEF
2016-04-08,neutral,reversal_friendly,0.65,0.6522895317740022,0.35,BIL,IEF
2016-04-15,neutral,reversal_friendly,0.65,0.8928319470521581,0.35,BIL,IEF
2016-04-22,neutral,reversal_friendly,0.65,0.981308963871453,0.35,BIL,IEF
2016-04-29,neutral,reversal_friendly,0.65,0.9864922673094009,0.35,BIL,IEF
2016-05-06,neutral,reversal_friendly,0.65,0.950686225506132,0.35,BIL,IEF
2016-05-13,neutral,reversal_friendly,0.65,1.1638853697863427,0.35,BIL,IEF
2016-05-20,neutral,reversal_friendly,0.65,1.1791636846867644,0.35,BIL,IEF
2016-05-27,neutral,reversal_friendly,0.65,1.25,0.35,BIL,IEF
2016-06-03,neutral,reversal_friendly,0.65,1.25,0.35,BIL,IEF
2016-06-10,neutral,reversal_friendly,0.65,1.25,0.35,BIL,IEF
2016-06-17,neutral,reversal_friendly,0.65,1.25,0.35,BIL,IEF
2016-06-24,neutral,reversal_friendly,0.65,1.25,0.35,BIL,IEF
2016-07-01,neutral,reversal_friendly,0.65,1.25,0.35,BIL,IEF
2016-07-08,neutral,reversal_friendly,0.65,1.1299002979483477,0.35,BIL,IEF
2016-07-15,calm,reversal_friendly,1.0,1.1508599017089856,0.0,BIL,IEF
2016-07-22,calm,reversal_friendly,1.0,1.1568961853267317,0.0,BIL,IEF
2016-07-29,calm,reversal_friendly,1.0,1.155892774779709,0.0,BIL,IEF
2016-08-05,calm,reversal_friendly,1.0,1.2200557572754256,0.0,BIL,IEF
2016-08-12,calm,reversal_friendly,1.0,1.2364585811245288,0.0,BIL,IEF
2016-08-19,calm,trend_friendly,1.0,1.25,0.0,BIL,IEF
2016-08-26,calm,trend_friendly,1.0,1.25,0.0,BIL,IEF
2016-09-02,calm,trend_friendly,1.0,1.25,0.0,BIL,IEF
2016-09-09,calm,trend_friendly,1.0,1.25,0.0,BIL,IEF
2016-09-16,calm,trend_friendly,1.0,1.1534754704234855,0.0,BIL,IEF
2016-09-23,calm,trend_friendly,1.0,1.1998309994145355,0.0,BIL,IEF
2016-09-30,calm,trend_friendly,1.0,1.25,0.0,BIL,IEF
2016-10-07,calm,trend_friendly,1.0,1.25,0.0,BIL,IEF
2016-10-14,calm,trend_friendly,1.0,1.25,0.0,BIL,IEF
2016-10-21,calm,trend_friendly,1.0,1.25,0.0,BIL,IEF
2016-10-28,calm,trend_friendly,1.0,1.25,0.0,BIL,IEF
2016-11-04,neutral,mixed,0.65,1.25,0.35,BIL,IEF
2016-11-11,neutral,mixed,0.65,1.25,0.35,BIL,IEF
2016-11-18,neutral,mixed,0.65,1.1023408591469657,0.35,BIL,IEF
2016-11-25,neutral,mixed,0.65,1.0846541022040044,0.35,BIL,IEF
2016-12-02,neutral,mixed,0.65,1.064107728549365,0.35,BIL,IEF
2016-12-09,neutral,mixed,0.65,1.0492975577391082,0.35,BIL,IEF
2016-12-16,calm,trend_friendly,1.0,1.0338480008676376,0.0,BIL,IEF
2016-12-23,calm,trend_friendly,1.0,1.028821978842592,0.0,BIL,IEF
2016-12-30,calm,trend_friendly,1.0,1.0390563696663169,0.0,BIL,IEF
2017-01-06,calm,trend_friendly,1.0,1.0115479090900934,0.0,BIL,IEF
2017-01-13,calm,trend_friendly,1.0,1.0022851138622644,0.0,BIL,IEF
2017-01-20,calm,trend_friendly,1.0,1.0280569806039659,0.0,BIL,IEF
2017-01-27,calm,trend_friendly,1.0,1.021215112527976,0.0,BIL,IEF
2017-02-03,calm,trend_friendly,1.0,1.0438441085550552,0.0,BIL,IEF
2017-02-10,calm,trend_friendly,1.0,1.1741354474674535,0.0,BIL,IEF
2017-02-17,calm,trend_friendly,1.0,1.25,0.0,BIL,IEF
2017-02-24,calm,trend_friendly,1.0,1.25,0.0,BIL,IEF
2017-03-03,calm,trend_friendly,1.0,1.25,0.0,BIL,IEF
2017-03-10,calm,trend_friendly,1.0,1.25,0.0,BIL,IEF
2017-03-17,calm,trend_friendly,1.0,1.25,0.0,BIL,IEF
2017-03-24,calm,trend_friendly,1.0,1.25,0.0,BIL,IEF
2017-03-31,calm,trend_friendly,1.0,1.25,0.0,BIL,IEF
2017-04-07,calm,trend_friendly,1.0,1.25,0.0,BIL,IEF
2017-04-14,calm,trend_friendly,1.0,1.25,0.0,BIL,IEF
2017-04-21,neutral,mixed,0.65,1.25,0.35,BIL,IEF
2017-04-28,calm,trend_friendly,1.0,1.25,0.0,BIL,IEF
2017-05-05,calm,trend_friendly,1.0,1.25,0.0,BIL,IEF
2017-05-12,calm,trend_friendly,1.0,1.25,0.0,BIL,IEF
2017-05-19,calm,trend_friendly,1.0,1.25,0.0,BIL,IEF
2017-05-26,calm,trend_friendly,1.0,1.25,0.0,BIL,IEF
2017-06-02,calm,trend_friendly,1.0,1.25,0.0,BIL,IEF
2017-06-09,calm,trend_friendly,1.0,1.25,0.0,BIL,IEF
2017-06-16,calm,trend_friendly,1.0,1.25,0.0,BIL,IEF
2017-06-23,calm,trend_friendly,1.0,1.25,0.0,BIL,IEF
2017-06-30,calm,trend_friendly,1.0,1.25,0.0,BIL,IEF
2017-07-07,calm,trend_friendly,1.0,1.25,0.0,BIL,IEF
2017-07-14,calm,trend_friendly,1.0,1.25,0.0,BIL,IEF
2017-07-21,calm,trend_friendly,1.0,1.25,0.0,BIL,IEF
2017-07-28,calm,trend_friendly,1.0,1.25,0.0,BIL,IEF
2017-08-04,calm,trend_friendly,1.0,1.25,0.0,BIL,IEF
2017-08-11,calm,trend_friendly,1.0,1.25,0.0,BIL,IEF
2017-08-18,neutral,mixed,0.65,1.25,0.35,BIL,IEF
2017-08-25,neutral,mixed,0.65,1.25,0.35,BIL,IEF
2017-09-01,calm,trend_friendly,1.0,1.25,0.0,BIL,IEF
2017-09-08,calm,trend_friendly,1.0,1.25,0.0,BIL,IEF
2017-09-15,calm,trend_friendly,1.0,1.25,0.0,BIL,IEF
2017-09-22,calm,trend_friendly,1.0,1.25,0.0,BIL,IEF
2017-09-29,calm,trend_friendly,1.0,1.25,0.0,BIL,IEF
2017-10-06,calm,trend_friendly,1.0,1.25,0.0,BIL,IEF
2017-10-13,calm,trend_friendly,1.0,1.25,0.0,BIL,IEF
2017-10-20,calm,trend_friendly,1.0,1.25,0.0,BIL,IEF
2017-10-27,neutral,mixed,0.65,1.25,0.35,BIL,IEF
2017-11-03,neutral,mixed,0.65,1.25,0.35,BIL,IEF
2017-11-10,calm,trend_friendly,1.0,1.25,0.0,BIL,IEF
2017-11-17,neutral,mixed,0.65,1.25,0.35,BIL,IEF
2017-11-24,neutral,mixed,0.65,1.25,0.35,BIL,IEF
2017-12-01,neutral,mixed,0.65,1.25,0.35,BIL,IEF
2017-12-08,neutral,mixed,0.65,1.25,0.35,BIL,IEF
2017-12-15,neutral,mixed,0.65,1.25,0.35,BIL,IEF
2017-12-22,neutral,mixed,0.65,1.25,0.35,BIL,IEF
2017-12-29,neutral,mixed,0.65,1.25,0.35,BIL,IEF
2018-01-05,neutral,mixed,0.65,1.25,0.35,BIL,IEF
2018-01-12,neutral,mixed,0.65,1.25,0.35,BIL,IEF
2018-01-19,neutral,mixed,0.65,1.25,0.35,BIL,IEF
2018-01-26,neutral,mixed,0.65,1.25,0.35,BIL,IEF
2018-02-02,neutral,mixed,0.65,1.25,0.35,BIL,IEF
2018-02-09,stressed,reversal_friendly,0.3,1.0481003667198503,0.7,BIL,IEF
2018-02-16,stressed,reversal_friendly,0.3,0.7482297724275433,0.7,BIL,IEF
2018-02-23,stressed,reversal_friendly,0.3,0.6612422279073819,0.7,BIL,IEF
2018-03-02,stressed,reversal_friendly,0.3,0.6621806708523703,0.7,BIL,IEF
2018-03-09,stressed,reversal_friendly,0.3,0.6445332957003623,0.7,BIL,IEF
2018-03-16,stressed,reversal_friendly,0.3,0.6044812138820024,0.7,BIL,IEF
2018-03-23,stressed,reversal_friendly,0.3,0.5964904934192113,0.7,BIL,IEF
2018-03-30,stressed,reversal_friendly,0.3,0.5085103050514758,0.7,BIL,IEF
2018-04-06,stressed,reversal_friendly,0.3,0.5001395523231009,0.7,BIL,IEF
2018-04-13,stressed,reversal_friendly,0.3,0.5110704621677991,0.7,BIL,IEF
2018-04-20,stressed,reversal_friendly,0.3,0.5072436623875619,0.7,BIL,IEF
2018-04-27,stressed,reversal_friendly,0.3,0.5086286185332152,0.7,BIL,IEF
2018-05-04,stressed,reversal_friendly,0.3,0.5221832524541135,0.7,BIL,IEF
2018-05-11,stressed,reversal_friendly,0.3,0.5513894168445754,0.7,BIL,IEF
2018-05-18,stressed,reversal_friendly,0.3,0.6119714161810907,0.7,BIL,IEF
2018-05-25,stressed,reversal_friendly,0.3,0.682531392868601,0.7,BIL,IEF
2018-06-01,stressed,reversal_friendly,0.3,0.6837469790734937,0.7,BIL,IEF
2018-06-08,neutral,mixed,0.65,0.7057298225399232,0.35,BIL,IEF
2018-06-15,neutral,mixed,0.65,0.7653698335887932,0.35,BIL,IEF
2018-06-22,neutral,mixed,0.65,0.7782914208159456,0.35,BIL,IEF
2018-06-29,neutral,mixed,0.65,1.25,0.35,BIL,IEF
2018-07-06,neutral,mixed,0.65,1.25,0.35,BIL,IEF
2018-07-13,neutral,mixed,0.65,1.25,0.35,BIL,IEF
2018-07-20,neutral,mixed,0.65,1.25,0.35,BIL,IEF
2018-07-27,neutral,mixed,0.65,1.25,0.35,BIL,IEF
2018-08-03,neutral,mixed,0.65,1.25,0.35,BIL,IEF
2018-08-10,neutral,mixed,0.65,1.25,0.35,BIL,IEF
2018-08-17,neutral,mixed,0.65,1.25,0.35,BIL,IEF
2018-08-24,neutral,mixed,0.65,1.25,0.35,BIL,IEF
2018-08-31,neutral,mixed,0.65,1.25,0.35,BIL,IEF
2018-09-07,neutral,mixed,0.65,1.25,0.35,BIL,IEF
2018-09-14,neutral,mixed,0.65,1.25,0.35,BIL,IEF
2018-09-21,neutral,mixed,0.65,1.25,0.35,BIL,IEF
2018-09-28,neutral,mixed,0.65,1.25,0.35,BIL,IEF
2018-10-05,neutral,mixed,0.65,1.25,0.35,BIL,IEF
2018-10-12,neutral,mixed,0.65,1.25,0.35,BIL,IEF
2018-10-19,stressed,reversal_friendly,0.3,1.1725219863193586,0.7,BIL,IEF
2018-10-26,stressed,reversal_friendly,0.3,1.1720614703248176,0.7,BIL,IEF
2018-11-02,stressed,reversal_friendly,0.3,0.9431815329065486,0.7,BIL,IEF
2018-11-09,stressed,reversal_friendly,0.3,0.8689169792528817,0.7,BIL,IEF
2018-11-16,stressed,reversal_friendly,0.3,0.8193684434151082,0.7,BIL,IEF
2018-11-23,stressed,reversal_friendly,0.3,0.8119413373997888,0.7,BIL,IEF
2018-11-30,stressed,reversal_friendly,0.3,0.7428229687057216,0.7,BIL,IEF
2018-12-07,stressed,reversal_friendly,0.3,0.6252388953247334,0.7,BIL,IEF
2018-12-14,stressed,reversal_friendly,0.3,0.5760438496114695,0.7,BIL,IEF
2018-12-21,stressed,reversal_friendly,0.3,0.5851425843654721,0.7,BIL,IEF
2018-12-28,stressed,reversal_friendly,0.3,0.5074008719223012,0.7,BIL,IEF
2019-01-04,stressed,reversal_friendly,0.3,0.4772769280477961,0.7,BIL,IEF
2019-01-11,stressed,reversal_friendly,0.3,0.4642240678092329,0.7,BIL,IEF
2019-01-18,stressed,reversal_friendly,0.3,0.46656432205651516,0.7,BIL,IEF
2019-01-25,stressed,reversal_friendly,0.3,0.452183152463743,0.7,BIL,IEF
2019-02-01,stressed,reversal_friendly,0.3,0.4751987811055148,0.7,BIL,IEF
2019-02-08,neutral,reversal_friendly,0.48074840513141526,0.48074840513141526,0.5192515948685847,BIL,IEF
2019-02-15,neutral,reversal_friendly,0.48889395784665807,0.48889395784665807,0.511106042153342,BIL,IEF
2019-02-22,neutral,reversal_friendly,0.4819847894684462,0.4819847894684462,0.5180152105315539,BIL,IEF
2019-03-01,neutral,reversal_friendly,0.5146746686297806,0.5146746686297806,0.4853253313702194,BIL,IEF
2019-03-08,neutral,reversal_friendly,0.557998223851642,0.557998223851642,0.442001776148358,BIL,IEF
2019-03-15,neutral,reversal_friendly,0.6054309090565511,0.6054309090565511,0.39456909094344894,BIL,IEF
2019-03-22,neutral,reversal_friendly,0.5964290692616416,0.5964290692616416,0.40357093073835837,BIL,IEF
2019-03-29,neutral,reversal_friendly,0.65,1.0158290112311175,0.35,BIL,IEF
2019-04-05,neutral,reversal_friendly,0.65,1.071214330596539,0.35,BIL,IEF
2019-04-12,neutral,reversal_friendly,0.65,1.0614643023635197,0.35,BIL,IEF
2019-04-19,neutral,reversal_friendly,0.65,1.107182952298436,0.35,BIL,IEF
2019-04-26,neutral,reversal_friendly,0.65,1.188521071930439,0.35,BIL,IEF
2019-05-03,neutral,reversal_friendly,0.65,1.2103173342867284,0.35,BIL,IEF
2019-05-10,neutral,reversal_friendly,0.65,1.2223007274633777,0.35,BIL,IEF
2019-05-17,neutral,reversal_friendly,0.65,1.0712707426083328,0.35,BIL,IEF
2019-05-24,neutral,mixed,0.65,1.135861305801681,0.35,BIL,IEF
2019-05-31,neutral,reversal_friendly,0.65,1.1050703688131862,0.35,BIL,IEF
2019-06-07,neutral,reversal_friendly,0.65,0.9856426226191213,0.35,BIL,IEF
2019-06-14,neutral,reversal_friendly,0.65,0.8337228005298168,0.35,BIL,IEF
2019-06-21,neutral,reversal_friendly,0.65,0.9005850980833339,0.35,BIL,IEF
2019-06-28,neutral,reversal_friendly,0.65,0.878737439350317,0.35,BIL,IEF
2019-07-05,neutral,reversal_friendly,0.65,0.8792029936236142,0.35,BIL,IEF
2019-07-12,neutral,reversal_friendly,0.65,0.8894618899078093,0.35,BIL,IEF
2019-07-19,neutral,reversal_friendly,0.65,0.8882169052229298,0.35,BIL,IEF
2019-07-26,neutral,mixed,0.65,0.8681642300931176,0.35,BIL,IEF
2019-08-02,neutral,reversal_friendly,0.65,0.8580285308539105,0.35,BIL,IEF
2019-08-09,neutral,mixed,0.65,0.772042755825731,0.35,BIL,IEF
2019-08-16,neutral,mixed,0.65,0.8031818501522123,0.35,BIL,IEF
2019-08-23,neutral,mixed,0.65,0.8005861327367014,0.35,BIL,IEF
2019-08-30,neutral,mixed,0.65,0.7940981971448948,0.35,BIL,IEF
2019-09-06,neutral,reversal_friendly,0.65,0.820401503527127,0.35,BIL,IEF
2019-09-13,neutral,mixed,0.65,0.9743727973485723,0.35,BIL,IEF
2019-09-20,calm,trend_friendly,0.9686875847203924,0.9686875847203924,0.0313124152796076,BIL,IEF
2019-09-27,neutral,reversal_friendly,0.65,1.0120403372514275,0.35,BIL,IEF
2019-10-04,neutral,mixed,0.65,0.9970086155008907,0.35,BIL,IEF
2019-10-11,neutral,mixed,0.65,1.0490015256882992,0.35,BIL,IEF
2019-10-18,calm,trend_friendly,1.0,1.0510614339656934,0.0,BIL,IEF
2019-10-25,calm,trend_friendly,1.0,1.0693000192916329,0.0,BIL,IEF
2019-11-01,calm,trend_friendly,1.0,1.0906406169145448,0.0,BIL,IEF
2019-11-08,calm,trend_friendly,1.0,1.25,0.0,BIL,IEF
2019-11-15,calm,trend_friendly,1.0,1.25,0.0,BIL,IEF
2019-11-22,calm,trend_friendly,1.0,1.25,0.0,BIL,IEF
2019-11-29,calm,trend_friendly,1.0,1.25,0.0,BIL,IEF
2019-12-06,calm,trend_friendly,1.0,1.25,0.0,BIL,IEF
2019-12-13,calm,trend_friendly,1.0,1.25,0.0,BIL,IEF
2019-12-20,calm,trend_friendly,1.0,1.25,0.0,BIL,IEF
2019-12-27,calm,trend_friendly,1.0,1.25,0.0,BIL,IEF
2020-01-03,calm,trend_friendly,1.0,1.25,0.0,BIL,IEF
2020-01-10,calm,trend_friendly,1.0,1.25,0.0,BIL,IEF
2020-01-17,calm,trend_friendly,1.0,1.25,0.0,BIL,IEF
2020-01-24,calm,trend_friendly,1.0,1.25,0.0,BIL,IEF
2020-01-31,calm,trend_friendly,1.0,1.25,0.0,BIL,IEF
2020-02-07,calm,trend_friendly,1.0,1.25,0.0,BIL,IEF
2020-02-14,calm,trend_friendly,1.0,1.2379420417135063,0.0,BIL,IEF
2020-02-21,calm,trend_friendly,1.0,1.2129990581447496,0.0,BIL,IEF
2020-02-28,neutral,mixed,0.65,1.148487486808332,0.35,BIL,IEF
2020-03-06,stressed,reversal_friendly,0.3,0.4684263046051478,0.7,BIL,IEF
2020-03-13,stressed,reversal_friendly,0.3,0.4679796249067989,0.7,BIL,IEF
2020-03-20,stressed,reversal_friendly,0.3,0.38374713864243165,0.7,BIL,IEF
2020-03-27,stressed,reversal_friendly,0.29629110823852006,0.29629110823852006,0.70370889176148,BIL,IEF
2020-04-03,stressed,reversal_friendly,0.25,0.25,0.75,BIL,IEF
2020-04-10,stressed,reversal_friendly,0.25001530409682615,0.25001530409682615,0.7499846959031738,BIL,IEF
2020-04-17,stressed,reversal_friendly,0.25,0.25,0.75,BIL,IEF
2020-04-24,stressed,reversal_friendly,0.25,0.25,0.75,BIL,IEF
2020-05-01,stressed,reversal_friendly,0.25,0.25,0.75,BIL,IEF
2020-05-08,stressed,reversal_friendly,0.25,0.25,0.75,BIL,IEF
2020-05-15,stressed,reversal_friendly,0.25,0.25,0.75,BIL,IEF
2020-05-22,stressed,reversal_friendly,0.25,0.25,0.75,BIL,IEF
2020-05-29,stressed,reversal_friendly,0.25,0.25,0.75,BIL,IEF
2020-06-05,stressed,reversal_friendly,0.25,0.25,0.75,BIL,IEF
2020-06-12,stressed,reversal_friendly,0.25,0.25,0.75,BIL,IEF
2020-06-19,stressed,reversal_friendly,0.25,0.25,0.75,BIL,IEF
2020-06-26,stressed,reversal_friendly,0.3,0.3422659477108785,0.7,BIL,IEF
2020-07-03,stressed,reversal_friendly,0.3,0.38145227425759276,0.7,BIL,IEF
2020-07-10,neutral,reversal_friendly,0.3884339347891321,0.3884339347891321,0.6115660652108679,BIL,IEF
2020-07-17,neutral,reversal_friendly,0.5544894223946569,0.5544894223946569,0.44551057760534307,BIL,IEF
2020-07-24,neutral,reversal_friendly,0.5648594407594234,0.5648594407594234,0.4351405592405766,BIL,IEF
2020-07-31,neutral,reversal_friendly,0.5749414690607042,0.5749414690607042,0.4250585309392958,BIL,IEF
2020-08-07,neutral,reversal_friendly,0.5777499201244203,0.5777499201244203,0.4222500798755797,BIL,IEF
2020-08-14,neutral,mixed,0.5878496187501087,0.5878496187501087,0.41215038124989134,BIL,IEF
2020-08-21,neutral,mixed,0.6238063869953624,0.6238063869953624,0.3761936130046376,BIL,IEF
2020-08-28,neutral,mixed,0.6376397344670565,0.6376397344670565,0.36236026553294354,BIL,IEF
2020-09-04,neutral,mixed,0.6335849761953649,0.6335849761953649,0.3664150238046351,BIL,IEF
2020-09-11,neutral,mixed,0.65,0.659552975264541,0.35,BIL,IEF
2020-09-18,neutral,mixed,0.65,0.7635686470738573,0.35,BIL,IEF
2020-09-25,neutral,mixed,0.65,0.7621425931064372,0.35,BIL,IEF
2020-10-02,neutral,mixed,0.65,0.8421618875381939,0.35,BIL,IEF
2020-10-09,neutral,mixed,0.65,0.9596360005366364,0.35,BIL,IEF
2020-10-16,neutral,mixed,0.65,0.8544736126547122,0.35,BIL,IEF
2020-10-23,neutral,mixed,0.65,0.8551393166541271,0.35,BIL,IEF
2020-10-30,neutral,reversal_friendly,0.65,0.8519557051300132,0.35,BIL,IEF
2020-11-06,neutral,reversal_friendly,0.6498777939746924,0.6498777939746924,0.35012220602530764,BIL,IEF
2020-11-13,neutral,reversal_friendly,0.5206492373934595,0.5206492373934595,0.4793507626065405,BIL,IEF
2020-11-20,neutral,reversal_friendly,0.5141365590409429,0.5141365590409429,0.4858634409590571,BIL,IEF
2020-11-27,neutral,reversal_friendly,0.5110706188336995,0.5110706188336995,0.48892938116630047,BIL,IEF
2020-12-04,neutral,reversal_friendly,0.5202550472117738,0.5202550472117738,0.47974495278822615,BIL,IEF
2020-12-11,neutral,reversal_friendly,0.5344195817571289,0.5344195817571289,0.4655804182428711,BIL,IEF
2020-12-18,neutral,mixed,0.5524228615262223,0.5524228615262223,0.44757713847377767,BIL,IEF
2020-12-25,neutral,mixed,0.5577154709827057,0.5577154709827057,0.4422845290172943,BIL,IEF
2021-01-01,neutral,mixed,0.5612487271829728,0.5612487271829728,0.4387512728170272,BIL,IEF
2021-01-08,neutral,mixed,0.5618434115671629,0.5618434115671629,0.4381565884328371,BIL,IEF
2021-01-15,neutral,mixed,0.584274538888507,0.584274538888507,0.415725461111493,BIL,IEF
2021-01-22,neutral,mixed,0.5713470322071781,0.5713470322071781,0.4286529677928219,BIL,IEF
2021-01-29,neutral,mixed,0.5717494596092311,0.5717494596092311,0.42825054039076893,BIL,IEF
2021-02-05,neutral,mixed,0.65,0.6539791673508852,0.35,BIL,IEF
2021-02-12,calm,trend_friendly,0.7940145972996171,0.7940145972996171,0.2059854027003829,BIL,IEF
2021-02-19,calm,trend_friendly,0.8089494876685475,0.8089494876685475,0.19105051233145254,BIL,IEF
2021-02-26,neutral,mixed,0.65,0.8115378901553613,0.35,BIL,IEF
2021-03-05,neutral,mixed,0.65,0.7652134691445588,0.35,BIL,IEF
2021-03-12,neutral,mixed,0.65,0.7757468275051596,0.35,BIL,IEF
2021-03-19,calm,trend_friendly,0.7557604922266651,0.7557604922266651,0.24423950777333492,BIL,IEF
2021-03-26,calm,trend_friendly,0.7465628496465588,0.7465628496465588,0.25343715035344117,BIL,IEF
2021-04-02,calm,trend_friendly,0.7405430270451733,0.7405430270451733,0.2594569729548267,BIL,IEF
2021-04-09,calm,trend_friendly,0.7417802833224365,0.7417802833224365,0.2582197166775635,BIL,IEF
2021-04-16,calm,trend_friendly,0.7264545267923079,0.7264545267923079,0.27354547320769207,BIL,IEF
2021-04-23,calm,trend_friendly,0.7535088088997233,0.7535088088997233,0.24649119110027673,BIL,IEF
2021-04-30,calm,trend_friendly,0.7564989724273321,0.7564989724273321,0.2435010275726679,BIL,IEF
2021-05-07,calm,trend_friendly,0.8994466567629014,0.8994466567629014,0.10055334323709864,BIL,IEF
2021-05-14,calm,trend_friendly,1.0,1.1374018070543381,0.0,BIL,IEF
2021-05-21,calm,trend_friendly,1.0,1.0732004323499076,0.0,BIL,IEF
2021-05-28,calm,trend_friendly,1.0,1.0837636373148845,0.0,BIL,IEF
2021-06-04,calm,trend_friendly,1.0,1.25,0.0,BIL,IEF
2021-06-11,calm,trend_friendly,1.0,1.25,0.0,BIL,IEF
2021-06-18,calm,trend_friendly,1.0,1.25,0.0,BIL,IEF
2021-06-25,calm,trend_friendly,1.0,1.25,0.0,BIL,IEF
2021-07-02,calm,trend_friendly,1.0,1.2098019632028225,0.0,BIL,IEF
2021-07-09,calm,trend_friendly,1.0,1.1893908531595636,0.0,BIL,IEF
2021-07-16,calm,trend_friendly,1.0,1.25,0.0,BIL,IEF
2021-07-23,calm,trend_friendly,1.0,1.25,0.0,BIL,IEF
2021-07-30,calm,trend_friendly,1.0,1.2291342735324462,0.0,BIL,IEF
2021-08-06,calm,trend_friendly,1.0,1.2157761028335456,0.0,BIL,IEF
2021-08-13,calm,trend_friendly,1.0,1.22422601739424,0.0,BIL,IEF
2021-08-20,calm,trend_friendly,1.0,1.25,0.0,BIL,IEF
2021-08-27,calm,trend_friendly,1.0,1.25,0.0,BIL,IEF
2021-09-03,calm,trend_friendly,1.0,1.25,0.0,BIL,IEF
2021-09-10,calm,trend_friendly,1.0,1.25,0.0,BIL,IEF
2021-09-17,calm,trend_friendly,1.0,1.1598082401041867,0.0,BIL,IEF
2021-09-24,calm,trend_friendly,1.0,1.25,0.0,BIL,IEF
2021-10-01,calm,trend_friendly,1.0,1.25,0.0,BIL,IEF
2021-10-08,neutral,mixed,0.65,1.25,0.35,BIL,IEF
2021-10-15,calm,trend_friendly,1.0,1.25,0.0,BIL,IEF
2021-10-22,calm,trend_friendly,1.0,1.25,0.0,BIL,IEF
2021-10-29,calm,trend_friendly,1.0,1.25,0.0,BIL,IEF
2021-11-05,calm,trend_friendly,1.0,1.25,0.0,BIL,IEF
2021-11-12,calm,trend_friendly,1.0,1.2380695579897134,0.0,BIL,IEF
2021-11-19,calm,trend_friendly,1.0,1.2274378936410621,0.0,BIL,IEF
2021-11-26,calm,trend_friendly,1.0,1.25,0.0,BIL,IEF
2021-12-03,neutral,mixed,0.65,1.141767730956961,0.35,BIL,IEF
2021-12-10,neutral,mixed,0.65,1.110065131377953,0.35,BIL,IEF
2021-12-17,neutral,mixed,0.65,0.9616433185695047,0.35,BIL,IEF
2021-12-24,neutral,mixed,0.65,0.9048795984910629,0.35,BIL,IEF
2021-12-31,neutral,mixed,0.65,0.867073253194085,0.35,BIL,IEF
2022-01-07,neutral,mixed,0.65,0.9541211497657361,0.35,BIL,IEF
2022-01-14,neutral,mixed,0.65,0.8822314641630057,0.35,BIL,IEF
2022-01-21,neutral,mixed,0.65,0.8968069617835175,0.35,BIL,IEF
2022-01-28,neutral,mixed,0.65,0.6749993728654045,0.35,BIL,IEF
2022-02-04,neutral,mixed,0.65,0.6806579434336537,0.35,BIL,IEF
2022-02-11,neutral,mixed,0.65,0.6903810281078108,0.35,BIL,IEF
2022-02-18,neutral,mixed,0.65,0.6795537851150603,0.35,BIL,IEF
2022-02-25,neutral,mixed,0.65,0.6784346540829728,0.35,BIL,IEF
2022-03-04,neutral,mixed,0.65,0.6848752620598064,0.35,BIL,IEF
2022-03-11,neutral,mixed,0.65,0.684287159734319,0.35,BIL,IEF
2022-03-18,stressed,reversal_friendly,0.3,0.7656469844724759,0.7,BIL,IEF
2022-03-25,stressed,reversal_friendly,0.3,0.579567693733061,0.7,BIL,IEF
2022-04-01,stressed,reversal_friendly,0.3,0.5863706194619519,0.7,BIL,IEF
2022-04-08,stressed,reversal_friendly,0.3,0.590447562880412,0.7,BIL,IEF
2022-04-15,stressed,reversal_friendly,0.3,0.595818221046726,0.7,BIL,IEF
2022-04-22,stressed,reversal_friendly,0.3,0.585099180423021,0.7,BIL,IEF
2022-04-29,stressed,reversal_friendly,0.3,0.6752603961789927,0.7,BIL,IEF
2022-05-06,stressed,reversal_friendly,0.3,0.6436777725468612,0.7,BIL,IEF
2022-05-13,stressed,reversal_friendly,0.3,0.6610517890773011,0.7,BIL,IEF
2022-05-20,stressed,reversal_friendly,0.3,0.6547926694228399,0.7,BIL,IEF
2022-05-27,stressed,reversal_friendly,0.3,0.6354941632485988,0.7,BIL,IEF
2022-06-03,stressed,reversal_friendly,0.3,0.5031131710432531,0.7,BIL,IEF
2022-06-10,stressed,reversal_friendly,0.3,0.5035789957413895,0.7,BIL,IEF
2022-06-17,stressed,reversal_friendly,0.3,0.4756414542725831,0.7,BIL,IEF
2022-06-24,stressed,reversal_friendly,0.3,0.5276443248773932,0.7,BIL,IEF
2022-07-01,stressed,reversal_friendly,0.3,0.4401626108957197,0.7,BIL,IEF
2022-07-08,stressed,reversal_friendly,0.3,0.4402945628764688,0.7,BIL,IEF
2022-07-15,stressed,reversal_friendly,0.3,0.42883874317035237,0.7,BIL,IEF
2022-07-22,stressed,reversal_friendly,0.3,0.4307223749764675,0.7,BIL,IEF
2022-07-29,stressed,reversal_friendly,0.3,0.4229707677549433,0.7,BIL,IEF
2022-08-05,stressed,reversal_friendly,0.3,0.4117969855829204,0.7,BIL,IEF
2022-08-12,stressed,reversal_friendly,0.3,0.4118277653051329,0.7,BIL,IEF
2022-08-19,stressed,reversal_friendly,0.3,0.410478435329814,0.7,BIL,IEF
2022-08-26,stressed,reversal_friendly,0.3,0.4214327700000907,0.7,BIL,IEF
2022-09-02,stressed,reversal_friendly,0.3,0.4468471202559094,0.7,BIL,IEF
2022-09-09,stressed,reversal_friendly,0.3,0.4359822452575261,0.7,BIL,IEF
2022-09-16,stressed,reversal_friendly,0.3,0.4540011609474816,0.7,BIL,IEF
2022-09-23,stressed,reversal_friendly,0.3,0.47013520533749165,0.7,BIL,IEF
2022-09-30,stressed,reversal_friendly,0.3,0.5079484834202178,0.7,BIL,IEF
2022-10-07,stressed,reversal_friendly,0.3,0.5022998187079334,0.7,BIL,IEF
2022-10-14,stressed,reversal_friendly,0.3,0.5054926687533622,0.7,BIL,IEF
2022-10-21,stressed,reversal_friendly,0.3,0.5041069929153743,0.7,BIL,IEF
2022-10-28,stressed,reversal_friendly,0.3,0.4747070424975913,0.7,BIL,IEF
2022-11-04,stressed,reversal_friendly,0.3,0.4796804583776279,0.7,BIL,IEF
2022-11-11,stressed,reversal_friendly,0.3,0.4685900589492855,0.7,BIL,IEF
2022-11-18,stressed,reversal_friendly,0.3,0.43219723459837744,0.7,BIL,IEF
2022-11-25,stressed,reversal_friendly,0.3,0.4328277025535913,0.7,BIL,IEF
2022-12-02,neutral,reversal_friendly,0.44744339823294665,0.44744339823294665,0.5525566017670533,BIL,IEF
2022-12-09,neutral,reversal_friendly,0.46290344778105724,0.46290344778105724,0.5370965522189428,BIL,IEF
2022-12-16,neutral,reversal_friendly,0.46398168112212534,0.46398168112212534,0.5360183188778747,BIL,IEF
2022-12-23,neutral,reversal_friendly,0.49395250777913746,0.49395250777913746,0.5060474922208625,BIL,IEF
2022-12-30,neutral,reversal_friendly,0.5412466559911852,0.5412466559911852,0.45875334400881485,BIL,IEF
2023-01-06,neutral,reversal_friendly,0.5704471182858809,0.5704471182858809,0.4295528817141191,BIL,IEF
2023-01-13,neutral,reversal_friendly,0.5709304319762387,0.5709304319762387,0.4290695680237613,BIL,IEF
2023-01-20,neutral,reversal_friendly,0.5737227289397168,0.5737227289397168,0.42627727106028324,BIL,IEF
2023-01-27,neutral,reversal_friendly,0.6173675857519706,0.6173675857519706,0.3826324142480294,BIL,IEF
2023-02-03,neutral,reversal_friendly,0.6480530332261081,0.6480530332261081,0.3519469667738919,BIL,IEF
2023-02-10,neutral,reversal_friendly,0.65,0.7119255475914265,0.35,BIL,IEF
2023-02-17,neutral,reversal_friendly,0.65,0.9241961400431624,0.35,BIL,IEF
2023-02-24,neutral,reversal_friendly,0.65,0.9309852298925004,0.35,BIL,IEF
2023-03-03,neutral,reversal_friendly,0.65,0.8709114770249962,0.35,BIL,IEF
2023-03-10,neutral,reversal_friendly,0.65,0.8458286041887809,0.35,BIL,IEF
2023-03-17,neutral,reversal_friendly,0.65,0.7732277047206659,0.35,BIL,IEF
2023-03-24,neutral,reversal_friendly,0.65,0.79238490176769,0.35,BIL,IEF
2023-03-31,neutral,reversal_friendly,0.65,0.7820676147939991,0.35,BIL,IEF
2023-04-07,neutral,reversal_friendly,0.65,0.7260541391748856,0.35,BIL,IEF
2023-04-14,neutral,reversal_friendly,0.65,0.7294827064620683,0.35,BIL,IEF
2023-04-21,neutral,reversal_friendly,0.65,0.7612431985504863,0.35,BIL,IEF
2023-04-28,neutral,reversal_friendly,0.65,0.7668269295438267,0.35,BIL,IEF
2023-05-05,calm,reversal_friendly,0.7982372442576811,0.7982372442576811,0.20176275574231894,BIL,IEF
2023-05-12,calm,trend_friendly,0.8087921436450803,0.8087921436450803,0.19120785635491966,BIL,IEF
2023-05-19,calm,trend_friendly,0.8182155127966808,0.8182155127966808,0.1817844872033192,BIL,IEF
2023-05-26,calm,reversal_friendly,0.8009304142237642,0.8009304142237642,0.1990695857762358,BIL,IEF
2023-06-02,neutral,reversal_friendly,0.65,0.8841356809071936,0.35,BIL,IEF
2023-06-09,calm,reversal_friendly,0.8868215616591182,0.8868215616591182,0.11317843834088182,BIL,IEF
2023-06-16,calm,reversal_friendly,1.0,1.25,0.0,BIL,IEF
2023-06-23,calm,reversal_friendly,1.0,1.25,0.0,BIL,IEF
2023-06-30,calm,reversal_friendly,1.0,1.2129533404130723,0.0,BIL,IEF
2023-07-07,calm,trend_friendly,1.0,1.25,0.0,BIL,IEF
2023-07-14,calm,trend_friendly,1.0,1.25,0.0,BIL,IEF
2023-07-21,calm,trend_friendly,1.0,1.1942210855677484,0.0,BIL,IEF
2023-07-28,calm,trend_friendly,1.0,1.2102834254813828,0.0,BIL,IEF
2023-08-04,calm,trend_friendly,1.0,1.2086119136579956,0.0,BIL,IEF
2023-08-11,calm,reversal_friendly,1.0,1.0699719513562627,0.0,BIL,IEF
2023-08-18,calm,trend_friendly,1.0,1.069718265946219,0.0,BIL,IEF
2023-08-25,calm,trend_friendly,0.986236596908184,0.986236596908184,0.013763403091816007,BIL,IEF
2023-09-01,calm,trend_friendly,0.9838126365629233,0.9838126365629233,0.01618736343707672,BIL,IEF
2023-09-08,calm,trend_friendly,0.9511734062510359,0.9511734062510359,0.04882659374896414,BIL,IEF
2023-09-15,calm,trend_friendly,0.9181665222814006,0.9181665222814006,0.08183347771859939,BIL,IEF
2023-09-22,calm,trend_friendly,0.9911791557060224,0.9911791557060224,0.008820844293977559,BIL,IEF
2023-09-29,calm,trend_friendly,0.9059899970559768,0.9059899970559768,0.09401000294402317,BIL,IEF
2023-10-06,calm,trend_friendly,0.9770527287574358,0.9770527287574358,0.022947271242564238,BIL,IEF
2023-10-13,calm,trend_friendly,0.9820367334415869,0.9820367334415869,0.01796326655841307,BIL,IEF
2023-10-20,calm,trend_friendly,1.0,1.0913594017102286,0.0,BIL,IEF
2023-10-27,neutral,mixed,0.65,1.038190967537044,0.35,BIL,IEF
2023-11-03,neutral,mixed,0.65,1.0286062791537052,0.35,BIL,IEF
2023-11-10,neutral,mixed,0.65,0.6978180686983356,0.35,BIL,IEF
2023-11-17,calm,trend_friendly,0.6873280537188418,0.6873280537188418,0.31267194628115824,BIL,IEF
2023-11-24,calm,trend_friendly,0.6875622823140007,0.6875622823140007,0.31243771768599926,BIL,IEF
2023-12-01,calm,trend_friendly,0.686383715264029,0.686383715264029,0.31361628473597103,BIL,IEF
2023-12-08,calm,trend_friendly,0.7117766102177726,0.7117766102177726,0.2882233897822274,BIL,IEF
2023-12-15,calm,trend_friendly,0.7243081715583995,0.7243081715583995,0.27569182844160045,BIL,IEF
2023-12-22,calm,trend_friendly,0.703951647238556,0.703951647238556,0.29604835276144403,BIL,IEF
2023-12-29,calm,trend_friendly,0.7813334658009891,0.7813334658009891,0.21866653419901094,BIL,IEF
2024-01-05,calm,trend_friendly,0.7965568428658242,0.7965568428658242,0.20344315713417582,BIL,IEF
2024-01-12,neutral,mixed,0.65,0.7583417467259165,0.35,BIL,IEF
2024-01-19,neutral,mixed,0.65,0.7510889182382295,0.35,BIL,IEF
2024-01-26,neutral,mixed,0.65,0.8342997378909425,0.35,BIL,IEF
2024-02-02,calm,trend_friendly,0.9905477511014206,0.9905477511014206,0.00945224889857943,BIL,IEF
2024-02-09,calm,trend_friendly,1.0,1.25,0.0,BIL,IEF
2024-02-16,calm,trend_friendly,1.0,1.25,0.0,BIL,IEF
2024-02-23,calm,trend_friendly,1.0,1.25,0.0,BIL,IEF
2024-03-01,calm,trend_friendly,1.0,1.25,0.0,BIL,IEF
2024-03-08,calm,trend_friendly,1.0,1.25,0.0,BIL,IEF
2024-03-15,calm,trend_friendly,1.0,1.25,0.0,BIL,IEF
2024-03-22,calm,trend_friendly,1.0,1.25,0.0,BIL,IEF
2024-03-29,calm,trend_friendly,1.0,1.25,0.0,BIL,IEF
2024-04-05,calm,trend_friendly,1.0,1.25,0.0,BIL,IEF
2024-04-12,calm,trend_friendly,1.0,1.25,0.0,BIL,IEF
2024-04-19,neutral,mixed,0.65,1.25,0.35,BIL,IEF
2024-04-26,neutral,mixed,0.65,1.1373530557256502,0.35,BIL,IEF
2024-05-03,calm,trend_friendly,1.0,1.0409731965494482,0.0,BIL,IEF
2024-05-10,calm,trend_friendly,1.0,1.0607209753057567,0.0,BIL,IEF
2024-05-17,calm,trend_friendly,1.0,1.0386833935247497,0.0,BIL,IEF
2024-05-24,calm,trend_friendly,1.0,1.0223334416444636,0.0,BIL,IEF
2024-05-31,calm,trend_friendly,1.0,1.0452892921702024,0.0,BIL,IEF
2024-06-07,calm,trend_friendly,1.0,1.0449698669775604,0.0,BIL,IEF
2024-06-14,calm,trend_friendly,1.0,1.0343712118506294,0.0,BIL,IEF
2024-06-21,calm,trend_friendly,1.0,1.0144766085975914,0.0,BIL,IEF
2024-06-28,calm,trend_friendly,1.0,1.0686213560070696,0.0,BIL,IEF
2024-07-05,calm,trend_friendly,1.0,1.0655397905880954,0.0,BIL,IEF
2024-07-12,calm,trend_friendly,1.0,1.0590188301554293,0.0,BIL,IEF
2024-07-19,calm,trend_friendly,1.0,1.146832185768635,0.0,BIL,IEF
2024-07-26,calm,trend_friendly,1.0,1.25,0.0,BIL,IEF
2024-08-02,neutral,mixed,0.65,1.25,0.35,BIL,IEF
2024-08-09,neutral,mixed,0.65,1.1996648822222855,0.35,BIL,IEF
2024-08-16,neutral,mixed,0.65,1.25,0.35,BIL,IEF
2024-08-23,neutral,mixed,0.65,1.0111747985675577,0.35,BIL,IEF
2024-08-30,neutral,mixed,0.65,0.9999697342233821,0.35,BIL,IEF
2024-09-06,neutral,mixed,0.65,1.0118705590322392,0.35,BIL,IEF
2024-09-13,neutral,mixed,0.65,0.8017970832612724,0.35,BIL,IEF
2024-09-20,neutral,mixed,0.65,0.7207205022155344,0.35,BIL,IEF
2024-09-27,neutral,mixed,0.65,0.7147995665348722,0.35,BIL,IEF
2024-10-04,neutral,mixed,0.65,0.71578667490461,0.35,BIL,IEF
2024-10-11,neutral,mixed,0.65,0.7294230964372314,0.35,BIL,IEF
2024-10-18,neutral,mixed,0.65,0.7277820153481315,0.35,BIL,IEF
2024-10-25,neutral,mixed,0.65,0.7619143775437257,0.35,BIL,IEF
2024-11-01,neutral,mixed,0.65,0.7596536580673252,0.35,BIL,IEF
2024-11-08,neutral,mixed,0.65,0.7830858001386162,0.35,BIL,IEF
2024-11-15,neutral,mixed,0.65,0.6910041313560825,0.35,BIL,IEF
2024-11-22,neutral,mixed,0.65,0.7067363464426532,0.35,BIL,IEF
2024-11-29,neutral,mixed,0.65,0.7038924447016849,0.35,BIL,IEF
2024-12-06,neutral,mixed,0.65,0.7019972648845378,0.35,BIL,IEF
2024-12-13,calm,trend_friendly,0.8740407172405485,0.8740407172405485,0.12595928275945145,BIL,IEF
2024-12-20,calm,trend_friendly,0.9757873255267058,0.9757873255267058,0.024212674473294227,BIL,IEF
2024-12-27,neutral,mixed,0.65,0.9195552488310517,0.35,BIL,IEF
2025-01-03,neutral,mixed,0.65,0.9190280711641464,0.35,BIL,IEF
2025-01-10,neutral,mixed,0.65,0.9110067061128219,0.35,BIL,IEF
2025-01-17,neutral,mixed,0.65,0.8737145589536434,0.35,BIL,IEF
2025-01-24,neutral,mixed,0.65,0.8080599846528042,0.35,BIL,IEF
2025-01-31,neutral,mixed,0.65,0.8048012189159801,0.35,BIL,IEF
2025-02-07,neutral,mixed,0.65,0.8144451955219053,0.35,BIL,IEF
2025-02-14,neutral,mixed,0.65,1.0509488770490416,0.35,BIL,IEF
2025-02-21,neutral,mixed,0.65,1.1200189962138414,0.35,BIL,IEF
2025-02-28,neutral,mixed,0.65,1.095122200471132,0.35,BIL,IEF
2025-03-07,neutral,mixed,0.65,1.1036825780445483,0.35,BIL,IEF
2025-03-14,stressed,reversal_friendly,0.3,0.9856917483268924,0.7,BIL,IEF
2025-03-21,stressed,reversal_friendly,0.3,0.9406949580606653,0.7,BIL,IEF
2025-03-28,stressed,reversal_friendly,0.3,0.9555344890050181,0.7,BIL,IEF
2025-04-04,stressed,reversal_friendly,0.3,0.9552537523113598,0.7,BIL,IEF
2025-04-11,stressed,reversal_friendly,0.3,0.5642246072066456,0.7,BIL,IEF
2025-04-18,stressed,reversal_friendly,0.3,0.4774232600165839,0.7,BIL,IEF
2025-04-25,stressed,reversal_friendly,0.3,0.5002832938780852,0.7,BIL,IEF
2025-05-02,stressed,reversal_friendly,0.3,0.4623763774476905,0.7,BIL,IEF
2025-05-09,stressed,reversal_friendly,0.3,0.4459349069356991,0.7,BIL,IEF
2025-05-16,stressed,reversal_friendly,0.3,0.44598963584461465,0.7,BIL,IEF
2025-05-23,stressed,reversal_friendly,0.3,0.41310888801022466,0.7,BIL,IEF
2025-05-30,stressed,reversal_friendly,0.3,0.4093078929248148,0.7,BIL,IEF
2025-06-06,neutral,mixed,0.40666115858206653,0.40666115858206653,0.5933388414179335,BIL,IEF
2025-06-13,neutral,mixed,0.4158668398593632,0.4158668398593632,0.5841331601406368,BIL,IEF
2025-06-20,neutral,mixed,0.42352254994278427,0.42352254994278427,0.5764774500572157,BIL,IEF
2025-06-27,neutral,mixed,0.4229859073040522,0.4229859073040522,0.5770140926959477,BIL,IEF
2025-07-04,neutral,mixed,0.4195480415461725,0.4195480415461725,0.5804519584538275,BIL,IEF
2025-07-11,neutral,mixed,0.6380739478470445,0.6380739478470445,0.3619260521529555,BIL,IEF
2025-07-18,neutral,mixed,0.65,0.7036812740195872,0.35,BIL,IEF
2025-07-25,neutral,mixed,0.65,0.743649694041487,0.35,BIL,IEF
2025-08-01,neutral,mixed,0.65,0.8221978208644647,0.35,BIL,IEF
2025-08-08,neutral,mixed,0.65,0.7654429932746744,0.35,BIL,IEF
2025-08-15,calm,trend_friendly,0.7592717304890833,0.7592717304890833,0.24072826951091675,BIL,IEF
2025-08-22,calm,trend_friendly,0.9394150705130073,0.9394150705130073,0.06058492948699268,BIL,IEF
2025-08-29,calm,trend_friendly,1.0,1.1096920787440943,0.0,BIL,IEF
2025-09-05,neutral,mixed,0.65,1.1147989711328885,0.35,BIL,IEF
2025-09-12,neutral,mixed,0.65,1.1326369237056795,0.35,BIL,IEF
2025-09-19,neutral,mixed,0.65,1.1407893241777156,0.35,BIL,IEF
2025-09-26,neutral,mixed,0.65,1.159538821088248,0.35,BIL,IEF
2025-10-03,neutral,mixed,0.65,1.25,0.35,BIL,IEF
2025-10-10,neutral,mixed,0.65,1.25,0.35,BIL,IEF
2025-10-17,neutral,mixed,0.65,1.1501009908637791,0.35,BIL,IEF
2025-10-24,neutral,mixed,0.65,1.1134703440733986,0.35,BIL,IEF
2025-10-31,neutral,mixed,0.65,1.0925267347179295,0.35,BIL,IEF
2025-11-07,neutral,mixed,0.65,1.25,0.35,BIL,IEF
2025-11-14,neutral,mixed,0.65,1.25,0.35,BIL,IEF
2025-11-21,neutral,mixed,0.65,1.25,0.35,BIL,IEF
2025-11-28,neutral,mixed,0.65,1.1659389984425437,0.35,BIL,IEF
2025-12-05,neutral,mixed,0.65,0.9662623425701503,0.35,BIL,IEF
2025-12-12,neutral,mixed,0.65,0.9662509759967464,0.35,BIL,IEF
2025-12-19,neutral,mixed,0.65,0.9722208091208778,0.35,BIL,IEF
2025-12-26,neutral,mixed,0.65,0.9850267813579163,0.35,BIL,IEF
2026-01-02,neutral,mixed,0.65,0.9716553530696906,0.35,BIL,IEF
2026-01-09,neutral,mixed,0.65,0.9578749102024512,0.35,BIL,IEF
2026-01-16,neutral,mixed,0.65,1.0507087206570056,0.35,BIL,IEF
2026-01-23,neutral,mixed,0.65,1.0711873583818587,0.35,BIL,IEF
2026-01-30,neutral,mixed,0.65,1.1196610501285427,0.35,BIL,IEF
2026-02-06,neutral,mixed,0.65,1.124956424825116,0.35,BIL,IEF
2026-02-13,neutral,mixed,0.65,1.1998193933510248,0.35,BIL,IEF
2026-02-20,neutral,mixed,0.65,1.1465012228664062,0.35,BIL,IEF
2026-02-27,neutral,mixed,0.65,1.2498506894800372,0.35,BIL,IEF
2026-03-06,neutral,mixed,0.65,1.25,0.35,BIL,IEF
2026-03-13,stressed,reversal_friendly,0.3,1.25,0.7,BIL,IEF
2026-03-20,neutral,mixed,0.65,1.25,0.35,BIL,IEF
2026-03-27,neutral,mixed,0.65,1.25,0.35,BIL,IEF
2026-04-03,stressed,reversal_friendly,0.3,1.25,0.7,BIL,IEF
2026-04-10,neutral,mixed,0.65,1.0302034237585658,0.35,BIL,IEF
