Date,p_regime_confidence,p_transition_quality,p_tail_risk
2005-01-07,,,
2005-01-14,,,
2005-01-21,,,
2005-01-28,,,
2005-02-04,,,
2005-02-11,,,
2005-02-18,,,
2005-02-25,,,
2005-03-04,,,
2005-03-11,,,
2005-03-18,,,
2005-03-25,,,
2005-04-01,,,
2005-04-08,,,
2005-04-15,,,
2005-04-22,,,
2005-04-29,,,
2005-05-06,,,
2005-05-13,,,
2005-05-20,,,
2005-05-27,,,
2005-06-03,,,
2005-06-10,,,
2005-06-17,,,
2005-06-24,,,
2005-07-01,,,
2005-07-08,,,
2005-07-15,,,
2005-07-22,,,
2005-07-29,,,
2005-08-05,,,
2005-08-12,,,
2005-08-19,,,
2005-08-26,,,
2005-09-02,,,
2005-09-09,,,
2005-09-16,,,
2005-09-23,,,
2005-09-30,,,
2005-10-07,,,
2005-10-14,,,
2005-10-21,,,
2005-10-28,,,
2005-11-04,,,
2005-11-11,,,
2005-11-18,,,
2005-11-25,,,
2005-12-02,,,
2005-12-09,,,
2005-12-16,,,
2005-12-23,,,
2005-12-30,,,
2006-01-06,,,
2006-01-13,,,
2006-01-20,,,
2006-01-27,,,
2006-02-03,,,
2006-02-10,,,
2006-02-17,,,
2006-02-24,,,
2006-03-03,,,
2006-03-10,,,
2006-03-17,,,
2006-03-24,,,
2006-03-31,,,
2006-04-07,,,
2006-04-14,,,
2006-04-21,,,
2006-04-28,,,
2006-05-05,,,
2006-05-12,,,
2006-05-19,,,
2006-05-26,,,
2006-06-02,,,
2006-06-09,,,
2006-06-16,,,
2006-06-23,,,
2006-06-30,,,
2006-07-07,,,
2006-07-14,,,
2006-07-21,,,
2006-07-28,,,
2006-08-04,,,
2006-08-11,,,
2006-08-18,,,
2006-08-25,,,
2006-09-01,,,
2006-09-08,,,
2006-09-15,,,
2006-09-22,,,
2006-09-29,,,
2006-10-06,,,
2006-10-13,,,
2006-10-20,,,
2006-10-27,,,
2006-11-03,,,
2006-11-10,,,
2006-11-17,,,
2006-11-24,,,
2006-12-01,,,
2006-12-08,,,
2006-12-15,,,
2006-12-22,,,
2006-12-29,,,
2007-01-05,,,
2007-01-12,,,
2007-01-19,,,
2007-01-26,,,
2007-02-02,,,
2007-02-09,,,
2007-02-16,,,
2007-02-23,,,
2007-03-02,,,
2007-03-09,,,
2007-03-16,,,
2007-03-23,,,
2007-03-30,,,
2007-04-06,,,
2007-04-13,,,
2007-04-20,,,
2007-04-27,,,
2007-05-04,,,
2007-05-11,,,
2007-05-18,,,
2007-05-25,,,
2007-06-01,,,
2007-06-08,,,
2007-06-15,,,
2007-06-22,,,
2007-06-29,,,
2007-07-06,,,
2007-07-13,,,
2007-07-20,,,
2007-07-27,,,
2007-08-03,,,
2007-08-10,,,
2007-08-17,,,
2007-08-24,,,
2007-08-31,,,
2007-09-07,,,
2007-09-14,,,
2007-09-21,,,
2007-09-28,,,
2007-10-05,,,
2007-10-12,,,
2007-10-19,,,
2007-10-26,,,
2007-11-02,,,
2007-11-09,,,
2007-11-16,,,
2007-11-23,,,
2007-11-30,,,
2007-12-07,,,
2007-12-14,,,
2007-12-21,,,
2007-12-28,,,
2008-01-04,,,
2008-01-11,,,
2008-01-18,,,
2008-01-25,,,
2008-02-01,,,
2008-02-08,,,
2008-02-15,,,
2008-02-22,,,
2008-02-29,,,
2008-03-07,,,
2008-03-14,,,
2008-03-21,,,
2008-03-28,,,
2008-04-04,,,
2008-04-11,,,
2008-04-18,,,
2008-04-25,,,
2008-05-02,,,
2008-05-09,,,
2008-05-16,,,
2008-05-23,,,
2008-05-30,,,
2008-06-06,,,
2008-06-13,,,
2008-06-20,,,
2008-06-27,,,
2008-07-04,,,
2008-07-11,,,
2008-07-18,,,
2008-07-25,,,
2008-08-01,,,
2008-08-08,,,
2008-08-15,,,
2008-08-22,,,
2008-08-29,,,
2008-09-05,,,
2008-09-12,,,
2008-09-19,,,
2008-09-26,,,
2008-10-03,,,
2008-10-10,,,
2008-10-17,,,
2008-10-24,,,
2008-10-31,,,
2008-11-07,0.09738321946559446,0.14642262895174707,0.8914395852176029
2008-11-14,0.07332545369564947,0.14642262895174707,0.8914395852176029
2008-11-21,0.055161701414024905,0.14642262895174707,0.8914395852176029
2008-11-28,0.08400457214124941,0.14642262895174707,0.8914395852176029
2008-12-05,0.07713645898338124,0.14642262895174707,0.8914395852176029
2008-12-12,0.08313949162697308,0.14642262895174707,0.8914395852176029
2008-12-19,0.07139190530661725,0.14642262895174707,0.8914395852176029
2008-12-26,0.05563994643149713,0.14642262895174707,0.8914395852176029
2009-01-02,0.07273724508963239,0.14642262895174707,0.8896822495206644
2009-01-09,0.09147167143472124,0.14642262895174707,0.8896822495206644
2009-01-16,0.06970361187644347,0.14642262895174707,0.7995515280493859
2009-01-23,0.05866198913184069,0.14642262895174707,0.7969951202812746
2009-01-30,0.04937418958840766,0.14642262895174707,0.7995515280493859
2009-02-06,0.06698406256126575,0.14642262895174707,0.7534091444662522
2009-02-13,0.05151732376877059,0.14642262895174707,0.7534091444662522
2009-02-20,0.04978724841946108,0.14642262895174707,0.7969951202812746
2009-02-27,0.04078939006089756,0.14642262895174707,0.7995515280493859
2009-03-06,0.03312001137905186,0.14642262895174707,0.7995515280493859
2009-03-13,0.04457066799068284,0.14642262895174707,0.7995515280493859
2009-03-20,0.04262735005739376,0.14642262895174707,0.8024257813704135
2009-03-27,0.052782097186746285,0.14642262895174707,0.7995515280493859
2009-04-03,0.05882683340124205,0.14642262895174707,0.7995515280493859
2009-04-10,0.040396940097726125,0.14642262895174707,0.7534091444662522
2009-04-17,0.04876045200985189,0.14642262895174707,0.7534091444662522
2009-04-24,0.03634395469136821,0.14642262895174707,0.7534091444662522
2009-05-01,0.05101373572152961,0.14642262895174707,0.6815014553909646
2009-05-08,0.23261045331990332,0.14642262895174707,0.7204089079382752
2009-05-15,0.13824937107080507,0.14642262895174707,0.6824228844801811
2009-05-22,0.16864403948003068,0.14642262895174707,0.7204089079382752
2009-05-29,0.153303231708606,0.14642262895174707,0.7204089079382752
2009-06-05,0.36846597922191004,0.14642262895174707,0.7204089079382752
2009-06-12,0.35833812099601803,0.14642262895174707,0.7204089079382752
2009-06-19,0.41612842158019064,0.14642262895174707,0.7204089079382752
2009-06-26,0.42771750587984975,0.14642262895174707,0.7204089079382752
2009-07-03,0.5373714302769241,0.14642262895174707,0.7004179977441772
2009-07-10,0.5499279154905914,0.14642262895174707,0.7129602500317905
2009-07-17,0.5077851990142371,0.14642262895174707,0.7004179977441772
2009-07-24,0.46150674077224374,0.14642262895174707,0.7004179977441772
2009-07-31,0.4167536528021023,0.14642262895174707,0.7417395027665965
2009-08-07,0.4147250610970128,0.14642262895174707,0.7417395027665965
2009-08-14,0.4303320148430953,0.14642262895174707,0.7417395027665965
2009-08-21,0.4676201111861048,0.14642262895174707,0.7417395027665965
2009-08-28,0.4424851945993656,0.14642262895174707,0.7004179977441772
2009-09-04,0.5285763462208509,0.7574850299401197,0.4409239741662104
2009-09-11,0.533631218401835,0.7574850299401197,0.4409239741662104
2009-09-18,0.5022980464183204,0.14642262895174707,0.7004179977441772
2009-09-25,0.556188220044211,0.7574850299401197,0.4620842855650909
2009-10-02,0.47005264542476854,0.7574850299401197,0.44661191202100886
2009-10-09,0.5134584223117186,0.7574850299401197,0.4620842855650909
2009-10-16,0.47651477174686857,0.7574850299401197,0.44661191202100886
2009-10-23,0.47574835187553643,0.7574850299401197,0.44661191202100886
2009-10-30,0.48027200187266805,0.7574850299401197,0.4620842855650909
2009-11-06,0.4506013718780031,0.7399041752224504,0.46287822108082277
2009-11-13,0.4727432971662489,0.7399041752224504,0.46287822108082277
2009-11-20,0.47092188995327894,0.7399041752224504,0.46287822108082277
2009-11-27,0.41892938113575884,0.7399041752224504,0.46287822108082277
2009-12-04,0.4623866648367649,0.7399041752224504,0.46287822108082277
2009-12-11,0.4606429477314489,0.7399041752224504,0.4564175409084543
2009-12-18,0.4453245603468522,0.3514304291287384,0.48954865834944084
2009-12-25,0.4717770129347351,0.7399041752224504,0.4564175409084543
2010-01-01,0.4589033120470009,0.7399041752224504,0.4564175409084543
2010-01-08,0.45482833295344716,0.7399041752224504,0.4560791399823927
2010-01-15,0.45088028983448997,0.7399041752224504,0.4560791399823927
2010-01-22,0.4395695326075141,0.3514304291287384,0.48954865834944084
2010-01-29,0.4974810012291617,0.7399041752224504,0.4712455869905488
2010-02-05,0.48995151548063093,0.3514304291287384,0.48954865834944084
2010-02-12,0.4770760590504944,0.3514304291287384,0.48954865834944084
2010-02-19,0.4336522809356861,0.3514304291287384,0.48954865834944084
2010-02-26,0.46739201926098073,0.3514304291287384,0.48954865834944084
2010-03-05,0.4598809907200484,0.3514304291287384,0.4892078002465509
2010-03-12,0.46498162157864814,0.7399041752224504,0.4560791399823927
2010-03-19,0.482739252431431,0.7399041752224504,0.4560791399823927
2010-03-26,0.46544704501684603,0.7399041752224504,0.4560791399823927
2010-04-02,0.46711785658466637,0.7399041752224504,0.4560791399823927
2010-04-09,0.46130723718428307,0.7399041752224504,0.4560791399823927
2010-04-16,0.4572444648007275,0.7399041752224504,0.4709057161801408
2010-04-23,0.46142695526163857,0.7399041752224504,0.2400390739721713
2010-04-30,0.4204259887819293,0.7399041752224504,0.16207050192912925
2010-05-07,0.6413431682292278,0.7399041752224504,0.27303842427510117
2010-05-14,0.6552948352007619,0.2765662859120802,0.6444109510936081
2010-05-21,0.3639185704718933,0.2765662859120802,0.6444109510936081
2010-05-28,0.382151294006258,0.2765662859120802,0.6444109510936081
2010-06-04,0.35368927689184476,0.2765662859120802,0.6444109510936081
2010-06-11,0.3469305760478876,0.2765662859120802,0.6444109510936081
2010-06-18,0.6185820861842739,0.2765662859120802,0.6444109510936081
2010-06-25,0.2816277629607206,0.2765662859120802,0.6444109510936081
2010-07-02,0.4064030734424599,0.2765662859120802,0.6444109510936081
2010-07-09,0.3452945211978634,0.2765662859120802,0.6444109510936081
2010-07-16,0.3858931859854295,0.2765662859120802,0.6444109510936081
2010-07-23,0.6070755930514645,0.2765662859120802,0.6444109510936081
2010-07-30,0.2141616104750706,0.2765662859120802,0.6431908771983833
2010-08-06,0.40317402745613595,0.2765662859120802,0.6431908771983833
2010-08-13,0.2799763546967982,0.2765662859120802,0.6444109510936081
2010-08-20,0.3230391850507404,0.2765662859120802,0.6444109510936081
2010-08-27,0.3106219031457119,0.2765662859120802,0.6444109510936081
2010-09-03,0.5850269355342725,0.2765662859120802,0.6430541563342634
2010-09-10,0.5229603206673339,0.2765662859120802,0.6430541563342634
2010-09-17,0.4792452819870098,0.2765662859120802,0.6430541563342634
2010-09-24,0.4222910449976791,0.2765662859120802,0.6430541563342634
2010-10-01,0.5145133381558019,0.2765662859120802,0.6430541563342634
2010-10-08,0.484607390725081,0.7399041752224504,0.47326292358774896
2010-10-15,0.5174429745833105,0.2765662859120802,0.6430541563342634
2010-10-22,0.5181685114282998,0.2765662859120802,0.6430541563342634
2010-10-29,0.5035899802181877,0.7399041752224504,0.47326292358774896
2010-11-05,0.5578952828155808,0.8388489208633092,0.4385573892960311
2010-11-12,0.5032502955068853,0.8388489208633092,0.4188515132453412
2010-11-19,0.5618593774290408,0.8388489208633092,0.4525896253403669
2010-11-26,0.5660689904561004,0.8388489208633092,0.4385573892960311
2010-12-03,0.5887049960671017,0.8388489208633092,0.4690441846130905
2010-12-10,0.5840132771062225,0.8388489208633092,0.4690441846130905
2010-12-17,0.582526490871214,0.8388489208633092,0.4690441846130905
2010-12-24,0.5228560694918578,0.8388489208633092,0.4300496773446733
2010-12-31,0.5111412051045878,0.8388489208633092,0.39635960653169044
2011-01-07,0.5057560327846979,0.8388489208633092,0.39635960653169044
2011-01-14,0.4933750270966179,0.8388489208633092,0.39635960653169044
2011-01-21,0.4997130494109568,0.8388489208633092,0.3818116229217911
2011-01-28,0.5549225663847274,0.8388489208633092,0.5662013472620744
2011-02-04,0.5555810149233555,0.8388489208633092,0.582737876260951
2011-02-11,0.49344332306654093,0.8388489208633092,0.5173874211754078
2011-02-18,0.5564787764471042,0.8388489208633092,0.425168321798282
2011-02-25,0.5675951358633218,0.8388489208633092,0.4693984596074314
2011-03-04,0.5671860091774281,0.8388489208633092,0.4693984596074314
2011-03-11,0.5564524884776015,0.8388489208633092,0.4525896253403669
2011-03-18,0.5638586828795538,0.8388489208633092,0.4525896253403669
2011-03-25,0.568937560235554,0.8388489208633092,0.4693984596074314
2011-04-01,0.558832726261689,0.8388489208633092,0.4693984596074314
2011-04-08,0.5942675868830455,0.8388489208633092,0.5081635986733732
2011-04-15,0.5859880101212525,0.8388489208633092,0.5081635986733732
2011-04-22,0.5344414461947222,0.8388489208633092,0.39823582794225165
2011-04-29,0.489852591566358,0.8388489208633092,0.35807746206514024
2011-05-06,0.5688726409514591,0.7874015748031497,0.19751602028827853
2011-05-13,0.5732548742488427,0.7874015748031497,0.3105456438534421
2011-05-20,0.4677368095753701,0.7874015748031497,0.3042362046724275
2011-05-27,0.48917228554945774,0.7874015748031497,0.3042362046724275
2011-06-03,0.5001577982191228,0.7874015748031497,0.30723240403115226
2011-06-10,0.4968851851610529,0.7874015748031497,0.30723240403115226
2011-06-17,0.5529720969534062,0.7874015748031497,0.504835868547936
2011-06-24,0.6946719830548077,0.2214532871972318,0.5288492982002349
2011-07-01,0.48353314360379684,0.7874015748031497,0.25550072717811834
2011-07-08,0.46712776969733677,0.7874015748031497,0.24642278542242593
2011-07-15,0.4696811872323481,0.4840764331210191,0.47587925905437084
2011-07-22,0.4110771697264005,0.7874015748031497,0.24642278542242593
2011-07-29,0.49684788511608563,0.7874015748031497,0.45771510990659087
2011-08-05,0.5291675442119277,0.2214532871972318,0.636554811454213
2011-08-12,0.21613945742309992,0.2214532871972318,0.9301841715279645
2011-08-19,0.2688706405004197,0.2214532871972318,0.9303537015644314
2011-08-26,0.24401867357457202,0.2214532871972318,0.9282742199881154
2011-09-02,0.17281002076720423,0.2214532871972318,0.9260008145131287
2011-09-09,0.176268930715199,0.2214532871972318,0.927724786606401
2011-09-16,0.43249861633580644,0.2214532871972318,0.6089281616405782
2011-09-23,0.20254544478145986,0.2214532871972318,0.9215560777139952
2011-09-30,0.20274855062664116,0.2214532871972318,0.9215560777139952
2011-10-07,0.19604468761236202,0.2214532871972318,0.9215560777139952
2011-10-14,0.17251681974396757,0.2214532871972318,0.8950437552186346
2011-10-21,0.14531954031506197,0.2214532871972318,0.7818849688533464
2011-10-28,0.36033989990785675,0.2214532871972318,0.6842466211137022
2011-11-04,0.16110559615870754,0.21257750221434893,0.7682970913410969
2011-11-11,0.4253178143450882,0.21257750221434893,0.8388259123298167
2011-11-18,0.5573726894705755,0.21257750221434893,0.6758198593722906
2011-11-25,0.23698933473329503,0.21257750221434893,0.8598344929673477
2011-12-02,0.4969784391962073,0.21257750221434893,0.6758198593722906
2011-12-09,0.8060599932448349,0.21257750221434893,0.6606832914097034
2011-12-16,0.5076496910123417,0.21257750221434893,0.6758198593722906
2011-12-23,0.7638598087253757,0.21257750221434893,0.5651779068759232
2011-12-30,0.7996817448899711,0.21257750221434893,0.5215999496516094
2012-01-06,0.8029707719476655,0.21257750221434893,0.5215999496516094
2012-01-13,0.7000619005870662,0.21257750221434893,0.6758198593722906
2012-01-20,0.7488538402446814,0.21257750221434893,0.5176619791074863
2012-01-27,0.6893961298365135,0.21257750221434893,0.7456493671932659
2012-02-03,0.6017861165082322,0.8500590318772137,0.5771195283011323
2012-02-10,0.6934260657759709,0.6939759036144577,0.5771195283011323
2012-02-17,0.6201048760736199,0.8500590318772137,0.5809650125276737
2012-02-24,0.6509769947043939,0.8500590318772137,0.5457025627897342
2012-03-02,0.6568200632680776,0.8500590318772137,0.45326550260603815
2012-03-09,0.6424829339728607,0.8500590318772137,0.45326550260603815
2012-03-16,0.6867433062115471,0.6939759036144577,0.40239182578159743
2012-03-23,0.6791234353624767,0.6939759036144577,0.40239182578159743
2012-03-30,0.67552790588935,0.6939759036144577,0.40239182578159743
2012-04-06,0.6835716828277677,0.6939759036144577,0.40239182578159743
2012-04-13,0.7048990621919557,0.6939759036144577,0.45326550260603815
2012-04-20,0.6680799412217746,0.6939759036144577,0.41952074642044845
2012-04-27,0.6802250719200315,0.21257750221434893,0.4087180346544503
2012-05-04,0.5909374226434327,0.21484992101105846,0.5954506080681644
2012-05-11,0.6518174094382392,0.21484992101105846,0.32485536948859184
2012-05-18,0.6742249585170673,0.21484992101105846,0.32964610045467096
2012-05-25,0.6091402783496563,0.21484992101105846,0.32485536948859184
2012-06-01,0.686061522326922,0.527716186252772,0.32485536948859184
2012-06-08,0.6280651429074318,0.21484992101105846,0.32485536948859184
2012-06-15,0.5867796472211262,0.21484992101105846,0.2848917973261181
2012-06-22,0.6095244835227241,0.21484992101105846,0.32485536948859184
2012-06-29,0.5208395891945559,0.21484992101105846,0.2848917973261181
2012-07-06,0.5262881841988949,0.21484992101105846,0.2848917973261181
2012-07-13,0.5801701988709381,0.21484992101105846,0.29846252459310435
2012-07-20,0.5920208437465261,0.21484992101105846,0.29846252459310435
2012-07-27,0.46733724320901326,0.21484992101105846,0.29846252459310435
2012-08-03,0.5153868647437175,0.21484992101105846,0.2962269722689701
2012-08-10,0.5753205835513343,0.21484992101105846,0.16201664902291232
2012-08-17,0.5397935165876425,0.21484992101105846,0.1737008106358216
2012-08-24,0.5249687758998332,0.21484992101105846,0.22035190576281577
2012-08-31,0.5303674452058905,0.21484992101105846,0.27016556663186625
2012-09-07,0.4751733257147131,0.21484992101105846,0.400829530599911
2012-09-14,0.47680778653384887,0.21484992101105846,0.400829530599911
2012-09-21,0.44597491804684186,0.21484992101105846,0.4792977147482184
2012-09-28,0.4878868284042628,0.21484992101105846,0.5498709028234426
2012-10-05,0.45143302959827786,0.21484992101105846,0.4521575694038658
2012-10-12,0.4518791015347223,0.21484992101105846,0.6711161375552704
2012-10-19,0.47472566451213677,0.21484992101105846,0.5489767871169735
2012-10-26,0.4820232886191085,0.21484992101105846,0.25997512431318237
2012-11-02,0.4007992885810195,0.6484424666242844,0.5442168950110576
2012-11-09,0.4859932910586705,0.2532225723288455,0.7151399608567595
2012-11-16,0.3309322978037266,0.914962325080732,0.5867651771484885
2012-11-23,0.4348675905734477,0.914962325080732,0.5817635869892565
2012-11-30,0.36559015991175775,0.914962325080732,0.5817635869892565
2012-12-07,0.3839414493985877,0.914962325080732,0.5458034053893318
2012-12-14,0.4154937802333841,0.914962325080732,0.5442168950110576
2012-12-21,0.42021485096763894,0.2532225723288455,0.5442168950110576
2012-12-28,0.4690026241820023,0.2532225723288455,0.7151399608567595
2013-01-04,0.5769428702805823,0.25908558030480666,0.6781068619334466
2013-01-11,0.45760422846354043,0.914962325080732,0.59836451001839
2013-01-18,0.4191049530930188,0.914962325080732,0.59836451001839
2013-01-25,0.4543601490843892,0.914962325080732,0.59836451001839
2013-02-01,0.4531334083168831,0.6484424666242844,0.5968259769936319
2013-02-08,0.4147970140069177,0.6484424666242844,0.5968259769936319
2013-02-15,0.4546450410594811,0.6484424666242844,0.5968259769936319
2013-02-22,0.4569977480549612,0.6484424666242844,0.5968259769936319
2013-03-01,0.45482651565080784,0.6484424666242844,0.5968259769936319
2013-03-08,0.5892967018055936,0.25908558030480666,0.6781068619334466
2013-03-15,0.4547552778923061,0.914962325080732,0.59836451001839
2013-03-22,0.45466128978026354,0.2532225723288455,0.5968259769936319
2013-03-29,0.45247397005078815,0.2532225723288455,0.5968259769936319
2013-04-05,0.4285990390939273,0.6484424666242844,0.6796491028153864
2013-04-12,0.420718738165856,0.6484424666242844,0.5743801193590993
2013-04-19,0.43130676970358583,0.6484424666242844,0.6796491028153864
2013-04-26,0.5546416947346885,0.25908558030480666,0.756089030446345
2013-05-03,0.5769763003121515,0.6705882352941175,0.2624074909357004
2013-05-10,0.6191407218036723,0.2519083969465648,0.2624074909357004
2013-05-17,0.5655491190180667,0.2519083969465648,0.11686608649323814
2013-05-24,0.5641625320151541,0.2519083969465648,0.3921040870765142
2013-05-31,0.6894874583858338,0.2519083969465648,0.6673010493999376
2013-06-07,0.6803438200386367,0.2519083969465648,0.6646875946855436
2013-06-14,0.6749843210350138,0.2519083969465648,0.6673010493999376
2013-06-21,0.745738427907281,0.2519083969465648,0.6673010493999376
2013-06-28,0.7188134990031904,0.2519083969465648,0.6673010493999376
2013-07-05,0.717153725350235,0.2519083969465648,0.6646875946855436
2013-07-12,0.6772645027495957,0.6705882352941175,0.2711084116760586
2013-07-19,0.6712055806461816,0.6705882352941175,0.2359657188547249
2013-07-26,0.6581477659784991,0.6705882352941175,0.2359657188547249
2013-08-02,0.6579944076451367,0.6705882352941175,0.2359657188547249
2013-08-09,0.6585311381037676,0.6705882352941175,0.5711288803865624
2013-08-16,0.723586252853179,0.2519083969465648,0.5731300710436928
2013-08-23,0.7202367985613519,0.2519083969465648,0.6673010493999376
2013-08-30,0.726984347388013,0.2519083969465648,0.6673010493999376
2013-09-06,0.7404140696629641,0.2519083969465648,0.5731300710436928
2013-09-13,0.6917478892154528,0.6705882352941175,0.4699045060517127
2013-09-20,0.6872930548820586,0.6705882352941175,0.22803980140326868
2013-09-27,0.7238365470048835,0.6705882352941175,0.5601994994423037
2013-10-04,0.7000511044631644,0.6705882352941175,0.4818217695965459
2013-10-11,0.7014385674375463,0.6705882352941175,0.5976763193032866
2013-10-18,0.6619557288553847,0.6705882352941175,0.15119967943680715
2013-10-25,0.6338593590621208,0.6705882352941175,0.13307619256752645
2013-11-01,0.6707702379127524,0.4968757810547361,0.15337407324971927
2013-11-08,0.7298781089866069,0.4968757810547361,0.26437606222821947
2013-11-15,0.6956482346549734,0.4968757810547361,0.26437606222821947
2013-11-22,0.6920505122251618,0.4968757810547361,0.26437606222821947
2013-11-29,0.6515482633778226,0.4968757810547361,0.26437606222821947
2013-12-06,0.6867833528352305,0.4968757810547361,0.15784117965498717
2013-12-13,0.7150644091324724,0.4968757810547361,0.2583858332833347
2013-12-20,0.6662760321915225,0.26369545032497677,0.09274039472228324
2013-12-27,0.6249489608085184,0.26369545032497677,0.09274039472228324
2014-01-03,0.6757863725642372,0.26369545032497677,0.19962452402538647
2014-01-10,0.6468754107539851,0.26369545032497677,0.07951488352402857
2014-01-17,0.6443287870400968,0.26369545032497677,0.14173304266550896
2014-01-24,0.6384370251451971,0.26369545032497677,0.19299267814509238
2014-01-31,0.6046503704884035,0.26369545032497677,0.1274135016205695
2014-02-07,0.6120185152699233,0.26369545032497677,0.1316062480420723
2014-02-14,0.5446011198988502,0.26369545032497677,0.0620158609903156
2014-02-21,0.5449754310477406,0.26369545032497677,0.0620158609903156
2014-02-28,0.5169383401275296,0.26369545032497677,0.06552641924656213
2014-03-07,0.5093501110180482,0.26369545032497677,0.06552641924656213
2014-03-14,0.560621451240639,0.26369545032497677,0.19979865078002623
2014-03-21,0.22336659203941905,0.11955737310560496,0.8304031734420299
2014-03-28,0.5773928923865718,0.4968757810547361,0.2832453968179242
2014-04-04,0.5423413510507665,0.4968757810547361,0.2710382682918054
2014-04-11,0.5634825493153762,0.4968757810547361,0.3843927759115048
2014-04-18,0.21093006283676413,0.11955737310560496,0.8300331191056404
2014-04-25,0.5688077622629767,0.4968757810547361,0.3843927759115048
2014-05-02,0.5869612304269717,0.3708558211256747,0.11989668805947819
2014-05-09,0.6159646952426505,0.3708558211256747,0.20279075036069352
2014-05-16,0.6051954060370336,0.3708558211256747,0.13836795985782932
2014-05-23,0.5839548496652164,0.3708558211256747,0.13573010266848134
2014-05-30,0.5638138674927803,0.6229979466119097,0.161969421275595
2014-06-06,0.5181030772161693,0.6229979466119097,0.08235052520578662
2014-06-13,0.5158901332641579,0.6229979466119097,0.15334530692327092
2014-06-20,0.4740086609951605,0.6229979466119097,0.06619397778310716
2014-06-27,0.4845620039937825,0.6229979466119097,0.08588204068049794
2014-07-04,0.48340859011488824,0.6229979466119097,0.04836574645300312
2014-07-11,0.5314213804364158,0.6229979466119097,0.20164456480566578
2014-07-18,0.5294950367006114,0.3708558211256747,0.19677012927419596
2014-07-25,0.48435541222510947,0.6229979466119097,0.19677012927419596
2014-08-01,0.5199041032422006,0.3708558211256747,0.24583627760023238
2014-08-08,0.6468375520212373,0.3708558211256747,0.4058591611017378
2014-08-15,0.5260800178486478,0.6229979466119097,0.24433924790465986
2014-08-22,0.5598355881921486,0.3708558211256747,0.13479413453908412
2014-08-29,0.5665041068889146,0.3708558211256747,0.13031077555632853
2014-09-05,0.5574463742741074,0.6229979466119097,0.0978918822051913
2014-09-12,0.5615024456001028,0.3708558211256747,0.3239599751095845
2014-09-19,0.5399018668083538,0.6229979466119097,0.13479413453908412
2014-09-26,0.7399220424647798,0.3708558211256747,0.4833713805314466
2014-10-03,0.7393109208335852,0.3708558211256747,0.4833713805314466
2014-10-10,0.8092969918981385,0.3708558211256747,0.48521318930622365
2014-10-17,0.12427946603921376,0.11265767725097871,0.8444076304969753
2014-10-24,0.3636815766020922,0.11265767725097871,0.8363890755523473
2014-10-31,0.7128423254828437,0.8521373510861949,0.2841242916376682
2014-11-07,0.6947672882014528,0.8521373510861949,0.2841242916376682
2014-11-14,0.711963944718858,0.8521373510861949,0.2841242916376682
2014-11-21,0.6699378047083034,0.8521373510861949,0.2841242916376682
2014-11-28,0.6867599672907703,0.62361755262219,0.2470144913446255
2014-12-05,0.7195973422058648,0.62361755262219,0.2470144913446255
2014-12-12,0.770151735532836,0.3079297704032414,0.44737097690907085
2014-12-19,0.407772278321386,0.11195286195286194,0.585298506894351
2014-12-26,0.7203692963905948,0.62361755262219,0.3594363472457826
2015-01-02,0.7517352773083167,0.62361755262219,0.4240378872226506
2015-01-09,0.7378880681088525,0.62361755262219,0.3753461378707325
2015-01-16,0.42364639526872194,0.11195286195286194,0.7637632290701272
2015-01-23,0.40957631288585716,0.11195286195286194,0.7633967690307984
2015-01-30,0.7641186452852766,0.8521373510861949,0.4687967513011933
2015-02-06,0.3784737228507659,0.11195286195286194,0.7319672312510763
2015-02-13,0.73504496972526,0.8521373510861949,0.36646639383529095
2015-02-20,0.6544468786833642,0.8521373510861949,0.2332455333546827
2015-02-27,0.6456259149982239,0.8521373510861949,0.2452829315985831
2015-03-06,0.7070705283897716,0.62361755262219,0.3874449629253304
2015-03-13,0.759298438757133,0.3079297704032414,0.44766407084181725
2015-03-20,0.653105453424726,0.3079297704032414,0.324670623206963
2015-03-27,0.6650315961546067,0.3079297704032414,0.44766407084181725
2015-04-03,0.650707605710614,0.8521373510861949,0.1778942280129859
2015-04-10,0.6020031520523262,0.8521373510861949,0.24220242293513322
2015-04-17,0.642047346246925,0.8521373510861949,0.4659010244452264
2015-04-24,0.6133389282588735,0.8521373510861949,0.36646639383529095
2015-05-01,0.5766642950525553,0.5117250240925156,0.2956651944456566
2015-05-08,0.5814145337751795,0.5117250240925156,0.2355279275636246
2015-05-15,0.5755290137252316,0.5117250240925156,0.18269381951589317
2015-05-22,0.6588354598988315,0.5117250240925156,0.15768378041693015
2015-05-29,0.687427152964664,0.5117250240925156,0.30577358963173285
2015-06-05,0.7016254772957031,0.5117250240925156,0.3101742586135249
2015-06-12,0.710485215124552,0.5117250240925156,0.3972470823576273
2015-06-19,0.6916103347415782,0.5117250240925156,0.20893561069801234
2015-06-26,0.7115848441999818,0.37850467289719614,0.24235380002843057
2015-07-03,0.6600784357522026,0.37850467289719614,0.2661819922914277
2015-07-10,0.6415703340460898,0.37850467289719614,0.27114575413144215
2015-07-17,0.385630633733869,0.11059098888238736,0.55098776967847
2015-07-24,0.6562162585073303,0.37850467289719614,0.27204477706695
2015-07-31,0.675303327727003,0.37850467289719614,0.24736228166823349
2015-08-07,0.6769970415688463,0.37850467289719614,0.326290494831864
2015-08-14,0.663018997086223,0.37850467289719614,0.2740346164554596
2015-08-21,0.242517494919184,0.11059098888238736,0.8315144017072847
2015-08-28,0.23918248114733331,0.11059098888238736,0.7922669843601706
2015-09-04,0.28396794331115255,0.11059098888238736,0.8606407100335015
2015-09-11,0.2751783338045215,0.11059098888238736,0.8315144017072847
2015-09-18,0.24894241023434266,0.11059098888238736,0.7879432015501244
2015-09-25,0.2564169023438467,0.11059098888238736,0.7946853214011705
2015-10-02,0.21998653628786446,0.11059098888238736,0.7556873604593548
2015-10-09,0.2178672371630637,0.11059098888238736,0.722059144803707
2015-10-16,0.34546557567744357,0.37850467289719614,0.18322587325440465
2015-10-23,0.6544235563755685,0.37850467289719614,0.1712243834521069
2015-10-30,0.6626862471995324,0.3844255823134622,0.4780899421966391
2015-11-06,0.6701933407161301,0.3844255823134622,0.4353254054075659
2015-11-13,0.444225744399995,0.47750691128424216,0.5263086216503284
2015-11-20,0.5005456675731206,0.3844255823134622,0.6298809525755842
2015-11-27,0.704397893987236,0.3844255823134622,0.36782129123272955
2015-12-04,0.7148750344458452,0.3844255823134622,0.26894807867065024
2015-12-11,0.43806332190505326,0.47750691128424216,0.43112378274073393
2015-12-18,0.24544810574141793,0.47750691128424216,0.7630027878944824
2015-12-25,0.5034662403353047,0.3844255823134622,0.7118711198968364
2016-01-01,0.4623762855408616,0.47750691128424216,0.4200513239137544
2016-01-08,0.2328131200992529,0.47750691128424216,0.7884207303404981
2016-01-15,0.2727722097881255,0.47750691128424216,0.7884207303404981
2016-01-22,0.2736556788800897,0.47750691128424216,0.7884207303404981
2016-01-29,0.22986144507867737,0.47750691128424216,0.7462832259553644
2016-02-05,0.24709082236046687,0.47750691128424216,0.7884207303404981
2016-02-12,0.24145248979460568,0.47750691128424216,0.7873084520666064
2016-02-19,0.23415141474552956,0.47750691128424216,0.7238509292524429
2016-02-26,0.19248939019753508,0.21517553793884478,0.6406482741670925
2016-03-04,0.18763112854796432,0.21517553793884478,0.6381962074131975
2016-03-11,0.39479573034658266,1.0,0.6273794484228397
2016-03-18,0.3421128692044738,0.3844255823134622,0.6083828975865091
2016-03-25,0.6004925880732715,1.0,0.4558884985649668
2016-04-01,0.5638049944128933,0.3844255823134622,0.4576709074576725
2016-04-08,0.6543207337408311,0.3844255823134622,0.3714699990956119
2016-04-15,0.6075928954873636,0.3844255823134622,0.24775815185571867
2016-04-22,0.48529057005725107,0.3844255823134622,0.19951891739794128
2016-04-29,0.4884950736217548,0.529865675907402,0.26196886715326806
2016-05-06,0.5477170741619783,0.529865675907402,0.2428634896419272
2016-05-13,0.5515689131770283,0.529865675907402,0.2428634896419272
2016-05-20,0.5652225395709336,0.529865675907402,0.2428634896419272
2016-05-27,0.4817666288794178,0.6448618307426599,0.10723113625887354
2016-06-03,0.4822543436763319,0.6448618307426599,0.19530990702708728
2016-06-10,0.5123551133470963,0.6448618307426599,0.1926722953948024
2016-06-17,0.5327787024131696,0.529865675907402,0.3886463321950553
2016-06-24,0.5471300397801372,1.0,0.34392799783908
2016-07-01,0.5200009337409941,0.6448618307426599,0.15525620775668564
2016-07-08,0.533177606618229,0.6448618307426599,0.09352875374029171
2016-07-15,0.42852289159835455,0.6448618307426599,0.02284625182683446
2016-07-22,0.4383358329606226,0.6448618307426599,0.029204486838336447
2016-07-29,0.4503421191714535,0.6448618307426599,0.021155949985803613
2016-08-05,0.42980273223104387,0.6448618307426599,0.021155949985803613
2016-08-12,0.4577170932401393,0.6448618307426599,0.03249869588031005
2016-08-19,0.43671140421196575,0.6448618307426599,0.02623526365076919
2016-08-26,0.4530934063025983,0.529865675907402,0.07533831462728748
2016-09-02,0.4501538927753219,0.6448618307426599,0.04267793383538843
2016-09-09,0.4516853108009225,0.529865675907402,0.11830242838805
2016-09-16,0.5189933893329576,0.529865675907402,0.1196573517480581
2016-09-23,0.5089864214145862,0.529865675907402,0.09462453401371065
2016-09-30,0.5073381415403613,0.6448618307426599,0.12786775137162942
2016-10-07,0.5279957808350023,0.529865675907402,0.10591319197192041
2016-10-14,0.5303898470418614,0.529865675907402,0.10591319197192041
2016-10-21,0.5115189819948829,0.529865675907402,0.10591319197192041
2016-10-28,0.522796018290262,0.31500465983224596,0.3658582224540185
2016-11-04,0.586843458399201,0.7680363567506158,0.42609650689762013
2016-11-11,0.592587846736573,0.31500465983224596,0.5240180662011088
2016-11-18,0.6317805217630285,0.31500465983224596,0.415868795820641
2016-11-25,0.5935139840889117,0.31500465983224596,0.39683919616824637
2016-12-02,0.5956419793863996,0.31500465983224596,0.5343900918182939
2016-12-09,0.5741407154939986,0.5690834473324214,0.3364227799843368
2016-12-16,0.5006443598573183,0.5690834473324214,0.2233067679518369
2016-12-23,0.5952113328212687,0.31500465983224596,0.415868795820641
2016-12-30,0.5031963769735719,0.31500465983224596,0.4872176324272053
2017-01-06,0.49311219253079286,0.5690834473324214,0.2014595836926078
2017-01-13,0.47908403478028955,0.5690834473324214,0.1415561747639314
2017-01-20,0.47280704383019584,0.5690834473324214,0.2560940449884282
2017-01-27,0.512352786482399,0.5690834473324214,0.21794730649503202
2017-02-03,0.4980541325776651,0.5690834473324214,0.19034732787901354
2017-02-10,0.504547203317793,0.5690834473324214,0.10894609987183064
2017-02-17,0.5045253173194928,0.5690834473324214,0.10894609987183064
2017-02-24,0.4772149203227045,0.5690834473324214,0.07832547524778644
2017-03-03,0.49771037424206827,0.5690834473324214,0.10894609987183064
2017-03-10,0.5969944549162008,0.5690834473324214,0.37672290608231734
2017-03-17,0.5970864524411603,0.5690834473324214,0.1412222243103642
2017-03-24,0.6076903368398918,0.5690834473324214,0.34386054439403513
2017-03-31,0.5157883428624752,0.5690834473324214,0.28757769714417875
2017-04-07,0.4894526498783154,0.5690834473324214,0.27298824378629394
2017-04-14,0.46479957449663334,0.5690834473324214,0.27298824378629394
2017-04-21,0.5476760740753168,0.5690834473324214,0.23047303309284858
2017-04-28,0.5095405152093683,0.6514161220043572,0.05983224811053534
2017-05-05,0.5387592585899502,0.6514161220043572,0.08236606916990113
2017-05-12,0.5543282120763756,0.6514161220043572,0.14642689990642552
2017-05-19,0.5217950350231797,0.582089552238806,0.08153061753676735
2017-05-26,0.5197295301496916,0.6514161220043572,0.0406536773613459
2017-06-02,0.4925974285487603,0.6514161220043572,0.02266059158388851
2017-06-09,0.48903757819390026,0.6514161220043572,0.02843923283567859
2017-06-16,0.4963683911900164,0.6514161220043572,0.029475423297954433
2017-06-23,0.4958422729632096,0.6514161220043572,0.029475423297954433
2017-06-30,0.49790873052894646,0.582089552238806,0.06334515077274118
2017-07-07,0.5125480204720212,0.6514161220043572,0.20645358827736532
2017-07-14,0.510955404337449,0.6514161220043572,0.0366661048755983
2017-07-21,0.48552561244043524,0.6514161220043572,0.02627692202582948
2017-07-28,0.49583498644913404,0.6514161220043572,0.021071478438059843
2017-08-04,0.48970625455856703,0.6514161220043572,0.016841456220929262
2017-08-11,0.49706663415257707,0.582089552238806,0.14336606213745115
2017-08-18,0.5909887306507592,0.582089552238806,0.34063983724498736
2017-08-25,0.5744571396181998,0.582089552238806,0.35398461279745297
2017-09-01,0.4875547600236106,0.6514161220043572,0.022064724694993484
2017-09-08,0.4893975378275457,0.6514161220043572,0.043703720742308674
2017-09-15,0.48365068069250977,0.6514161220043572,0.012264751882397522
2017-09-22,0.4875153447647437,0.6514161220043572,0.018026493910404385
2017-09-29,0.4912866763315706,0.6514161220043572,0.017211829716891676
2017-10-06,0.48694053760963263,0.6514161220043572,0.021071478438059843
2017-10-13,0.48924884226876103,0.6514161220043572,0.021071478438059843
2017-10-20,0.48952771288879965,0.6514161220043572,0.03084126764620556
2017-10-27,0.5815245942767427,0.6496469310157527,0.06694330295762299
2017-11-03,0.5815245942767427,0.6496469310157527,0.06694330295762299
2017-11-10,0.5258104410321335,0.6496469310157527,0.01267937407565808
2017-11-17,0.5849708909186555,0.6496469310157527,0.0722571503402529
2017-11-24,0.5824859810591115,0.6496469310157527,0.04707156801932445
2017-12-01,0.5813844488525205,0.6496469310157527,0.08632905273067107
2017-12-08,0.591010004399925,0.6496469310157527,0.07867506650661425
2017-12-15,0.5901937807831943,0.6496469310157527,0.06486205101741147
2017-12-22,0.5784042615713739,0.6496469310157527,0.12555920732082287
2017-12-29,0.5801676537870429,0.6496469310157527,0.06746492381280991
2018-01-05,0.5890904881461078,0.6496469310157527,0.03398532151515177
2018-01-12,0.5811774694128111,0.6496469310157527,0.053065350032685615
2018-01-19,0.6006896275260248,0.6496469310157527,0.2289775954929079
2018-01-26,0.6036676813741719,0.6496469310157527,0.04073720421892786
2018-02-02,0.6218217620690324,0.7633027522935784,0.4482965666142926
2018-02-09,0.4329808634173921,0.7633027522935784,0.772105030243144
2018-02-16,0.40725337306846154,0.7633027522935784,0.686104028758607
2018-02-23,0.40409154389104995,0.7633027522935784,0.706377632936222
2018-03-02,0.40688219251838487,0.7633027522935784,0.706377632936222
2018-03-09,0.3825194298425987,0.7633027522935784,0.6432484842884387
2018-03-16,0.4002423298590222,0.7633027522935784,0.6839768209329878
2018-03-23,0.44981198573460146,0.7633027522935784,0.7703655704282011
2018-03-30,0.41969899413649103,0.7633027522935784,0.7703655704282011
2018-04-06,0.4206216904042068,0.7633027522935784,0.7783804200749528
2018-04-13,0.4015769883637668,0.7633027522935784,0.7579916083657251
2018-04-20,0.39213777116250786,0.7633027522935784,0.7393717109612604
2018-04-27,0.4410995833499359,0.7412266316825193,0.6570061256586864
2018-05-04,0.4353169337785779,0.7412266316825193,0.6557310627064361
2018-05-11,0.4113145086819434,0.7412266316825193,0.3477609363448083
2018-05-18,0.45989620862841285,0.7412266316825193,0.6423560793809143
2018-05-25,0.44141256394080725,0.7412266316825193,0.6423560793809143
2018-06-01,0.41793011193802826,0.7412266316825193,0.6317174954300396
2018-06-08,0.5368437930808813,0.7412266316825193,0.4842998284660678
2018-06-15,0.5545878162166644,0.32093983991737696,0.5289185653949987
2018-06-22,0.5639862998429045,1.0,0.41076891647017505
2018-06-29,0.5809252961009567,1.0,0.51501386875641
2018-07-06,0.5734557209533223,1.0,0.5247774460360598
2018-07-13,0.561230972896425,0.4268487578090942,0.563304509897277
2018-07-20,0.5675042101956314,0.4268487578090942,0.5588447208843952
2018-07-27,0.5583099946180414,0.4268487578090942,0.5547709573458328
2018-08-03,0.563141861937285,0.4268487578090942,0.5486195828246039
2018-08-10,0.5537491058295374,0.4268487578090942,0.5445283534332114
2018-08-17,0.5788293454989524,0.4268487578090942,0.5935023887013303
2018-08-24,0.5695293882021579,0.4268487578090942,0.5213757549997328
2018-08-31,0.5620969981577197,0.4268487578090942,0.4997566005078195
2018-09-07,0.5554684978535528,0.4268487578090942,0.48720405541547
2018-09-14,0.5552834499201306,0.4268487578090942,0.4748306139804054
2018-09-21,0.5351787633198131,0.7459346321043318,0.3520350273557781
2018-09-28,0.5378055686472373,0.4268487578090942,0.4295496074287068
2018-10-05,0.5518247032445867,0.4268487578090942,0.46955572197357376
2018-10-12,0.5893342727260018,1.0,0.5256010893305688
2018-10-19,0.48541454603063516,1.0,0.647503301870985
2018-10-26,0.30898468110694766,0.2101127434233003,0.7282898956937501
2018-11-02,0.27527364115019765,0.2101127434233003,0.6632463295376948
2018-11-09,0.4661349634584197,0.7094637897885069,0.6089324433742357
2018-11-16,0.27650341112021465,0.2101127434233003,0.6768142560489323
2018-11-23,0.2902910094632932,0.2101127434233003,0.7067931484006287
2018-11-30,0.4713305743302017,0.9086635325721962,0.5942232829580283
2018-12-07,0.2940254998490295,0.2101127434233003,0.7080364172763167
2018-12-14,0.282142380000396,0.2101127434233003,0.7062942253631821
2018-12-21,0.29339805216200815,0.2101127434233003,0.7426569006011186
2018-12-28,0.2901424285317652,0.2101127434233003,0.7096357023104376
2019-01-04,0.27028918801760116,0.2101127434233003,0.7041523831485501
2019-01-11,0.24913190119329576,0.2101127434233003,0.7007744122089193
2019-01-18,0.21927685318839382,0.2101127434233003,0.6322483164330756
2019-01-25,0.21235510382028489,0.2101127434233003,0.6591011617648027
2019-02-01,0.23774062341032248,0.2101127434233003,0.6591234115376939
2019-02-08,0.34444051932022507,0.2101127434233003,0.6898383623860067
2019-02-15,0.5194758544003202,0.7094637897885069,0.3628989706869078
2019-02-22,0.5105370692367734,0.7094637897885069,0.1477664617215782
2019-03-01,0.513910116662647,0.7094637897885069,0.3432015749381056
2019-03-08,0.5246150879631212,0.7094637897885069,0.2045845204927833
2019-03-15,0.5094084074040999,0.7094637897885069,0.1421297789912729
2019-03-22,0.5171492880578404,0.7094637897885069,0.20812047081703047
2019-03-29,0.5141568809818352,0.6631210840740209,0.20072377398270422
2019-04-05,0.5369504657962572,0.6631210840740209,0.07453622534459346
2019-04-12,0.5247734054802508,0.3321875767247728,0.08984619312316935
2019-04-19,0.5126722658722032,0.3321875767247728,0.1397093571863728
2019-04-26,0.4865643343039758,0.26343579106166315,0.20704544338518857
2019-05-03,0.4775992720491863,0.26343579106166315,0.226946725404405
2019-05-10,0.4903229541239303,0.4522668127653744,0.4219910182929099
2019-05-17,0.5007025242276656,1.0,0.5174945142822039
2019-05-24,0.4731520756547059,1.0,0.47073707561058387
2019-05-31,0.3256195197348483,0.22752442996742672,0.6337435743600414
2019-06-07,0.47865785633000674,0.4522668127653744,0.4638149352442652
2019-06-14,0.4835902754529973,0.26343579106166315,0.29980316145832553
2019-06-21,0.4778230695872227,0.26343579106166315,0.20704544338518857
2019-06-28,0.477745120226621,0.26343579106166315,0.023594867713696923
2019-07-05,0.4674192443784067,0.26343579106166315,0.23636475164051735
2019-07-12,0.4712624916760828,0.26343579106166315,0.23636475164051735
2019-07-19,0.4930191813962636,0.4522668127653744,0.48191594489731376
2019-07-26,0.47936369036791626,0.4522668127653744,0.3740027026247663
2019-08-02,0.6074523111307579,0.5904086126743333,0.4296576752899331
2019-08-09,0.5924216144776384,0.5904086126743333,0.3988765592497353
2019-08-16,0.6176970783337123,0.5904086126743333,0.42257617764222877
2019-08-23,0.6219891353941702,0.5904086126743333,0.44490811828215
2019-08-30,0.5910018257829187,0.5904086126743333,0.25952812739305275
2019-09-06,0.5810231910216493,0.8376333656644034,0.32192251133289457
2019-09-13,0.5891469198806039,0.8376333656644034,0.22491051152999164
2019-09-20,0.5051692804308048,0.26343579106166315,0.05019027601627917
2019-09-27,0.5937434067782787,0.4522668127653744,0.3611801121846095
2019-10-04,0.6212427242800466,0.4522668127653744,0.4315869256746948
2019-10-11,0.605985898719194,0.4522668127653744,0.4296576752899331
2019-10-18,0.5446108828898458,0.26343579106166315,0.1586907228692453
2019-10-25,0.5349363857248933,0.6850477200424173,0.13166472120995282
2019-11-01,0.519654111868612,0.6850477200424173,0.028578288849539057
2019-11-08,0.5125867747718666,0.6850477200424173,0.05371790896174131
2019-11-15,0.513533703304469,0.6850477200424173,0.05371790896174131
2019-11-22,0.5389443931907237,0.6850477200424173,0.06328702986269001
2019-11-29,0.531538913409587,0.6850477200424173,0.05371790896174131
2019-12-06,0.5302117007587334,0.6850477200424173,0.051040925922980804
2019-12-13,0.5302117007587334,0.6850477200424173,0.051040925922980804
2019-12-20,0.5262133007694837,0.6850477200424173,0.06308670494657377
2019-12-27,0.5236271476479527,0.6850477200424173,0.051040925922980804
2020-01-03,0.532536751552174,0.6850477200424173,0.05371790896174131
2020-01-10,0.5360920091714638,0.6850477200424173,0.015508548027373472
2020-01-17,0.5229312111050264,0.6850477200424173,0.015508548027373472
2020-01-24,0.533186565948024,0.6850477200424173,0.04125265065674749
2020-01-31,0.5456407933120301,0.6160723903910371,0.08042944387072093
2020-02-07,0.5334260633918959,0.6850477200424173,0.05371790896174131
2020-02-14,0.5327628350281722,0.6850477200424173,0.05371790896174131
2020-02-21,0.5110577248490759,0.6850477200424173,0.06530304819118353
2020-02-28,0.48530633239404103,0.6417370325693607,0.6645251516080634
2020-03-06,0.32111075486416346,0.24018058690744926,0.7002719247016664
2020-03-13,0.3683630013721339,0.24018058690744926,0.8314083876920102
2020-03-20,0.4228451161973497,0.24018058690744926,0.8564531247007489
2020-03-27,0.35267541378268474,0.24018058690744926,0.8316970798550968
2020-04-03,0.3571714229967075,0.24018058690744926,0.8316970798550968
2020-04-10,0.2840227941953034,0.24018058690744926,0.5986910683562752
2020-04-17,0.2768632981063501,0.24018058690744926,0.5216612848035377
2020-04-24,0.28810885442091844,0.24155024785939624,0.5860444223280721
2020-05-01,0.29051809264937295,0.24155024785939624,0.5886253033549352
2020-05-08,0.29982439906396974,0.24155024785939624,0.7137304696165325
2020-05-15,0.2884825391860661,0.24155024785939624,0.7075955895512699
2020-05-22,0.28121059851649205,0.24155024785939624,0.7075955895512699
2020-05-29,0.4317480505680127,0.8846601941747573,0.5836711149367098
2020-06-05,0.4072216395519361,0.8846601941747573,0.5818774033383718
2020-06-12,0.41304153930384,0.8846601941747573,0.4062875758332333
2020-06-19,0.40909283303266253,0.8846601941747573,0.4045093403494306
2020-06-26,0.4203829980982636,0.8846601941747573,0.6138448549593946
2020-07-03,0.43175269925601145,0.8846601941747573,0.46467859472460366
2020-07-10,0.5075481378661267,0.6178425906069054,0.26122374836142465
2020-07-17,0.5229736384849181,0.6178425906069054,0.23686240899352015
2020-07-24,0.5031369108748136,0.6178425906069054,0.14594077669895
2020-07-31,0.48651816734700254,0.2631796568120736,0.40101590872154785
2020-08-07,0.5305042117923432,0.5882624768946396,0.04552541732691331
2020-08-14,0.5342576224614468,0.5882624768946396,0.05148860960673139
2020-08-21,0.5214460093429665,0.5882624768946396,0.05148860960673139
2020-08-28,0.4651374912401707,0.2631796568120736,0.1522378023449978
2020-09-04,0.4889763381445491,0.2631796568120736,0.40221890111184794
2020-09-11,0.4509544054525244,1.0,0.40771661037348994
2020-09-18,0.45171412162802793,1.0,0.40771661037348994
2020-09-25,0.4839287172640712,1.0,0.21550920892008094
2020-10-02,0.46775410569869247,1.0,0.40771661037348994
2020-10-09,0.45731019172133686,0.2631796568120736,0.5234161954395612
2020-10-16,0.45547395122385337,0.2631796568120736,0.5234161954395612
2020-10-23,0.4107786930618709,0.20208636584182418,0.4925296205751724
2020-10-30,0.4621601849449155,0.7001754825770876,0.39991140454721613
2020-11-06,0.4401715011420294,0.20208636584182418,0.33657184806516055
2020-11-13,0.4396834574062867,0.20208636584182418,0.33657184806516055
2020-11-20,0.42746465491777463,0.20208636584182418,0.524243657113859
2020-11-27,0.423969953073611,0.20208636584182418,0.524243657113859
2020-12-04,0.428760201855137,0.20208636584182418,0.49768130529105753
2020-12-11,0.4578417961534791,0.20208636584182418,0.49803931717861805
2020-12-18,0.4542743961892266,0.20208636584182418,0.49803931717861805
2020-12-25,0.4413278017495485,0.20208636584182418,0.46793625173269643
2021-01-01,0.5427379523959718,0.5315174159334702,0.4661243944639344
2021-01-08,0.5427379523959718,0.5315174159334702,0.4661243944639344
2021-01-15,0.5473591151682596,0.5315174159334702,0.48249054614529574
2021-01-22,0.5655189041833588,0.5315174159334702,0.47117374506394377
2021-01-29,0.590529546828694,0.7001754825770876,0.49074742671154736
2021-02-05,0.5801229166498912,0.5315174159334702,0.47117374506394377
2021-02-12,0.5267141586772516,0.5315174159334702,0.21558491913249495
2021-02-19,0.5397919221399169,0.5315174159334702,0.35356995013198805
2021-02-26,0.6048268034153431,0.7001754825770876,0.5107857086539814
2021-03-05,0.6022139260381527,0.5315174159334702,0.5107857086539814
2021-03-12,0.5949847118475455,0.5315174159334702,0.4965345464855776
2021-03-19,0.556925698327019,0.5315174159334702,0.39118914558464546
2021-03-26,0.5542109831598082,0.5315174159334702,0.3647545367241071
2021-04-02,0.5542109831598082,0.5315174159334702,0.3647545367241071
2021-04-09,0.5544556553273513,0.5315174159334702,0.3647545367241071
2021-04-16,0.5542109831598082,0.5315174159334702,0.3647545367241071
2021-04-23,0.5455800527370879,0.4400422609614369,0.35287651514771157
2021-04-30,0.541189615410508,0.4400422609614369,0.3239654439933254
2021-05-07,0.5431870208126163,0.4400422609614369,0.3239654439933254
2021-05-14,0.5513528395505682,0.4400422609614369,0.3710208379103167
2021-05-21,0.5418408775329243,0.4400422609614369,0.33148536610050416
2021-05-28,0.526895572568345,0.4400422609614369,0.2808617994276072
2021-06-04,0.5222347846867051,0.4400422609614369,0.0698157549100392
2021-06-11,0.5241333892287009,0.4400422609614369,0.057099175459005544
2021-06-18,0.5432207050006447,0.4400422609614369,0.20937375486651866
2021-06-25,0.5351773781506941,0.4400422609614369,0.10131165402181828
2021-07-02,0.5351773781506941,0.4400422609614369,0.10131165402181828
2021-07-09,0.5364878216827519,0.4400422609614369,0.10131165402181828
2021-07-16,0.5401350065495911,0.4400422609614369,0.10768711438035192
2021-07-23,0.5486527796981462,0.4400422609614369,0.08199425901321636
2021-07-30,0.5360738965651982,0.4400422609614369,0.141076402769243
2021-08-06,0.5399647811613455,0.4400422609614369,0.11533993492028892
2021-08-13,0.5459369526743025,0.4400422609614369,0.11495869091763934
2021-08-20,0.5547690267091521,0.4400422609614369,0.14200074078038993
2021-08-27,0.5135108853648901,0.4400422609614369,0.06522286533516757
2021-09-03,0.503747879553039,0.4400422609614369,0.06522286533516757
2021-09-10,0.5238707910283938,0.4400422609614369,0.11726772902008724
2021-09-17,0.5281348805181681,0.4400422609614369,0.1409217035810036
2021-09-24,0.522287686363477,0.4400422609614369,0.16307605939272046
2021-10-01,0.543136913580971,0.4400422609614369,0.1727420887457492
2021-10-08,0.6059600193317067,0.7502944640753829,0.607992987289175
2021-10-15,0.5420383556029204,0.4400422609614369,0.20871563940627566
2021-10-22,0.5357338749808354,0.4392687642819481,0.049274667151406194
2021-10-29,0.5241595424595131,0.4392687642819481,0.049274667151406194
2021-11-05,0.5413729617822961,0.4392687642819481,0.03542837420241287
2021-11-12,0.5151430046018537,0.4392687642819481,0.038401040119830726
2021-11-19,0.533619580574155,0.4392687642819481,0.03686016129023123
2021-11-26,0.6360757726996974,0.7544264819091614,0.5348667859422745
2021-12-03,0.6312680693652298,0.7544264819091614,0.5348667859422745
2021-12-10,0.6232429799405359,0.7544264819091614,0.5314405100781001
2021-12-17,0.6069917016681858,0.7544264819091614,0.5311005302431159
2021-12-24,0.6079468713621332,0.7544264819091614,0.5075379848141148
2021-12-31,0.5827252513044711,0.7544264819091614,0.5002530857561713
2022-01-07,0.6201687164842277,0.7544264819091614,0.5311005302431159
2022-01-14,0.5807998648413435,0.7544264819091614,0.5311005302431159
2022-01-21,0.46241322133779655,0.7544264819091614,0.7116786887372628
2022-01-28,0.667019688226566,0.7544264819091614,0.6577794830321126
2022-02-04,0.6625657651593495,0.7544264819091614,0.6292585371427217
2022-02-11,0.481875991687012,0.7544264819091614,0.7151074885548754
2022-02-18,0.47135794285344895,0.7544264819091614,0.7304365068370281
2022-02-25,0.47944072906051566,0.7544264819091614,0.7116786887372628
2022-03-04,0.48425735193819613,0.7544264819091614,0.7304365068370281
2022-03-11,0.476651380295225,0.8657972233908288,0.7277427893808092
2022-03-18,0.4905152851704329,0.6152809307604994,0.5474519650257852
2022-03-25,0.48514438088207623,0.6152809307604994,0.5313047105284813
2022-04-01,0.4600563697586213,0.6152809307604994,0.5340871291945233
2022-04-08,0.47354324935001824,0.6152809307604994,0.5471607166345931
2022-04-15,0.3005789231029868,0.6152809307604994,0.6975213826659763
2022-04-22,0.30878434078176376,0.29005389514943664,0.8472124222996261
2022-04-29,0.3226213834013609,0.29005389514943664,0.8639515728441259
2022-05-06,0.3229886308311152,0.29005389514943664,0.8639515728441259
2022-05-13,0.33366073795482437,0.29005389514943664,0.8669498115492078
2022-05-20,0.34416801782386536,0.29005389514943664,0.8669498115492078
2022-05-27,0.3177974448547918,0.29005389514943664,0.8669498115492078
2022-06-03,0.32150683916531303,0.29005389514943664,0.8639515728441259
2022-06-10,0.32424554033985187,0.29005389514943664,0.8601238330074357
2022-06-17,0.33422686778334443,0.29005389514943664,0.860433470383008
2022-06-24,0.3194962151146742,0.29005389514943664,0.8601238330074357
2022-07-01,0.3317841834211921,0.29005389514943664,0.860433470383008
2022-07-08,0.32647685465438187,0.29005389514943664,0.8601238330074357
2022-07-15,0.3384888077439022,0.29005389514943664,0.8601238330074357
2022-07-22,0.3339318035083131,0.29005389514943664,0.8601238330074357
2022-07-29,0.31813734361753276,0.29005389514943664,0.8512818801093699
2022-08-05,0.32693045794840164,0.29005389514943664,0.8362246833098281
2022-08-12,0.3283609581536244,0.29005389514943664,0.7588554501072992
2022-08-19,0.32207211175926154,0.29005389514943664,0.8362246833098281
2022-08-26,0.3151952623845943,0.29005389514943664,0.8457996947379932
2022-09-02,0.34207607918158267,0.29005389514943664,0.8457996947379932
2022-09-09,0.3404827781348058,0.29005389514943664,0.8424114808120284
2022-09-16,0.3470704694615746,0.29005389514943664,0.8424114808120284
2022-09-23,0.35161442593486575,0.29005389514943664,0.8461353685352634
2022-09-30,0.3591024407215439,0.29005389514943664,0.8606502748166477
2022-10-07,0.3583392850908149,0.29005389514943664,0.8461353685352634
2022-10-14,0.35898206265830157,0.29005389514943664,0.8606502748166477
2022-10-21,0.33711785276921485,0.29005389514943664,0.8114842651471231
2022-10-28,0.32835213319919343,0.29005389514943664,0.8114842651471231
2022-11-04,0.3407322826252021,0.29005389514943664,0.811430831939925
2022-11-11,0.3104237664749147,0.29005389514943664,0.8107320879916873
2022-11-18,0.3039237102933987,0.29005389514943664,0.8106784913259238
2022-11-25,0.33108180028873513,0.29005389514943664,0.8084523377976519
2022-12-02,0.6039217296041152,0.16580310880829008,0.42274652407903746
2022-12-09,0.375685533423546,0.16580310880829008,0.482175399672498
2022-12-16,0.3578863761136669,0.5540166204986141,0.48059740151262936
2022-12-23,0.2962295416221074,0.29005389514943664,0.8163716492806381
2022-12-30,0.2733622918749757,0.29005389514943664,0.8163716492806381
2023-01-06,0.3701895687426854,0.16580310880829008,0.42406744552959946
2023-01-13,0.5428047721294129,0.5333333333333331,0.37516943773222416
2023-01-20,0.5356780815444625,0.5333333333333331,0.3026935603570788
2023-01-27,0.5673829612765557,0.5333333333333331,0.3026935603570788
2023-02-03,0.5480884751191858,0.5333333333333331,0.3026935603570788
2023-02-10,0.6032039518332737,0.5333333333333331,0.3198632928907125
2023-02-17,0.5798008665848123,0.5333333333333331,0.30601330147746036
2023-02-24,0.5867037488727764,0.16580310880829008,0.3974249257005381
2023-03-03,0.5447906755786016,0.5333333333333331,0.3974249257005381
2023-03-10,0.43070421560758027,0.16580310880829008,0.46270699069631815
2023-03-17,0.5466835723407862,0.5333333333333331,0.3357797988844894
2023-03-24,0.5372093652644696,0.5333333333333331,0.21908627105146924
2023-03-31,0.5102978095429069,0.5333333333333331,0.2543334429060766
2023-04-07,0.5015987599488613,0.5333333333333331,0.20815810129132556
2023-04-14,0.5070964031331564,0.5333333333333331,0.21194203754001262
2023-04-21,0.5356077114269943,0.47372697724810336,0.4101124432424879
2023-04-28,0.5369118445604958,0.47372697724810336,0.5890016122380665
2023-05-05,0.4977211808025995,0.486438679245285,0.3097512070395926
2023-05-12,0.5022741317148703,0.486438679245285,0.27830568044332693
2023-05-19,0.4971433524026776,0.486438679245285,0.32477880043787516
2023-05-26,0.5685723336856889,0.189171974522293,0.1789564002193784
2023-06-02,0.598350003443831,0.486438679245285,0.5302863823866142
2023-06-09,0.5606870265952437,0.486438679245285,0.21187307944090739
2023-06-16,0.5363155530784716,0.486438679245285,0.12343756732210072
2023-06-23,0.5444000588145869,0.486438679245285,0.17820315164163822
2023-06-30,0.5369882172212004,0.486438679245285,0.1307008374238849
2023-07-07,0.5470854444319343,0.486438679245285,0.15764643032001577
2023-07-14,0.5482211425109633,0.486438679245285,0.13444854976457146
2023-07-21,0.531521022089874,0.486438679245285,0.10504658454079505
2023-07-28,0.5380582094980496,0.486438679245285,0.1162867606778473
2023-08-04,0.5364103197676702,0.486438679245285,0.09203318511361512
2023-08-11,0.5468692744190032,0.486438679245285,0.11933659221109777
2023-08-18,0.5768484387092694,0.486438679245285,0.20880145807526046
2023-08-25,0.5583515210205976,0.486438679245285,0.2060510043950387
2023-09-01,0.5539989202996245,0.486438679245285,0.1341648785467979
2023-09-08,0.5527939580224589,0.486438679245285,0.21237754996487337
2023-09-15,0.5352392134400723,0.486438679245285,0.21293629398802372
2023-09-22,0.62295133426629,0.16770186335403725,0.6355755769313755
2023-09-29,0.6280605689334186,0.16770186335403725,0.7025146041836733
2023-10-06,0.6336453914690156,0.16770186335403725,0.7284593777065147
2023-10-13,0.6258029130037892,0.486438679245285,0.6954642928017252
2023-10-20,0.6234632369254292,0.48523792983674735,0.7340741477766387
2023-10-27,0.4844589211886649,0.48523792983674735,0.7409017271877676
2023-11-03,0.5932223763020531,0.48523792983674735,0.6439790559980596
2023-11-10,0.5995499677194871,0.48523792983674735,0.668899647552109
2023-11-17,0.5193404353523025,0.48523792983674735,0.245239355758245
2023-11-24,0.5160697169411474,0.48523792983674735,0.17734696581003556
2023-12-01,0.5097851440019096,0.48523792983674735,0.14569447642098596
2023-12-08,0.511704957718996,0.48523792983674735,0.14967280652869283
2023-12-15,0.5131797267494774,0.48523792983674735,0.17100228026009812
2023-12-22,0.5121100822678294,0.48523792983674735,0.14569447642098596
2023-12-29,0.5209590746850203,0.48523792983674735,0.14967280652869283
2024-01-05,0.5195218521226949,0.48523792983674735,0.16985253389667823
2024-01-12,0.5695970729094837,0.10763209393346379,0.5790662418939417
2024-01-19,0.5774441569569433,0.10763209393346379,0.5790662418939417
2024-01-26,0.5797044517959641,0.10763209393346379,0.5790662418939417
2024-02-02,0.5177728273453853,0.48523792983674735,0.1780923913387864
2024-02-09,0.5308280681581257,0.48523792983674735,0.19646030168377468
2024-02-16,0.5237439512374424,0.48523792983674735,0.1467194973223633
2024-02-23,0.5317485334981273,0.48523792983674735,0.1703894921262821
2024-03-01,0.5223625883566002,0.48523792983674735,0.1507208786327421
2024-03-08,0.5223413163641812,0.48523792983674735,0.12255979058895387
2024-03-15,0.5216836403686022,0.48523792983674735,0.13915561180608788
2024-03-22,0.5088848517206556,0.48523792983674735,0.12255979058895387
2024-03-29,0.511398160641025,0.48523792983674735,0.1266509914990354
2024-04-05,0.5227232549764417,0.48523792983674735,0.1507208786327421
2024-04-12,0.5254906137927889,0.48523792983674735,0.2020642712809106
2024-04-19,0.602094514916351,0.5672659640421571,0.547911477505935
2024-04-26,0.5977164326962695,0.5672659640421571,0.532652155580684
2024-05-03,0.5364541503865375,0.3794033786062472,0.29350329524006863
2024-05-10,0.5330581091718113,0.3794033786062472,0.28722345898960894
2024-05-17,0.5289815397669337,0.6099552957359018,0.19342700563291224
2024-05-24,0.5231859298318973,0.6099552957359018,0.26689168198124175
2024-05-31,0.5280364348342702,0.3794033786062472,0.28722345898960894
2024-06-07,0.5239672564732382,0.3794033786062472,0.288699277130416
2024-06-14,0.5191068790460547,0.3794033786062472,0.1694478063540091
2024-06-21,0.5112648481060457,0.3794033786062472,0.1711655297910801
2024-06-28,0.502189388949415,0.6099552957359018,0.16375551664122484
2024-07-05,0.5185971470510062,0.6099552957359018,0.15656973583372383
2024-07-12,0.5240384937373318,0.3794033786062472,0.14903411274530234
2024-07-19,0.539989460493416,0.3794033786062472,0.1789983983912271
2024-07-26,0.5355094414375012,0.9273522064945878,0.16782790919403273
2024-08-02,0.5952211203017939,0.5672659640421571,0.5485598923749632
2024-08-09,0.5916872047325135,0.5672659640421571,0.5435953841805675
2024-08-16,0.587531975237323,0.14197910264290098,0.5131875123260781
2024-08-23,0.5845967610150321,0.14197910264290098,0.5131875123260781
2024-08-30,0.5792919270158402,0.14197910264290098,0.5276633394664632
2024-09-06,0.5812267214427254,0.5672659640421571,0.5378714800838225
2024-09-13,0.5782111763994753,0.14197910264290098,0.5276633394664632
2024-09-20,0.5810389296910757,0.14197910264290098,0.5131875123260781
2024-09-27,0.5830165018296821,0.14197910264290098,0.5131875123260781
2024-10-04,0.5722467254781306,0.14197910264290098,0.5276633394664632
2024-10-11,0.5697949671802944,0.14197910264290098,0.499871882020852
2024-10-18,0.5728246798862678,0.7255496588324489,0.4696738156125278
2024-10-25,0.581612891142957,0.12029161603888214,0.48217624216622196
2024-11-01,0.5957496314655311,0.5450628366247757,0.48217624216622196
2024-11-08,0.5819894884781518,0.7255496588324489,0.494924398517567
2024-11-15,0.5945524715717193,0.5450628366247757,0.4579849626375051
2024-11-22,0.5939429178320168,0.5450628366247757,0.4579849626375051
2024-11-29,0.5725226298102754,0.5450628366247757,0.42185359730569855
2024-12-06,0.57808919696564,0.7255496588324489,0.34012173665783585
2024-12-13,0.55016895138556,0.5450628366247757,0.25082602545103955
2024-12-20,0.55329192480472,0.5450628366247757,0.3578736887462993
2024-12-27,0.5937394490533504,0.5450628366247757,0.5342389809888369
2025-01-03,0.5907681189477518,0.5450628366247757,0.5060204261617852
2025-01-10,0.6092481592986487,0.6359979889391658,0.45921683745737035
2025-01-17,0.5904706572964844,0.5450628366247757,0.3832670133980436
2025-01-24,0.5655781432145452,0.7255496588324489,0.30638226330253
2025-01-31,0.5745778640465907,0.7255496588324489,0.3339984263698545
2025-02-07,0.5703505208513356,0.7255496588324489,0.3405145304776599
2025-02-14,0.5755020660753408,0.7255496588324489,0.32271577678649355
2025-02-21,0.5651792051589181,0.7255496588324489,0.35338485963260186
2025-02-28,0.5581698909942017,0.6359979889391658,0.3678732239335022
2025-03-07,0.5794570659361092,0.6359979889391658,0.47821751413624786
2025-03-14,0.2941981218176719,0.2489626556016599,0.785820237425316
2025-03-21,0.2947151699411132,0.2489626556016599,0.7797518468747924
2025-03-28,0.2882142622700144,0.2489626556016599,0.7858775498256008
2025-04-04,0.31529168158912085,0.2489626556016599,0.8447644570003425
2025-04-11,0.33546664844179874,0.577596266044341,0.8295261736476185
2025-04-18,0.32921985065891624,0.2618394587675992,0.7806622926678901
2025-04-25,0.28570140514563536,0.2618394587675992,0.7618480837134914
2025-05-02,0.2766502629840462,0.2618394587675992,0.7369736193334231
2025-05-09,0.2559839299999847,0.2618394587675992,0.7452213966233415
2025-05-16,0.35460216948587825,0.8540755467196819,0.5971191622002464
2025-05-23,0.3840610004261917,0.5366892851507021,0.7036861992920846
2025-05-30,0.3662484815771602,0.5366892851507021,0.5911516233388256
2025-06-06,0.494506246502572,0.49155142129091184,0.5293670885296907
2025-06-13,0.510088767982574,0.49155142129091184,0.5293670885296907
2025-06-20,0.5026129578438018,0.49155142129091184,0.5293670885296907
2025-06-27,0.49494041898919927,0.49155142129091184,0.5194872635533938
2025-07-04,0.49314398027489476,0.25021505376344083,0.5194872635533938
2025-07-11,0.4977937873855533,0.25021505376344083,0.565018392723197
2025-07-18,0.49343195152881236,0.25021505376344083,0.5572435684582663
2025-07-25,0.4946653415814876,0.25021505376344083,0.5489001461065844
2025-08-01,0.5217315551696802,0.49155142129091184,0.5190841456443228
2025-08-08,0.5116899427034175,0.49155142129091184,0.42170988727502284
2025-08-15,0.4948419279070267,0.25021505376344083,0.19670559937532983
2025-08-22,0.46736870088568044,0.25021505376344083,0.1774968601642242
2025-08-29,0.4812180041133774,0.25021505376344083,0.13921264758076085
2025-09-05,0.4870520600797337,0.25021505376344083,0.5178714453169981
2025-09-12,0.4741503675359403,0.25021505376344083,0.5178714453169981
2025-09-19,0.4763184596552861,0.49155142129091184,0.3842538558492479
2025-09-26,0.4880441348182038,0.25021505376344083,0.5178714453169981
2025-10-03,0.49448553795403694,0.49155142129091184,0.3842538558492479
2025-10-10,0.5333424023053355,0.49155142129091184,0.4034956081735324
2025-10-17,0.5435377948119837,0.49043537492195066,0.2854140981096365
2025-10-24,0.5329949090268432,0.49043537492195066,0.2644696115365335
2025-10-31,0.5364060991250402,0.49043537492195066,0.34301062568656565
2025-11-07,0.5208782361031223,0.21433210651656207,0.46763351777243295
2025-11-14,0.5319448741965702,0.21433210651656207,0.5190542596783113
2025-11-21,0.5155015651370588,0.47455295735900943,0.35553161969789376
2025-11-28,0.5513813747503644,0.49043537492195066,0.32856139503994203
2025-12-05,0.5513813747503644,0.49043537492195066,0.32856139503994203
2025-12-12,0.5383672684557735,0.49043537492195066,0.32856139503994203
2025-12-19,0.5674004250210768,0.49043537492195066,0.4398557673520934
2025-12-26,0.5603009071698198,0.49043537492195066,0.4348079634005547
2026-01-02,0.5484773599066295,0.49043537492195066,0.4442352264956523
2026-01-09,0.5516095976538872,0.49043537492195066,0.3301645957858858
2026-01-16,0.5498631009615255,0.49043537492195066,0.4398557673520934
2026-01-23,0.5389056964400553,0.49043537492195066,0.4398557673520934
2026-01-30,0.5610474228990775,0.49043537492195066,0.4398557673520934
2026-02-06,0.5569486659952464,0.49043537492195066,0.3692320859444614
2026-02-13,0.5546634230123134,0.49043537492195066,0.3638687383675624
2026-02-20,0.5638448281321774,0.21433210651656207,0.3125662654456798
2026-02-27,0.5537020709122823,0.21433210651656207,0.2895956354305101
2026-03-06,0.5568104280850127,0.47455295735900943,0.36790165996525703
2026-03-13,0.40948693311301465,0.528103767757875,0.5514241054390537
2026-03-20,0.405624237465202,0.25522864232541653,0.546164093143605
2026-03-27,0.4207177314320132,0.25522864232541653,0.6558925290433217
2026-04-03,0.3020875538679273,0.25522864232541653,0.5945876954048046
2026-04-10,0.49911559699408053,0.21433210651656207,0.5426499031722911
