target,model,subperiod,start,end,n_oos,brier,auc,log_loss,positive_rate,prediction_mean,top_decile_precision,top_decile_recall,calibration_mae
target_etf_forward_top_quantile_4w,baseline_state_rate,0,2010-01-01,2014-01-17,1692,0.1814951955312892,0.47781301973571105,0.5500987958631922,0.23699763593380616,0.23925315668181787,0.22745901639344263,0.27680798004987534,0.02975136036318492
target_etf_forward_top_quantile_4w,baseline_state_rate,1,2014-01-17,2018-02-02,1692,0.18261167966653816,0.4740424184868629,0.5519004291690854,0.2393617021276596,0.24440500554216968,0.225,0.1111111111111111,0.02693229949616622
target_etf_forward_top_quantile_4w,baseline_state_rate,2,2018-02-09,2022-02-25,1692,0.18322218485603653,0.48249954187282384,0.5530166271558177,0.24113475177304963,0.2436925364373284,0.20673076923076922,0.1053921568627451,0.02468796024552682
target_etf_forward_top_quantile_4w,baseline_state_rate,3,2022-02-25,2026-03-13,1692,0.1872775196544149,0.4919207373959772,0.5618879597068198,0.24940898345153664,0.24343670405845233,0.2532051282051282,0.1872037914691943,0.028993880286932755
target_etf_forward_top_quantile_4w,logistic_l2,0,2010-01-01,2014-01-17,1692,0.1969816854501658,0.5528587516491498,0.661431295717162,0.23699763593380616,0.2731870606592622,0.28823529411764703,0.12219451371571072,0.06836065122308096
target_etf_forward_top_quantile_4w,logistic_l2,1,2014-01-17,2018-02-02,1692,0.18578110855447258,0.5221003961744703,0.5594429610272286,0.2393617021276596,0.24695553464202633,0.20588235294117646,0.08641975308641975,0.05517971158826085
target_etf_forward_top_quantile_4w,logistic_l2,2,2018-02-09,2022-02-25,1692,0.18373623320511762,0.5722332936289781,0.5531816487469295,0.24113475177304963,0.2526785906026453,0.3058823529411765,0.12745098039215685,0.04556503685389722
target_etf_forward_top_quantile_4w,logistic_l2,3,2022-02-25,2026-03-13,1692,0.18508244090144305,0.5836959361122513,0.556809574688092,0.24940898345153664,0.23960949343431734,0.3588235294117647,0.14454976303317535,0.030057367457789065
target_etf_forward_top_quantile_4w,logistic_l2_balanced,0,2010-01-01,2014-01-17,1692,0.2662446397909116,0.556596502546886,0.8163014608084334,0.23699763593380616,0.505126499145211,0.28823529411764703,0.12219451371571072,0.2681092159804065
target_etf_forward_top_quantile_4w,logistic_l2_balanced,1,2014-01-17,2018-02-02,1692,0.2525640557483925,0.5241474574807908,0.6985091715564717,0.2393617021276596,0.490364562640903,0.2,0.08395061728395062,0.2509584691258667
target_etf_forward_top_quantile_4w,logistic_l2_balanced,2,2018-02-09,2022-02-25,1692,0.2524958873356795,0.5768775578767333,0.7006257947803503,0.24113475177304963,0.4971160569588941,0.32941176470588235,0.13725490196078433,0.25594099047136565
target_etf_forward_top_quantile_4w,logistic_l2_balanced,3,2022-02-25,2026-03-13,1692,0.24372118224104894,0.584552375265888,0.6807264207733648,0.24940898345153664,0.48682775078022716,0.3235294117647059,0.13033175355450238,0.23745266230361423
target_etf_forward_top_quantile_4w,decision_tree_depth3,0,2010-01-01,2014-01-17,1692,0.18269258769708163,0.5790539144006753,0.5498157249471614,0.23699763593380616,0.255672424076771,0.2907488986784141,0.16458852867830423,0.04574456322958062
target_etf_forward_top_quantile_4w,decision_tree_depth3,1,2014-01-17,2018-02-02,1692,0.18215262005337526,0.5573637610674647,0.550260946201629,0.2393617021276596,0.24352316498044108,0.28823529411764703,0.12098765432098765,0.039471308576896826
target_etf_forward_top_quantile_4w,decision_tree_depth3,2,2018-02-09,2022-02-25,1692,0.18054180129958838,0.5862271699957241,0.5472207861955662,0.24113475177304963,0.23000158638155702,0.2689075630252101,0.1568627450980392,0.02938463248387571
target_etf_forward_top_quantile_4w,decision_tree_depth3,3,2022-02-25,2026-03-13,1692,0.1869181060417766,0.5594068365861851,0.5647878430051722,0.24940898345153664,0.25033064185168113,0.2850467289719626,0.14454976303317535,0.036698322864193944
target_etf_forward_top_quantile_4w,random_forest_small,0,2010-01-01,2014-01-17,1692,0.17858834903888865,0.5710472076972557,0.5409510338332942,0.23699763593380616,0.25016943714307666,0.2529411764705882,0.10723192019950124,0.02924140569491699
target_etf_forward_top_quantile_4w,random_forest_small,1,2014-01-17,2018-02-02,1692,0.1797409599328869,0.5810574884648959,0.5433320497924958,0.2393617021276596,0.23858019554596424,0.2529411764705882,0.10617283950617284,0.0398143086640422
target_etf_forward_top_quantile_4w,random_forest_small,2,2018-02-09,2022-02-25,1692,0.17999851327774957,0.5853500473398082,0.5435628333445635,0.24113475177304963,0.24120212213719153,0.3,0.125,0.04031376561802665
target_etf_forward_top_quantile_4w,random_forest_small,3,2022-02-25,2026-03-13,1692,0.1848134048343974,0.5778184125088629,0.5553541857091956,0.24940898345153664,0.2417821453266573,0.3176470588235294,0.12796208530805686,0.023128083507581394
target_etf_forward_risk_adjusted_top_quantile_4w,baseline_state_rate,0,2010-01-01,2014-01-17,1692,0.19772329406090647,0.5168467346630293,0.5901789847897766,0.2635933806146572,0.2095347772177681,0.28125,0.16143497757847533,0.0494003078319921
target_etf_forward_risk_adjusted_top_quantile_4w,baseline_state_rate,1,2014-01-17,2018-02-02,1692,0.2010572344674685,0.482686234572349,0.5931315807225268,0.27364066193853426,0.24507688083001797,0.23387096774193547,0.12526997840172785,0.04837855416698182
target_etf_forward_risk_adjusted_top_quantile_4w,baseline_state_rate,2,2018-02-09,2022-02-25,1692,0.20485814623690748,0.4958026130791126,0.6006147162480762,0.2848699763593381,0.26053528936942355,0.26704545454545453,0.0975103734439834,0.03291904528790823
target_etf_forward_risk_adjusted_top_quantile_4w,baseline_state_rate,3,2022-02-25,2026-03-13,1692,0.22867937476450564,0.48693870141333084,0.6521434284210957,0.33628841607565013,0.26710100575571594,0.3141025641025641,0.17223198594024605,0.06264390235468918
target_etf_forward_risk_adjusted_top_quantile_4w,logistic_l2,0,2010-01-01,2014-01-17,1692,0.21643098887540446,0.4769486572277926,0.674338181033696,0.2635933806146572,0.25255880957850013,0.2411764705882353,0.09192825112107623,0.11254211948757083
target_etf_forward_risk_adjusted_top_quantile_4w,logistic_l2,1,2014-01-17,2018-02-02,1692,0.20346598547889092,0.5191229941637217,0.6013538150686145,0.27364066193853426,0.2577765768232596,0.27058823529411763,0.09935205183585313,0.05882520488994397
target_etf_forward_risk_adjusted_top_quantile_4w,logistic_l2,2,2018-02-09,2022-02-25,1692,0.20279982646347988,0.5672044854428862,0.5978561649045784,0.2848699763593381,0.27947455995600073,0.4294117647058823,0.15145228215767634,0.030207769315293842
target_etf_forward_risk_adjusted_top_quantile_4w,logistic_l2,3,2022-02-25,2026-03-13,1692,0.20675947208465983,0.6653343495251078,0.6042900530305781,0.33628841607565013,0.2854119039735635,0.8235294117647058,0.2460456942003515,0.07578112560200076
target_etf_forward_risk_adjusted_top_quantile_4w,logistic_l2_balanced,0,2010-01-01,2014-01-17,1692,0.2773586954730196,0.4813681808693649,0.8073458983556788,0.2635933806146572,0.5010655521400311,0.2411764705882353,0.09192825112107623,0.23743704832098972
target_etf_forward_risk_adjusted_top_quantile_4w,logistic_l2_balanced,1,2014-01-17,2018-02-02,1692,0.260295235126431,0.5172074435835207,0.71568784169362,0.27364066193853426,0.5025980867061718,0.25882352941176473,0.09503239740820735,0.22893723115171918
target_etf_forward_risk_adjusted_top_quantile_4w,logistic_l2_balanced,2,2018-02-09,2022-02-25,1692,0.26054874482551293,0.5632522890161517,0.7156538330662939,0.2848699763593381,0.5176834794606033,0.43529411764705883,0.15352697095435686,0.23286623490073177
target_etf_forward_risk_adjusted_top_quantile_4w,logistic_l2_balanced,3,2022-02-25,2026-03-13,1692,0.2365065533708341,0.6647036637678074,0.664799549097053,0.33628841607565013,0.5126674699822789,0.8235294117647058,0.2460456942003515,0.17652359450193725
target_etf_forward_risk_adjusted_top_quantile_4w,decision_tree_depth3,0,2010-01-01,2014-01-17,1692,0.20019444532450067,0.4870122508619511,0.5906819161934856,0.2635933806146572,0.25849139524017345,0.2569444444444444,0.16591928251121077,0.04891757770548244
target_etf_forward_risk_adjusted_top_quantile_4w,decision_tree_depth3,1,2014-01-17,2018-02-02,1692,0.20028529654106658,0.4911190505898666,0.6169306521872371,0.27364066193853426,0.26667143779137337,0.27358490566037735,0.12526997840172785,0.03685662348059207
target_etf_forward_risk_adjusted_top_quantile_4w,decision_tree_depth3,2,2018-02-09,2022-02-25,1692,0.21135777285975946,0.5182495456260073,0.8619995129805489,0.2848699763593381,0.28528589315507863,0.4416243654822335,0.18049792531120332,0.06928122557456101
target_etf_forward_risk_adjusted_top_quantile_4w,decision_tree_depth3,3,2022-02-25,2026-03-13,1692,0.18086085846533562,0.6453652421723759,0.5979886697976633,0.33628841607565013,0.30933054926547754,0.9948979591836735,0.3427065026362039,0.05854876506539532
target_etf_forward_risk_adjusted_top_quantile_4w,random_forest_small,0,2010-01-01,2014-01-17,1692,0.1960103233729708,0.49878175183007145,0.5822112785701048,0.2635933806146572,0.23120138471002757,0.2529411764705882,0.09641255605381166,0.04019134573415574
target_etf_forward_risk_adjusted_top_quantile_4w,random_forest_small,1,2014-01-17,2018-02-02,1692,0.20034892183434191,0.5020332954323784,0.5907584338336335,0.27364066193853426,0.2563057044132932,0.2,0.0734341252699784,0.03866865879673345
target_etf_forward_risk_adjusted_top_quantile_4w,random_forest_small,2,2018-02-09,2022-02-25,1692,0.20004990945179252,0.58779534309523,0.5885450609919635,0.2848699763593381,0.26680915314445885,0.4482758620689655,0.16182572614107885,0.024951328689548684
target_etf_forward_risk_adjusted_top_quantile_4w,random_forest_small,3,2022-02-25,2026-03-13,1692,0.21089491586992132,0.6712969121437525,0.6115918333955184,0.33628841607565013,0.28399246195332284,0.8294117647058824,0.2478031634446397,0.07425704510023472
target_sleeve_opportunity_top_quantile_4w,baseline_state_rate,0,2010-01-01,2014-01-17,1269,0.20571806521399208,0.49901906857352396,0.6021208072358725,0.28368794326241137,0.32868569157474226,0.24242424242424243,0.08888888888888889,0.050133388304571494
target_sleeve_opportunity_top_quantile_4w,baseline_state_rate,1,2014-01-17,2018-02-02,1269,0.18843707708639473,0.49562043795620436,0.5653541054569767,0.24428684003152087,0.2993625034779467,0.23129251700680273,0.10967741935483871,0.05881495485450321
target_sleeve_opportunity_top_quantile_4w,baseline_state_rate,2,2018-02-09,2022-02-25,1269,0.18453760404664743,0.5123165636194953,0.5561205471515769,0.24192277383766744,0.28058187102675597,0.22916666666666666,0.14332247557003258,0.042107842648733754
target_sleeve_opportunity_top_quantile_4w,baseline_state_rate,3,2022-02-25,2026-03-13,1269,0.19460971544398567,0.5215267670444074,0.5776435475956168,0.26635145784081954,0.27085548203296933,0.2857142857142857,0.14201183431952663,0.021485430617722658
target_sleeve_opportunity_top_quantile_4w,logistic_l2,0,2010-01-01,2014-01-17,1269,0.21047160784078306,0.5225369759198142,0.6283530948857605,0.28368794326241137,0.2747354887566882,0.4645669291338583,0.1638888888888889,0.06767231981473916
target_sleeve_opportunity_top_quantile_4w,logistic_l2,1,2014-01-17,2018-02-02,1269,0.19275095913726792,0.5191765616065122,0.5738124498723401,0.24428684003152087,0.300739253494643,0.29133858267716534,0.11935483870967742,0.06798778000420873
target_sleeve_opportunity_top_quantile_4w,logistic_l2,2,2018-02-09,2022-02-25,1269,0.18964282774144642,0.5406590504310373,0.567350583098768,0.24192277383766744,0.2642382383763362,0.29133858267716534,0.12052117263843648,0.060098525802530764
target_sleeve_opportunity_top_quantile_4w,logistic_l2,3,2022-02-25,2026-03-13,1269,0.19907932551111188,0.5026185497556233,0.5906316843077777,0.26635145784081954,0.2602370746252864,0.33858267716535434,0.12721893491124261,0.05852816341654059
target_sleeve_opportunity_top_quantile_4w,logistic_l2_balanced,0,2010-01-01,2014-01-17,1269,0.23916330746874911,0.5217302285784134,0.6849821923285165,0.28368794326241137,0.43898822573612606,0.4645669291338583,0.1638888888888889,0.17363103453846826
target_sleeve_opportunity_top_quantile_4w,logistic_l2_balanced,1,2014-01-17,2018-02-02,1269,0.24938547208416612,0.5212553399037976,0.6927771492198123,0.24428684003152087,0.48763735530208113,0.29133858267716534,0.11935483870967742,0.243373508722131
target_sleeve_opportunity_top_quantile_4w,logistic_l2_balanced,2,2018-02-09,2022-02-25,1269,0.2401795216532972,0.5449524944638952,0.676036127158629,0.24192277383766744,0.46300723613187184,0.2992125984251969,0.1237785016286645,0.22105102474508764
target_sleeve_opportunity_top_quantile_4w,logistic_l2_balanced,3,2022-02-25,2026-03-13,1269,0.24543449443511228,0.5038833347104024,0.6848918148630038,0.26635145784081954,0.47564054134197825,0.3543307086614173,0.13313609467455623,0.20930670627668269
target_sleeve_opportunity_top_quantile_4w,decision_tree_depth3,0,2010-01-01,2014-01-17,1269,0.20698743481157025,0.5033186651998534,0.6050387889110598,0.28368794326241137,0.321832296765682,0.3602941176470588,0.1361111111111111,0.04401211017457835
target_sleeve_opportunity_top_quantile_4w,decision_tree_depth3,1,2014-01-17,2018-02-02,1269,0.1937444625651025,0.5210434256113559,0.5754863460511677,0.24428684003152087,0.2946850172095859,0.26153846153846155,0.10967741935483871,0.08121932148360647
target_sleeve_opportunity_top_quantile_4w,decision_tree_depth3,2,2018-02-09,2022-02-25,1269,0.19055024140008775,0.489608375601861,0.5690322956455292,0.24192277383766744,0.2812302104385898,0.24855491329479767,0.14006514657980457,0.06411946191417303
target_sleeve_opportunity_top_quantile_4w,decision_tree_depth3,3,2022-02-25,2026-03-13,1269,0.19499319599941084,0.5350596482753799,0.5784238257735704,0.26635145784081954,0.27302366993845967,0.4015748031496063,0.15088757396449703,0.025015162463857266
target_sleeve_opportunity_top_quantile_4w,random_forest_small,0,2010-01-01,2014-01-17,1269,0.2038493664818039,0.5160600782300453,0.5977726838472898,0.28368794326241137,0.30967889120419906,0.29133858267716534,0.10277777777777777,0.029746080036159306
target_sleeve_opportunity_top_quantile_4w,random_forest_small,1,2014-01-17,2018-02-02,1269,0.18797754225514116,0.5188200074001816,0.5640124455121667,0.24428684003152087,0.301511420886323,0.2440944881889764,0.1,0.057613233559132206
target_sleeve_opportunity_top_quantile_4w,random_forest_small,2,2018-02-09,2022-02-25,1269,0.18542177861178852,0.4928081426452762,0.5582816963085353,0.24192277383766744,0.27686052853494897,0.2713178294573643,0.11400651465798045,0.03624987550310189
target_sleeve_opportunity_top_quantile_4w,random_forest_small,3,2022-02-25,2026-03-13,1269,0.19592414039352773,0.5055501178982961,0.5809856322802361,0.26635145784081954,0.26918395268445283,0.2734375,0.10355029585798817,0.018377730554506304
target_state_quality_good_4w,baseline_state_rate,0,2010-01-01,2014-01-24,213,0.28016508735637213,0.4738495575221239,0.7617579978286896,0.5305164319248826,0.40324758018962,0.4583333333333333,0.09734513274336283,0.1381355071008699
target_state_quality_good_4w,baseline_state_rate,1,2014-01-31,2018-02-16,212,0.2728311161194121,0.443796205575844,0.7475184762842039,0.4858490566037736,0.4542432160846941,0.4583333333333333,0.10679611650485436,0.2331447995373758
target_state_quality_good_4w,baseline_state_rate,2,2018-02-23,2022-03-11,212,0.23932212563577673,0.555219978362784,0.6717098260520908,0.44339622641509435,0.4544583823087542,0.48717948717948717,0.20212765957446807,0.11958542338423325
target_state_quality_good_4w,baseline_state_rate,3,2022-03-18,2026-04-10,213,0.24944612587476223,0.5521109344638757,0.6908213896036531,0.5211267605633803,0.4543241940984955,0.5454545454545454,0.10810810810810811,0.0919418593060998
target_state_quality_good_4w,logistic_l2,0,2010-01-01,2014-01-24,213,0.30521126243347163,0.5653982300884955,0.9788477248202617,0.5305164319248826,0.4193778945579483,0.3181818181818182,0.061946902654867256,0.21321484731146428
target_state_quality_good_4w,logistic_l2,1,2014-01-31,2018-02-16,212,0.28652583063943066,0.5702324752828003,0.7933761713654028,0.4858490566037736,0.4478150911473795,0.5,0.10679611650485436,0.18756503283275539
target_state_quality_good_4w,logistic_l2,2,2018-02-23,2022-03-11,212,0.3225577499481999,0.47764154345474213,0.8984892397504969,0.44339622641509435,0.5302796148836181,0.5454545454545454,0.1276595744680851,0.2341626087885443
target_state_quality_good_4w,logistic_l2,3,2022-03-18,2026-04-10,213,0.28080068430087507,0.5317965023847376,0.7666262783741422,0.5211267605633803,0.4403346405769949,0.5454545454545454,0.10810810810810811,0.17606388249016014
target_state_quality_good_4w,logistic_l2_balanced,0,2010-01-01,2014-01-24,213,0.2906522294314565,0.5595575221238939,0.9062969132864935,0.5305164319248826,0.5023775183671148,0.36363636363636365,0.07079646017699115,0.14421415633027862
target_state_quality_good_4w,logistic_l2_balanced,1,2014-01-31,2018-02-16,212,0.2756307793756622,0.5804756390843502,0.7647858830695241,0.4858490566037736,0.4944496685460442,0.6363636363636364,0.13592233009708737,0.16891943606250823
target_state_quality_good_4w,logistic_l2_balanced,2,2018-02-23,2022-03-11,212,0.33127826328563204,0.47448611611972596,0.9142221705811581,0.44339622641509435,0.5755319167703058,0.5909090909090909,0.13829787234042554,0.2582145059837234
target_state_quality_good_4w,logistic_l2_balanced,3,2022-03-18,2026-04-10,213,0.2765419393911198,0.527027027027027,0.7541326748331723,0.5211267605633803,0.48514980484037595,0.5454545454545454,0.10810810810810811,0.1847677700298535
target_state_quality_good_4w,decision_tree_depth3,0,2010-01-01,2014-01-24,213,0.3322917668481475,0.4879646017699115,1.5884097251105307,0.5305164319248826,0.43801017197347086,0.5142857142857142,0.1592920353982301,0.22827368901878167
target_state_quality_good_4w,decision_tree_depth3,1,2014-01-31,2018-02-16,212,0.3015913449964451,0.5037855170570945,1.351564969938921,0.4858490566037736,0.45188914518633094,0.5384615384615384,0.20388349514563106,0.21707337013340186
target_state_quality_good_4w,decision_tree_depth3,2,2018-02-23,2022-03-11,212,0.2514561849274994,0.6010638297872339,0.6991785919552249,0.44339622641509435,0.47055630923378394,0.48936170212765956,0.24468085106382978,0.14144866877033196
target_state_quality_good_4w,decision_tree_depth3,3,2022-03-18,2026-04-10,213,0.27913303807572365,0.4972619678502031,0.7608708757824078,0.5211267605633803,0.45905845469630824,0.5416666666666666,0.11711711711711711,0.11765966945920554
target_state_quality_good_4w,random_forest_small,0,2010-01-01,2014-01-24,213,0.2703322449860667,0.4295575221238938,0.7347479087417933,0.5305164319248826,0.41223936902966374,0.2916666666666667,0.061946902654867256,0.1589293491312665
target_state_quality_good_4w,random_forest_small,1,2014-01-31,2018-02-16,212,0.25414027215229135,0.479602743386479,0.7014122667478339,0.4858490566037736,0.45014240252521026,0.2608695652173913,0.05825242718446602,0.07982323561870011
target_state_quality_good_4w,random_forest_small,2,2018-02-23,2022-03-11,212,0.23954146071366475,0.6084114677244861,0.671878392078265,0.44339622641509435,0.4684914298150445,0.5,0.11702127659574468,0.04391265378769623
target_state_quality_good_4w,random_forest_small,3,2022-03-18,2026-04-10,213,0.2534231072920552,0.528749337572867,0.7003117989048017,0.5211267605633803,0.4688246998818701,0.5454545454545454,0.10810810810810811,0.0729347314823475
target_state_quality_good_4w,hist_gradient_shallow,0,2010-01-01,2014-01-24,213,0.2610673505445011,0.542212389380531,0.7166922845014481,0.5305164319248826,0.4276948919471171,0.6071428571428571,0.1504424778761062,0.1156813398553587
target_state_quality_good_4w,hist_gradient_shallow,1,2014-01-31,2018-02-16,212,0.2536414438373085,0.5397256613520975,0.7014036545732211,0.4858490566037736,0.4305117449499672,0.6428571428571429,0.17475728155339806,0.06806443637982307
target_state_quality_good_4w,hist_gradient_shallow,2,2018-02-23,2022-03-11,212,0.24004540261965346,0.57915614857555,0.6727228754563142,0.44339622641509435,0.46091540144169807,0.6296296296296297,0.18085106382978725,0.0904352442527579
target_state_quality_good_4w,hist_gradient_shallow,3,2022-03-18,2026-04-10,213,0.25988460203631464,0.47429782723900366,0.7132736073202094,0.5211267605633803,0.44194993655708026,0.45454545454545453,0.09009009009009009,0.11325147387609799
target_stress_transition_4w,baseline_state_rate,0,2010-01-01,2014-01-17,212,0.04685985746944144,0.7688846468502865,0.40601391312127083,0.08962264150943396,0.1640224065606032,0.5,0.6842105263157895,0.10271964143903008
target_stress_transition_4w,baseline_state_rate,1,2014-01-24,2018-02-02,211,0.18664980581772597,0.7112032312925171,0.5678341839237305,0.3033175355450237,0.23738826962975743,0.7419354838709677,0.359375,0.14943749837567033
target_stress_transition_4w,baseline_state_rate,2,2018-02-09,2022-02-18,211,0.08475288000828808,0.8683640920483024,0.31693039963368264,0.27014218009478674,0.3127245537314553,0.7931034482758621,0.40350877192982454,0.06760477506973456
target_stress_transition_4w,baseline_state_rate,3,2022-02-25,2026-03-13,212,0.08339852158803071,0.8884079391891891,0.28689743296284675,0.3018867924528302,0.30207638320508945,0.8974358974358975,0.546875,0.013860019110675147
target_stress_transition_4w,logistic_l2,0,2010-01-01,2014-01-17,212,0.05868346270421106,0.8846468502863376,0.2451436163427892,0.08962264150943396,0.12830419051520014,0.6363636363636364,0.7368421052631579,0.06069378911019865
target_stress_transition_4w,logistic_l2,1,2014-01-24,2018-02-02,211,0.15043656753612436,0.7920918367346939,0.5959059522029532,0.3033175355450237,0.23459604596869482,0.8636363636363636,0.296875,0.07269235422357682
target_stress_transition_4w,logistic_l2,2,2018-02-09,2022-02-18,211,0.14025752060472121,0.8492822966507176,0.4246296676974329,0.27014218009478674,0.336368607510284,0.9090909090909091,0.3508771929824561,0.09198670668501889
target_stress_transition_4w,logistic_l2,3,2022-02-25,2026-03-13,212,0.1634252862064763,0.8520903716216217,0.4897855247741896,0.3018867924528302,0.3551464667092491,0.9545454545454546,0.328125,0.12245374577684356
target_stress_transition_4w,logistic_l2_balanced,0,2010-01-01,2014-01-17,212,0.06271870921929538,0.8819198254704118,0.25255613764333606,0.08962264150943396,0.14528073399880972,0.6363636363636364,0.7368421052631579,0.07978842996831732
target_stress_transition_4w,logistic_l2_balanced,1,2014-01-24,2018-02-02,211,0.1534575000167283,0.7961309523809524,0.5781930275831025,0.3033175355450237,0.30560757725765536,0.8181818181818182,0.28125,0.09294746589006374
target_stress_transition_4w,logistic_l2_balanced,2,2018-02-09,2022-02-18,211,0.17567140985640417,0.8618136249715198,0.5115373380994186,0.27014218009478674,0.4463269946397926,0.9545454545454546,0.3684210526315789,0.17837894802310023
target_stress_transition_4w,logistic_l2_balanced,3,2022-02-25,2026-03-13,212,0.18541792156078007,0.8534628378378378,0.5575123368900112,0.3018867924528302,0.4368426214345924,0.9090909090909091,0.3125,0.1483014907014362
target_stress_transition_4w,decision_tree_depth3,0,2010-01-01,2014-01-17,212,0.03749041322562279,0.8313335151349875,0.2964922834072838,0.08962264150943396,0.11645158019444975,0.52,0.6842105263157895,0.056420101859628445
target_stress_transition_4w,decision_tree_depth3,1,2014-01-24,2018-02-02,211,0.21887633093702347,0.6677295918367347,0.7767535674794407,0.3033175355450237,0.20388278133668888,0.7391304347826086,0.265625,0.19659624104888218
target_stress_transition_4w,decision_tree_depth3,2,2018-02-09,2022-02-18,211,0.09318241173847729,0.9021417179311916,0.42207451019469716,0.27014218009478674,0.3285777605468033,0.8461538461538461,0.38596491228070173,0.08413669376521776
target_stress_transition_4w,decision_tree_depth3,3,2022-02-25,2026-03-13,212,0.09358465693676628,0.8475506756756757,0.5935218753704026,0.3018867924528302,0.24364270612371683,0.8636363636363636,0.296875,0.0526638722633719
target_stress_transition_4w,random_forest_small,0,2010-01-01,2014-01-17,212,0.09635587527017757,0.9675484046904826,0.34510459168646945,0.08962264150943396,0.2741216863650988,0.7272727272727273,0.8421052631578947,0.2318204478887677
target_stress_transition_4w,random_forest_small,1,2014-01-24,2018-02-02,211,0.17774862426337373,0.7538265306122448,0.5411586751452494,0.3033175355450237,0.2349717024324478,0.8181818181818182,0.28125,0.1033552573133257
target_stress_transition_4w,random_forest_small,2,2018-02-09,2022-02-18,211,0.13717218458586466,0.8257575757575758,0.44140151579715503,0.27014218009478674,0.27823948294035156,0.9090909090909091,0.3508771929824561,0.08964738132455406
target_stress_transition_4w,random_forest_small,3,2022-02-25,2026-03-13,212,0.10271071065124848,0.9065139358108109,0.3543411307497988,0.3018867924528302,0.2719693941602692,1.0,0.359375,0.07108506075743119
target_stress_transition_4w,hist_gradient_shallow,0,2010-01-01,2014-01-17,212,0.07441232695798286,0.846877556585765,0.3031493786284286,0.08962264150943396,0.24229999243149986,0.5416666666666666,0.6842105263157895,0.15448874498128712
target_stress_transition_4w,hist_gradient_shallow,1,2014-01-24,2018-02-02,211,0.19054701547472636,0.5925276360544217,0.5727538434220353,0.3033175355450237,0.25312811168465155,0.7142857142857143,0.3125,0.15341976938629415
target_stress_transition_4w,hist_gradient_shallow,2,2018-02-09,2022-02-18,211,0.12215029989847101,0.8534404192298928,0.40989121755621316,0.27014218009478674,0.304327827645567,0.8823529411764706,0.5263157894736842,0.13513527905200007
target_stress_transition_4w,hist_gradient_shallow,3,2022-02-25,2026-03-13,212,0.12369006402259448,0.8488175675675675,0.414550750200427,0.3018867924528302,0.28269997163240085,0.9230769230769231,0.375,0.13860433367053257
