window_start,window_end,cand_sharpe,base_sharpe,beats
2005-01-07,2006-12-29,0.871696301910697,0.8721096406381464,0.0
2005-04-08,2007-03-30,1.1931607472740906,1.2125098244332202,0.0
2005-07-08,2007-06-29,1.2026748334035673,1.2286386537960612,0.0
2005-10-07,2007-09-28,1.2222666120536105,1.281629800566539,0.0
2006-01-06,2007-12-28,1.400540850517949,1.4620286105725981,0.0
2006-04-07,2008-03-28,1.45353559555623,1.5152929675391666,0.0
2006-07-07,2008-06-27,1.3509339718025353,1.405869584959204,0.0
2006-10-06,2008-09-26,0.9572445248848659,0.9971298254795656,0.0
2007-01-05,2008-12-26,0.8157333890987913,0.8540293959004935,0.0
2007-04-06,2009-03-27,0.2278044999591437,0.2528833131680372,0.0
2007-07-06,2009-06-26,0.2204398494726716,0.2470552558960135,0.0
2007-10-05,2009-09-25,0.6995862404314713,0.7012580239675994,0.0
2008-01-04,2009-12-25,0.939986391826444,0.9359961034218166,1.0
2008-04-04,2010-03-26,1.0627936296268945,1.0822748878474504,0.0
2008-07-04,2010-06-25,0.6589440902771497,0.6728308459616492,0.0
2008-10-03,2010-09-24,1.344694039315134,1.3864847281199117,0.0
2009-01-02,2010-12-24,1.3138324775736125,1.3474316582384964,0.0
2009-04-03,2011-03-25,1.5937864582594277,1.6385788788453075,0.0
2009-07-03,2011-06-24,1.5348698307354194,1.5714867281013176,0.0
2009-10-02,2011-09-23,0.9721330686579877,0.959210399288125,1.0
2010-01-01,2011-12-23,0.7213346003408073,0.7193271657196578,1.0
2010-04-02,2012-03-23,0.618761887925047,0.6014866119843816,1.0
2010-07-02,2012-06-22,1.1266206033143387,1.0863226589442698,1.0
2010-10-01,2012-09-21,0.8195279450927198,0.7782819583838188,1.0
2010-12-31,2012-12-21,0.7018099390345555,0.6715914797793144,1.0
2011-04-01,2013-03-22,0.7645243892766534,0.7220894610687738,1.0
2011-07-01,2013-06-21,0.5165554517885649,0.48841808372950873,1.0
2011-09-30,2013-09-20,1.1175608626512223,1.152926268633788,0.0
2011-12-30,2013-12-20,1.2636346366952909,1.2923581852004216,0.0
2012-03-30,2014-03-21,1.1797629044016642,1.2203605119269254,0.0
2012-06-29,2014-06-20,1.3790423745263376,1.415214906911957,0.0
2012-09-28,2014-09-19,0.987319409810367,1.001562154660535,0.0
2012-12-28,2014-12-19,1.4435959085139334,1.460060662926917,0.0
2013-03-29,2015-03-20,1.185788602677857,1.1845120920633316,1.0
2013-06-28,2015-06-19,1.0986837006659447,1.093417873808822,1.0
2013-09-27,2015-09-18,0.5576400255945749,0.5359844657473811,1.0
2013-12-27,2015-12-18,0.36048373405112827,0.35484008494519137,1.0
2014-03-28,2016-03-18,0.2673960022067537,0.253845205718047,1.0
2014-06-27,2016-06-17,0.38882609340374025,0.38949850299086874,0.0
2014-09-26,2016-09-16,0.6804468821495384,0.6992123160202879,0.0
2014-12-26,2016-12-16,-0.26867246980641074,-0.22787592494699518,0.0
2015-03-27,2017-03-17,-0.17813310390722537,-0.14950474842089084,0.0
2015-06-26,2017-06-16,0.32061584645528113,0.34104464744094626,0.0
2015-09-25,2017-09-15,0.8231895704129256,0.851985684332929,0.0
2015-12-25,2017-12-15,1.0290473712004287,1.0465102592397886,0.0
2016-03-25,2018-03-16,0.8991110159259847,0.9318200774738755,0.0
2016-06-24,2018-06-15,0.6558005723187101,0.6791704865648561,0.0
2016-09-23,2018-09-14,0.5021355191011853,0.49815914825917573,1.0
2016-12-23,2018-12-14,0.775552276392655,0.7867204048382138,0.0
2017-03-24,2019-03-15,0.8194825780117038,0.8455967206248852,0.0
2017-06-23,2019-06-14,0.8598102544446012,0.870573830290143,0.0
2017-09-22,2019-09-13,0.9734299958809451,0.9941943455610275,0.0
2017-12-22,2019-12-13,0.6924435977882868,0.7118539812969494,0.0
2018-03-23,2020-03-13,0.016725439403804283,0.029308513340432794,0.0
2018-06-22,2020-06-12,0.46018106269835424,0.4737410954153609,0.0
2018-09-21,2020-09-11,0.46882933306953767,0.4817720102793155,0.0
2018-12-21,2020-12-11,0.9343629828670251,0.9382999025958452,0.0
2019-03-22,2021-03-12,0.8056678082481779,0.811707396967621,0.0
2019-06-21,2021-06-11,0.7529122461508184,0.7713234600420256,0.0
2019-09-20,2021-09-10,0.6223460811133971,0.6354108654664542,0.0
2019-12-20,2021-12-10,0.7194612638337985,0.7430622816347706,0.0
2020-03-20,2022-03-11,1.4127168875375617,1.4287099091694713,0.0
2020-06-19,2022-06-10,0.8516164396029042,0.8648893505320934,0.0
2020-09-18,2022-09-09,0.6804659224725796,0.6945017147094148,0.0
2020-12-18,2022-12-09,0.5023256322379352,0.5212339385016939,0.0
2021-03-19,2023-03-10,0.537590569459615,0.5533704228194696,0.0
2021-06-18,2023-06-09,0.6574346267701469,0.6560328677115529,1.0
2021-09-17,2023-09-08,0.3995246631967733,0.4055696403578595,0.0
2021-12-17,2023-12-08,0.5550107612661623,0.5464706928850939,1.0
2022-03-18,2024-03-08,0.820096462021892,0.8085034561028835,1.0
2022-06-17,2024-06-07,1.167543860147449,1.1802612239562984,0.0
2022-09-16,2024-09-06,1.7218682144138069,1.742480521699938,0.0
2022-12-16,2024-12-06,1.6079289040132692,1.641428632888522,0.0
2023-03-17,2025-03-07,1.5627943524812216,1.6066398348577036,0.0
2023-06-16,2025-06-06,1.527281076243487,1.5798285473910756,0.0
2023-09-15,2025-09-05,2.083965472111602,2.1285208706092047,0.0
2023-12-15,2025-12-05,2.2198939999650764,2.288175329409135,0.0
2024-03-15,2026-03-06,2.076368856710199,2.124940092480997,0.0
