bytes,cache_key,content_encoding,content_type,http_status,retrieved_at_utc,sha256,url
521432,company_tickers_exchange,gzip,application/json,200,2026-08-13T06:46:44.969017+00:00,7418667f5bab4947ac600ea925484634c9a2d667d47b9b262eac348a2f2aefac,https://www.sec.gov/files/company_tickers_exchange.json
233917,submissions_0001045810_CIK0001045810-submissions-001,gzip,application/json,200,2026-08-13T06:46:45.878858+00:00,99338730d8c4a90a4cb2b4a5c55034fa5e228b9a45aaf7df79f07dbe242f8597,https://data.sec.gov/submissions/CIK0001045810-submissions-001.json
161046,submissions_0001045810,gzip,application/json,200,2026-08-13T06:46:45.419949+00:00,4c94636e55b6e1792bc9771840eb81fe41adda5ffb8adb2e51eabc8964e03593,https://data.sec.gov/submissions/CIK0001045810.json
4039082,companyfacts_0001045810,gzip,application/json,200,2026-08-13T06:46:46.602240+00:00,93edcffe24f55d08284ff1736e41aa1a8e743ab6e4a6eea52cb8e9392b0ae6be,https://data.sec.gov/api/xbrl/companyfacts/CIK0001045810.json
200506,submissions_0000320193_CIK0000320193-submissions-001,gzip,application/json,200,2026-08-13T06:46:47.852683+00:00,83dea6790a6df2596b6fe8774fe80e9959cce905952c4a658902ad059d6389a5,https://data.sec.gov/submissions/CIK0000320193-submissions-001.json
164531,submissions_0000320193,gzip,application/json,200,2026-08-13T06:46:47.498758+00:00,705a5cb6e9c7b8b2490a0cdac53645cbfbfe6401e4042c36717eeecf5c175d9c,https://data.sec.gov/submissions/CIK0000320193.json
3789099,companyfacts_0000320193,gzip,application/json,200,2026-08-13T06:46:48.606653+00:00,73a86c6aedc31f77cac2ea4df5f80f0b3bd7e6eb58bb4e01444fbedf3afb9c43,https://data.sec.gov/api/xbrl/companyfacts/CIK0000320193.json
307278,submissions_0000789019_CIK0000789019-submissions-001,gzip,application/json,200,2026-08-13T06:46:50.082499+00:00,2df35e6cd5c9e53e5422f867ee046695e9e9452b36fa61f93b3f373329d2a2a1,https://data.sec.gov/submissions/CIK0000789019-submissions-001.json
231555,submissions_0000789019_CIK0000789019-submissions-002,gzip,application/json,200,2026-08-13T06:46:50.615450+00:00,94e4c92ec93d32b0cabe823697ee9c2b196b614241c33af804d74ab97946648e,https://data.sec.gov/submissions/CIK0000789019-submissions-002.json
183608,submissions_0000789019,gzip,application/json,200,2026-08-13T06:46:49.604352+00:00,3fdd6b07aa3950609976affbb7e655f7783cb665333b42f76e73a379715aae96,https://data.sec.gov/submissions/CIK0000789019.json
4881196,companyfacts_0000789019,gzip,application/json,200,2026-08-13T06:46:51.765759+00:00,f8aae2965b20ad0df44bdf7ccbedf797d275b6b8dc030154a7a311361bb7246f,https://data.sec.gov/api/xbrl/companyfacts/CIK0000789019.json
158214,submissions_0001730168,gzip,application/json,200,2026-08-13T06:46:52.879484+00:00,da697e3931a5150a2d4bfbfeff9172190f208a9687fdfda3fc84212fb045b0cf,https://data.sec.gov/submissions/CIK0001730168.json
2297600,companyfacts_0001730168,gzip,application/json,200,2026-08-13T06:46:53.389631+00:00,b6399ff9bc3e4047dfe955ad7866ca51208a9f617457e7b917cbfc2effcbc916,https://data.sec.gov/api/xbrl/companyfacts/CIK0001730168.json
305634,submissions_0000858877_CIK0000858877-submissions-001,gzip,application/json,200,2026-08-13T06:46:54.461746+00:00,448c451a86cdfe71adf58a10cd9c6fe64aff1b3b00cedc960646fbb53881c262,https://data.sec.gov/submissions/CIK0000858877-submissions-001.json
82062,submissions_0000858877_CIK0000858877-submissions-002,gzip,application/json,200,2026-08-13T06:46:55.000516+00:00,b2f4e546d5e179fd642fb1da1ae1b80a45860dd744002193492045c959047838,https://data.sec.gov/submissions/CIK0000858877-submissions-002.json
157627,submissions_0000858877,gzip,application/json,200,2026-08-13T06:46:53.881576+00:00,67b6509c8d8f09048e09f02f9c5251e9111eba3a14da8b7b11cf844d3ff9a343,https://data.sec.gov/submissions/CIK0000858877.json
6063886,companyfacts_0000858877,gzip,application/json,200,2026-08-13T06:46:55.973870+00:00,7d45a349ddedf38636c5b2924026bf187c2f9749dbc2aae4b082b54f06d17d61,https://data.sec.gov/api/xbrl/companyfacts/CIK0000858877.json
205642,submissions_0001341439_CIK0001341439-submissions-001,gzip,application/json,200,2026-08-13T06:46:57.427367+00:00,7c6aea3611c9b3ff2f30814a577db4113f875732861a304091e5f509e80fad09,https://data.sec.gov/submissions/CIK0001341439-submissions-001.json
158561,submissions_0001341439,gzip,application/json,200,2026-08-13T06:46:56.935181+00:00,c431ef8d2d24e1fdb729f77094bb9ccfde65ed89458237e10f18236ddb55ee89,https://data.sec.gov/submissions/CIK0001341439.json
3914974,companyfacts_0001341439,gzip,application/json,200,2026-08-13T06:46:58.060411+00:00,60e4f8db39c9a84106bd02677f578db14a54c8bccabcdba2b828e595c32edeca,https://data.sec.gov/api/xbrl/companyfacts/CIK0001341439.json
291816,submissions_0000093410_CIK0000093410-submissions-001,gzip,application/json,200,2026-08-13T06:46:59.376922+00:00,f7674d3364bed418cccabca46e0bbd98fba0fe05295d13982e1660339ec79115,https://data.sec.gov/submissions/CIK0000093410-submissions-001.json
158354,submissions_0000093410,gzip,application/json,200,2026-08-13T06:46:59.009962+00:00,5daab13657803836ab13822bfd3b98f16927e62784ec8e30030fb3e14c6c7ba7,https://data.sec.gov/submissions/CIK0000093410.json
4810683,companyfacts_0000093410,gzip,application/json,200,2026-08-13T06:47:00.133767+00:00,c09b160603412cb45acf1bb9bf3732e531dedfb548afa0e275fd8aefd7ab397e,https://data.sec.gov/api/xbrl/companyfacts/CIK0000093410.json
310096,submissions_0000051143_CIK0000051143-submissions-001,gzip,application/json,200,2026-08-13T06:47:01.618982+00:00,faf3d07141ad9d5d6a6b3a79e13c090a91a69e94cb801496824750c04b684b08,https://data.sec.gov/submissions/CIK0000051143-submissions-001.json
289086,submissions_0000051143_CIK0000051143-submissions-002,gzip,application/json,200,2026-08-13T06:47:02.162853+00:00,15f53be8712b5e02b2296931bb9c5de394004d945115b685c9a5a9e887196729,https://data.sec.gov/submissions/CIK0000051143-submissions-002.json
288625,submissions_0000051143_CIK0000051143-submissions-003,gzip,application/json,200,2026-08-13T06:47:02.670207+00:00,64af0654eb895d5b4e8526f7b69b4e5bd7ba7c4b919c87349804738dc7488895,https://data.sec.gov/submissions/CIK0000051143-submissions-003.json
94312,submissions_0000051143_CIK0000051143-submissions-004,gzip,application/json,200,2026-08-13T06:47:03.177422+00:00,a09859a7c08c09307f03128a9952ec4956a14da18e222b35bd8f50f9891ec81c,https://data.sec.gov/submissions/CIK0000051143-submissions-004.json
168048,submissions_0000051143,gzip,application/json,200,2026-08-13T06:47:01.082283+00:00,e0e5593958185ed32cecec141d71a6aeef02b61ab4ed6e5da1a30b94cd8b3f8b,https://data.sec.gov/submissions/CIK0000051143.json
5650571,companyfacts_0000051143,gzip,application/json,200,2026-08-13T06:47:04.849126+00:00,1660477fa5713e5749c3038cf22b3c776414acfc6e1e721d1772c91101dc5e5c,https://data.sec.gov/api/xbrl/companyfacts/CIK0000051143.json
315911,submissions_0000804328_CIK0000804328-submissions-001,gzip,application/json,200,2026-08-13T06:47:06.054278+00:00,0f84e882f8d7482e6cbbb3965eec02fedd3785a44de9af7d6954feefbbce7d84,https://data.sec.gov/submissions/CIK0000804328-submissions-001.json
313209,submissions_0000804328_CIK0000804328-submissions-002,gzip,application/json,200,2026-08-13T06:47:06.428929+00:00,7fe60cffd88f8fc0a54176ffd8b875e57c5a51b2f7f4c4d548fabbf3a9220577,https://data.sec.gov/submissions/CIK0000804328-submissions-002.json
26405,submissions_0000804328_CIK0000804328-submissions-003,gzip,application/json,200,2026-08-13T06:47:06.851558+00:00,eaf5d86f62a9bacca6be1d2bbac33472e90c1ca17e7767b8e15c0ceb727f2bd3,https://data.sec.gov/submissions/CIK0000804328-submissions-003.json
159539,submissions_0000804328,gzip,application/json,200,2026-08-13T06:47:05.655281+00:00,352e8d09cb92dc811288e08f35fb6fe584ceb50e419f6193f6335a0fc5c1d70e,https://data.sec.gov/submissions/CIK0000804328.json
4357830,companyfacts_0000804328,gzip,application/json,200,2026-08-13T06:47:08.060106+00:00,a466da4777ec1202313896d695272832882fd9875e955bab974ce9185bf4a8e7,https://data.sec.gov/api/xbrl/companyfacts/CIK0000804328.json
319558,submissions_0001163165_CIK0001163165-submissions-001,gzip,application/json,200,2026-08-13T06:47:09.679186+00:00,2574fafb87850d5520a71c0493c88c6153b0403479175e9e581d1e8b03a60cec,https://data.sec.gov/submissions/CIK0001163165-submissions-001.json
88578,submissions_0001163165_CIK0001163165-submissions-002,gzip,application/json,200,2026-08-13T06:47:10.151489+00:00,569e6268e06cddea93d81c962bd3125a9b9af7c1acab9a8aaefccae9469fe5ec,https://data.sec.gov/submissions/CIK0001163165-submissions-002.json
156525,submissions_0001163165,gzip,application/json,200,2026-08-13T06:47:09.098842+00:00,c3c11fde48f2f99c088930c45305ab4f38cf06d91ce7ce73021208937728fc00,https://data.sec.gov/submissions/CIK0001163165.json
4981846,companyfacts_0001163165,gzip,application/json,200,2026-08-13T06:47:11.126855+00:00,cccc8afe3602880e8f2909266e778aa195b42e745da669a801925c593720d2fc,https://data.sec.gov/api/xbrl/companyfacts/CIK0001163165.json
137147,submissions_0001510295_CIK0001510295-submissions-001,gzip,application/json,200,2026-08-13T06:47:12.621648+00:00,31b4bf867f0a54b65530186c6e06e99711d3de13bb41e75f37699db01cd4279d,https://data.sec.gov/submissions/CIK0001510295-submissions-001.json
156762,submissions_0001510295,gzip,application/json,200,2026-08-13T06:47:12.094438+00:00,4fb668fd2dddaefe6efadd9b7783c90d87fd7a51e1e0f91923c5833854e5ce6d,https://data.sec.gov/submissions/CIK0001510295.json
4256473,companyfacts_0001510295,gzip,application/json,200,2026-08-13T06:47:13.219394+00:00,959e8816abb188a8475cc8bdaca0862c7fbe5e3bba650152fcb4f83ea821d849,https://data.sec.gov/api/xbrl/companyfacts/CIK0001510295.json
317553,submissions_0000107263_CIK0000107263-submissions-001,gzip,application/json,200,2026-08-13T06:47:17.961431+00:00,37aecf0ed580789201ecf23b509afb27e681bedcf60b32a6209cd5f452c649e6,https://data.sec.gov/submissions/CIK0000107263-submissions-001.json
50465,submissions_0000107263_CIK0000107263-submissions-002,gzip,application/json,200,2026-08-13T06:47:18.450615+00:00,e76aec4decef92b0d3d59b5c4ef64aabc11df68f5be6a521d8e026081eee80e9,https://data.sec.gov/submissions/CIK0000107263-submissions-002.json
159757,submissions_0000107263,gzip,application/json,200,2026-08-13T06:47:17.340687+00:00,f6fcff795e33b71d9c9a6fac9beec9974651335c98b386c2f79d3e9cf2edddc7,https://data.sec.gov/submissions/CIK0000107263.json
4891102,companyfacts_0000107263,gzip,application/json,200,2026-08-13T06:47:22.358955+00:00,23d9ec196a95c65fc8e1fe8dc6b893b6e67c127dcf5f98076da2c11fe2aaacac,https://data.sec.gov/api/xbrl/companyfacts/CIK0000107263.json
44263,submissions_0001534701_CIK0001534701-submissions-001,gzip,application/json,200,2026-08-13T06:47:23.859329+00:00,a222facd924f2401cf310ad500186db6f318702022c010435eec3464fb26607d,https://data.sec.gov/submissions/CIK0001534701-submissions-001.json
163322,submissions_0001534701,gzip,application/json,200,2026-08-13T06:47:23.292442+00:00,a0176911dbf092e28641e90728de5ef2f55b129075e8b71fbedc3ce946132def,https://data.sec.gov/submissions/CIK0001534701.json
3678031,companyfacts_0001534701,gzip,application/json,200,2026-08-13T06:47:24.721543+00:00,3028219aae0a803439eec9cf0b3d541801320ce121e9d404858405ee31de09e6,https://data.sec.gov/api/xbrl/companyfacts/CIK0001534701.json
251608,submissions_0000087347_CIK0000087347-submissions-001,gzip,application/json,200,2026-08-13T06:47:25.835255+00:00,3011268613cbd39184d83b66fcf2fd9c379418c71988f7bfbc34581e4c7bbe13,https://data.sec.gov/submissions/CIK0000087347-submissions-001.json
159385,submissions_0000087347,gzip,application/json,200,2026-08-13T06:47:25.417619+00:00,90e20e7df11d006c1e40915aaf87ce640ee1a7d4dd65930048243fcc4d124e5b,https://data.sec.gov/submissions/CIK0000087347.json
3892557,companyfacts_0000087347,gzip,application/json,200,2026-08-13T06:47:26.632074+00:00,50de683a74f113fec001e81d22c656dd012f5fe8ab44e7e7494ee02f88e1cbc8,https://data.sec.gov/api/xbrl/companyfacts/CIK0000087347.json
313111,submissions_0000821189_CIK0000821189-submissions-001,gzip,application/json,200,2026-08-13T06:47:28.066321+00:00,49d9c1e2265947c86faa58d45461e2aec0037f9b8b47720e78c65d092880a0b6,https://data.sec.gov/submissions/CIK0000821189-submissions-001.json
92080,submissions_0000821189_CIK0000821189-submissions-002,gzip,application/json,200,2026-08-13T06:47:28.503464+00:00,24a82631cfa220bc9c463c29625d53a5a4952ad218759c9962f0320f6e5919b4,https://data.sec.gov/submissions/CIK0000821189-submissions-002.json
157707,submissions_0000821189,gzip,application/json,200,2026-08-13T06:47:27.568538+00:00,5e342c4de77ddce92d12ad71f415b0ada82b3a9bf07f06456b7dd3ac1b13197d,https://data.sec.gov/submissions/CIK0000821189.json
3514634,companyfacts_0000821189,gzip,application/json,200,2026-08-13T06:47:29.458643+00:00,79f3107794b95507caaecb0a0817c98eca48a6cf6986fa1e01879c164c7b3da3,https://data.sec.gov/api/xbrl/companyfacts/CIK0000821189.json
88422,submissions_0001506307_CIK0001506307-submissions-001,gzip,application/json,200,2026-08-13T06:47:30.763219+00:00,44f211702f5b302fed24d9f26ae90fb6fe37c06ddeea3f52682127ef3b6b39a7,https://data.sec.gov/submissions/CIK0001506307-submissions-001.json
164185,submissions_0001506307,gzip,application/json,200,2026-08-13T06:47:30.279350+00:00,3c5529fa74abd10bf7ac693038197db88d7509fc03a296080cea104f71fc37ec,https://data.sec.gov/submissions/CIK0001506307.json
3840097,companyfacts_0001506307,gzip,application/json,200,2026-08-13T06:47:31.195238+00:00,1a60fc0f9776bfc713f1569c0d588be4a28901044e47de75c24e1a6a9b4369c7,https://data.sec.gov/api/xbrl/companyfacts/CIK0001506307.json
273373,submissions_0000797468_CIK0000797468-submissions-001,gzip,application/json,200,2026-08-13T06:47:32.753139+00:00,531f8e2ae6b686fc63f9469ebb0f80137264ef09e4a3dc13df67f2488aa5dfeb,https://data.sec.gov/submissions/CIK0000797468-submissions-001.json
156643,submissions_0000797468,gzip,application/json,200,2026-08-13T06:47:32.187851+00:00,64826d530963d1179e9a492ee455e21e1d319c2296ce6bf9ff986c3826c8adc3,https://data.sec.gov/submissions/CIK0000797468.json
3830831,companyfacts_0000797468,gzip,application/json,200,2026-08-13T06:47:33.641744+00:00,4b911cbb64fe1b78f022a147470bd4376ebf25ec71897240d6ed85654d8bd410,https://data.sec.gov/api/xbrl/companyfacts/CIK0000797468.json
315432,submissions_0000002488_CIK0000002488-submissions-001,gzip,application/json,200,2026-08-13T06:47:34.911313+00:00,0adb5b293e2b4662971f2152ecf2ee9ecec2c12af430508b7ef2d71165ee5c73,https://data.sec.gov/submissions/CIK0000002488-submissions-001.json
44005,submissions_0000002488_CIK0000002488-submissions-002,gzip,application/json,200,2026-08-13T06:47:35.324177+00:00,6b47cd5bd00428f5eeb1936530ca17bd20e799d269634b630719848e50f5c2fd,https://data.sec.gov/submissions/CIK0000002488-submissions-002.json
163497,submissions_0000002488,gzip,application/json,200,2026-08-13T06:47:34.531091+00:00,ef5ae124ed4927d4279a343fd90740bf2f642ea7aa83aff2bf24ea97dabeb076,https://data.sec.gov/submissions/CIK0000002488.json
3670885,companyfacts_0000002488,gzip,application/json,200,2026-08-13T06:47:40.216920+00:00,c9d1c506d334271b84818fe694b792fa122ce125e5a1a0f0631b15c0e21cad9b,https://data.sec.gov/api/xbrl/companyfacts/CIK0000002488.json
309986,submissions_0001108524_CIK0001108524-submissions-001,gzip,application/json,200,2026-08-13T06:47:46.526091+00:00,fbdd411df9b8ce169fab98a9c65114bca1eb42f337b8e0f989cbf089b845ee55,https://data.sec.gov/submissions/CIK0001108524-submissions-001.json
307007,submissions_0001108524_CIK0001108524-submissions-002,gzip,application/json,200,2026-08-13T06:47:47.128848+00:00,57a305d464ff8cb36adcdbdd9365af46a81bde13c6e33ae6c09b3c342de00921,https://data.sec.gov/submissions/CIK0001108524-submissions-002.json
307471,submissions_0001108524_CIK0001108524-submissions-003,gzip,application/json,200,2026-08-13T06:47:47.869304+00:00,5d11603c191c0cb1ab76b15a1cb7258be521ce0269a00e419200d78aeb1f1b1a,https://data.sec.gov/submissions/CIK0001108524-submissions-003.json
311969,submissions_0001108524_CIK0001108524-submissions-004,gzip,application/json,200,2026-08-13T06:47:48.438679+00:00,8b4dab9c66ca5c4563f414ab1f596619aa276f224f95412e19182c2a74ed55b8,https://data.sec.gov/submissions/CIK0001108524-submissions-004.json
105248,submissions_0001108524_CIK0001108524-submissions-005,gzip,application/json,200,2026-08-13T06:47:49.070467+00:00,9f7b406f4a9ba9427f20ba66c790d69a25898543f719032f0b8f225a476ea6b7,https://data.sec.gov/submissions/CIK0001108524-submissions-005.json
156365,submissions_0001108524,gzip,application/json,200,2026-08-13T06:47:45.841612+00:00,fec572bf941ad9aa543f5aa82c563227a0409486a12f0e1fad9a6e7fde59a911,https://data.sec.gov/submissions/CIK0001108524.json
4664726,companyfacts_0001108524,gzip,application/json,200,2026-08-13T06:48:03.140754+00:00,07c432de58f0536b73226c24d4baed3edf4ad8718c3f736d3d8d1bd657c55d82,https://data.sec.gov/api/xbrl/companyfacts/CIK0001108524.json
5989,submissions_0002115436,gzip,application/json,200,2026-08-13T06:48:10.005801+00:00,6c4b7c84ae3cf7501768f4e2301bbf7009ee5163fe3c57f11400ca9dfe4db49b,https://data.sec.gov/submissions/CIK0002115436.json
77964,companyfacts_0002115436,gzip,application/json,200,2026-08-13T06:48:10.456638+00:00,2719a5e960fbd38d2759a183008267387324a5d705cca2c8c72a6980b3ed199b,https://data.sec.gov/api/xbrl/companyfacts/CIK0002115436.json
