Date,Top5_Smooth_Momentum,Top4_RiskAdjusted_Momentum,Top3_Strict_Leadership,DefensiveAware_Top5,SectorBlend_SPY_QQQ,SectorBalancedCarryForward
2005-01-07,,,,,,
2005-01-14,0.0,0.0,0.0,0.0,0.0,0.0
2005-01-21,0.0,0.0,0.0,0.0,0.0,0.0
2005-01-28,0.0,0.0,0.0,0.0,0.0,0.0
2005-02-04,0.0,0.0,0.0,0.0,0.0,0.0
2005-02-11,0.0,0.0,0.0,0.0,0.0,0.0
2005-02-18,0.0,0.0,0.0,0.0,0.0,0.0
2005-02-25,0.0,0.0,0.0,0.0,0.0,0.0
2005-03-04,0.0,0.0,0.0,0.0,0.0,0.0
2005-03-11,0.0,0.0,0.0,0.0,0.0,0.0
2005-03-18,0.0,0.0,0.0,0.0,0.0,0.0
2005-03-25,0.0,0.0,0.0,0.0,0.0,0.0
2005-04-01,0.0,0.0,0.0,0.0,0.0,0.0
2005-04-08,0.0,0.0,0.0,0.0,0.0,0.0
2005-04-15,0.0,0.0,0.0,0.0,0.0,0.0
2005-04-22,0.0,0.0,0.0,0.0,0.0,0.0
2005-04-29,0.0,0.0,0.0,0.0,0.0,0.0
2005-05-06,0.0,0.0,0.0,0.0,0.0,0.0
2005-05-13,0.0,0.0,0.0,0.0,0.0,0.0
2005-05-20,0.0,0.0,0.0,0.0,0.0,0.0
2005-05-27,0.0,0.0,0.0,0.0,0.0,0.0
2005-06-03,0.0,0.0,0.0,0.0,0.0,0.0
2005-06-10,0.0,0.0,0.0,0.0,0.0,0.0
2005-06-17,0.0,0.0,0.0,0.0,0.0,0.0
2005-06-24,0.0,0.0,0.0,0.0,0.0,0.0
2005-07-01,0.0,0.0,0.0,0.0,0.0,0.0
2005-07-08,1.0,0.0,0.0,0.0,0.0,0.0
2005-07-15,0.2,0.0,0.0,0.0,0.0,0.0
2005-07-22,0.2,0.0,0.0,0.0,0.0,0.0
2005-07-29,0.0,0.0,0.0,0.0,0.0,0.0
2005-08-05,0.2,0.0,0.0,0.0,0.0,0.0
2005-08-12,0.2,0.0,0.0,0.0,0.0,0.0
2005-08-19,0.2,0.0,0.0,0.0,0.0,0.0
2005-08-26,0.0,0.0,0.0,0.0,0.0,0.0
2005-09-02,0.0,0.0,0.0,0.0,0.0,0.0
2005-09-09,0.0,0.0,0.0,0.0,0.0,0.0
2005-09-16,0.0,0.0,0.0,0.0,0.0,0.0
2005-09-23,0.0,0.0,0.0,0.0,0.0,0.0
2005-09-30,0.0,0.0,0.0,0.0,0.0,0.0
2005-10-07,0.2,0.0,0.0,0.0,0.0,0.0
2005-10-14,0.0,0.0,0.0,0.0,0.0,0.0
2005-10-21,0.2,0.0,0.0,0.0,0.0,0.0
2005-10-28,0.0,1.0,1.0,1.0,0.0,1.0
2005-11-04,0.0,0.30307061163762145,0.0,0.2,0.9999999999999999,0.001584752222281112
2005-11-11,0.0,0.3030706116376215,0.3333333333333333,0.2,0.13999999999999999,0.008255881142079674
2005-11-18,0.2,0.3076446831553713,0.0,0.0,0.0,0.003647523116660889
2005-11-25,0.0,0.008988979729721049,0.0,0.0,0.0,0.003613943585083261
2005-12-02,0.0,0.1767125875272735,0.3333333333333333,0.0,0.0,0.21252601342505706
2005-12-09,0.0,0.0013541597331820504,0.0,0.2,0.13999999999999999,0.0006955231161783065
2005-12-16,0.0,0.005564672972522944,0.3333333333333333,0.0,0.0,0.0008260885711978971
2005-12-23,0.0,0.29735960830639274,0.0,0.2,0.13999999999999999,0.013058318799972518
2005-12-30,0.0,0.2909866970033982,0.0,0.0,0.0,0.002620769821555069
2006-01-06,0.0,0.0198371546175527,0.3333333333333333,0.2,0.13999999999999999,0.01521360486772836
2006-01-13,0.0,0.0115304405178418,0.0,0.0,0.0,0.009947345762513805
2006-01-20,0.2,0.5479739346164008,0.3333333333333333,0.2,0.13999999999999999,0.016869118073856902
2006-01-27,0.2,0.35,0.9999999999999999,0.2,0.9999999999999999,0.012331767889186024
2006-02-03,0.2,0.2870296393061983,0.9999999999999999,0.2,1.0,0.016041527124778243
2006-02-10,0.0,0.25169242538385195,0.9999999999999999,0.0,0.0,0.003229323646124424
2006-02-17,0.0,0.008655638731361465,0.9999999999999999,0.0,0.0,0.008170218499363752
2006-02-24,0.0,0.006538029625835315,0.0,0.0,0.0,0.008110695470469595
2006-03-03,0.0,0.003486605294236972,0.3333333333333333,0.0,0.0,0.006557047970524504
2006-03-10,0.2,0.005762025331825127,0.0,0.2,0.13999999999999999,0.25
2006-03-17,0.2,0.014469929180649141,0.0,0.2,0.13999999999999999,0.003877704231566803
2006-03-24,0.0,0.0039860718886060575,0.0,0.0,0.0,0.003291389926637814
2006-03-31,0.0,0.005166357868730903,0.0,0.0,0.0,0.0041423942459190705
2006-04-07,0.0,0.008576754694979344,0.0,0.2,0.13999999999999999,0.009104232332575249
2006-04-14,0.0,0.006004052058976014,0.3333333333333333,0.0,0.0,0.004434946656245886
2006-04-21,0.0,0.19239690801284148,0.0,0.0,0.0,0.007465447344170428
2006-04-28,0.0,0.30034554525373286,0.0,0.0,0.0,0.0064877098644601505
2006-05-05,0.2,0.3003455452537329,0.0,0.0,0.0,0.009745485487087105
2006-05-12,0.0,0.20456053012530334,0.9999999999999999,0.0,1.0,0.2015258302256611
2006-05-19,0.0,0.009040869082219197,0.0,0.0,0.0,0.00900517793449973
2006-05-26,0.0,0.35,0.0,0.2,0.0,0.003419090861080998
2006-06-02,0.0,0.35,0.0,0.2,0.0,0.0016852972602327543
2006-06-09,0.0,0.5307244971880428,0.0,0.2,0.0,0.014704537731250106
2006-06-16,0.0,0.2739216444888445,0.0,0.2,0.0,0.001408578850365258
2006-06-23,0.2,0.35,0.0,0.0,0.0,0.2523515917699358
2006-06-30,0.0,0.2562021075497536,0.0,0.0,0.0,0.0017432238722614457
2006-07-07,0.0,0.003564070973650635,0.0,0.0,0.0,0.00495363649705341
2006-07-14,0.2,0.0018786841192958287,0.0,0.2,0.0,0.2504249699235426
2006-07-21,0.4,0.24865327052522035,0.0,0.4,0.0,0.296985441653035
2006-07-28,0.0,0.005005017996345562,0.0,0.19999999999999998,0.0,0.10516556552641712
2006-08-04,0.0,0.004761406689866271,0.0,0.0,0.0,0.005481367448795106
2006-08-11,0.0,0.2493907522570431,0.0,0.0,0.0,0.008860553928788623
2006-08-18,0.0,0.24010029919575482,0.0,0.0,0.0,0.006900166612200644
2006-08-25,0.0,0.2674697340579831,0.0,0.2,0.0,0.0005913522711943203
2006-09-01,0.0,0.002681415234412704,0.0,0.2,0.0,0.001827251474355647
2006-09-08,0.0,0.010077300004340525,0.0,0.2,0.0,0.22225399542126673
2006-09-15,0.0,0.004582011543655687,0.0,0.2,0.0,0.006356760542822595
2006-09-22,0.0,0.25534524691355287,0.0,0.0,0.0,0.0058730443127740645
2006-09-29,0.0,0.23936031378330147,0.0,0.0,0.0,0.007231758061260016
2006-10-06,0.0,0.20174041491934336,0.0,0.2,0.0,0.01168492278395522
2006-10-13,0.0,0.0043469759826888915,0.9999999999999999,0.2,0.9999999999999998,0.005084036374673917
2006-10-20,0.0,0.010385396209476802,0.9999999999999999,0.2,0.9999999999999998,0.008669809951463991
2006-10-27,0.0,0.24565311343506224,0.9999999999999999,0.2,0.9999999999999998,0.004248911611141659
2006-11-03,0.0,0.011646285918044993,0.9999999999999999,0.2,0.9999999999999998,0.011200446707758771
2006-11-10,0.2,0.35,0.9999999999999999,0.2,0.9999999999999998,0.01692793586730261
2006-11-17,0.0,0.3484260890160671,0.0,0.0,0.0,0.007483545045256848
2006-11-24,0.2,0.3484260890160671,0.0,0.2,0.13999999999999999,0.25
2006-12-01,0.0,0.0025688665800376875,0.0,0.2,0.13999999999999999,0.2218639198613261
2006-12-08,0.0,0.23381073475998232,0.3333333333333333,0.2,0.13999999999999999,0.009825599938735663
2006-12-15,0.0,0.25670607761048886,0.9999999999999999,0.2,0.13999999999999999,0.007298546379940929
2006-12-22,0.0,0.20771989645565686,0.9999999999999999,0.0,0.0,0.00481109298540662
2006-12-29,0.0,0.004027166863879536,0.0,0.2,0.13999999999999999,0.005557169761095257
2007-01-05,0.0,0.3245491790425787,0.3333333333333333,0.2,0.13999999999999999,0.006466357960378255
2007-01-12,0.2,0.28516395889979523,0.0,0.2,0.13999999999999999,0.020566961886933938
2007-01-19,0.0,0.19815046300123873,0.3333333333333333,0.0,0.0,0.24999999999999994
2007-01-26,0.0,0.35000000000000003,0.0,0.0,0.0,0.009782637137000672
2007-02-02,0.0,0.002538319443659995,0.0,0.2,0.13999999999999999,0.001956302831738782
2007-02-09,0.0,0.3364777471444751,0.0,0.2,0.13999999999999999,0.010123396562018952
2007-02-16,0.0,0.3079415936789994,0.0,0.2,0.13999999999999999,0.021815414536732455
2007-02-23,0.0,0.22359022690367802,0.0,0.2,0.13999999999999999,0.013977690115669975
2007-03-02,0.0,0.28759959758460735,0.3333333333333333,0.0,0.0,0.009666320427236932
2007-03-09,0.0,0.0010841103328797924,0.9999999999999999,0.0,0.9999999999999998,0.0011179223226093354
2007-03-16,0.2,0.24711194385641239,0.9999999999999999,0.0,0.9999999999999998,0.2434036456400424
2007-03-23,0.0,0.005841932769619404,0.9999999999999999,0.2,0.9999999999999998,0.005845378290038908
2007-03-30,0.2,0.30380880331777793,0.9999999999999999,0.0,0.9999999999999999,0.0033241195869104234
2007-04-06,0.0,0.17085127589847163,0.9999999999999999,0.2,0.9999999999999999,0.006986906121608197
2007-04-13,0.2,0.0027575664345392825,0.9999999999999999,0.2,0.9999999999999999,0.25
2007-04-20,0.2,0.010983975996939732,0.0,0.0,0.0,0.23037023769790244
2007-04-27,0.0,0.29833252891682893,0.0,0.2,0.13999999999999999,0.14593852899337456
2007-05-04,0.0,0.2682297079957529,0.0,0.0,0.0,0.00406145488389055
2007-05-11,0.0,0.00399228357856482,0.0,0.0,0.0,0.0025104291653766375
2007-05-18,0.0,0.22031984164354423,0.0,0.0,0.0,0.0081140059735159
2007-05-25,0.0,0.049460151876320205,0.0,0.0,0.0,0.0073705573526137574
2007-06-01,0.0,0.23703145738654155,0.3333333333333333,0.2,0.13999999999999999,0.007816351531872101
2007-06-08,0.0,0.25237127294986095,0.0,0.2,0.13999999999999999,0.011549165378219178
2007-06-15,0.0,0.006245822862118319,0.9999999999999999,0.0,0.9999999999999999,0.004684367146588708
2007-06-22,0.2,0.3153514503391066,0.9999999999999999,0.0,0.9999999999999999,0.018988746722237354
2007-06-29,0.0,0.002927921129419142,0.9999999999999999,0.0,0.9999999999999999,0.0016405015918359578
2007-07-06,0.2,0.012726428156612776,0.0,0.2,0.0,0.00956945158104043
2007-07-13,0.0,0.0024779702763123718,0.0,0.0,0.0,0.004259576331199513
2007-07-20,0.0,0.012962418360708314,0.0,0.0,0.0,0.004875091375581939
2007-07-27,0.2,0.03986816170015531,0.0,0.2,0.0,0.24425665559579884
2007-08-03,0.0,0.00750396797314945,0.0,0.0,0.0,0.005627975979862129
2007-08-10,0.0,0.31404385372466104,0.0,0.0,0.0,0.002045975362639299
2007-08-17,0.2,0.0033604936903316035,0.0,0.2,0.0,0.16249966436254265
2007-08-24,0.0,0.00874990293581654,0.0,0.2,0.0,0.007422713376957379
2007-08-31,0.0,0.022391953426426095,0.0,0.0,0.0,0.02670025841009134
2007-09-07,0.0,0.30563652279126297,0.0,0.2,0.0,0.0030098721528465655
2007-09-14,0.0,0.3025410766939932,0.0,0.2,0.0,0.0024049892366602987
2007-09-21,0.0,0.01979212986802059,0.0,0.2,0.0,0.009561211285380247
2007-09-28,0.0,0.009014722030687969,0.0,0.2,0.0,0.006742098632317006
2007-10-05,0.0,0.3119680258548135,0.0,0.2,0.0,0.002489165438307378
2007-10-12,0.0,0.315303479434237,0.0,0.2,0.0,0.0012808322377716591
2007-10-19,0.0,0.010342538026083134,0.0,0.0,0.0,0.14365360096464602
2007-10-26,0.0,0.2442887353456567,0.0,0.2,0.0,0.0064195222912253325
2007-11-02,0.0,0.0025325903305596364,0.0,0.2,0.0,0.0022053915823708192
2007-11-09,0.0,0.29811677819228444,0.0,0.2,0.0,0.039499044394555705
2007-11-16,0.0,0.2542672603407252,0.0,0.2,0.0,0.002706759230022268
2007-11-23,0.2,0.2046977214361778,0.0,0.4,0.0,0.3851173449393183
2007-11-30,0.0,0.27892451940164076,0.0,0.4,0.0,0.15585070607623586
2007-12-07,0.0,0.008929430853097983,0.0,0.2,0.0,0.010834577208619064
2007-12-14,0.0,0.28057953062035723,0.0,0.0,0.0,0.005786455812194155
2007-12-21,0.0,0.010415817523823298,0.0,0.0,0.0,0.010277394147020849
2007-12-28,0.0,0.0014231254095292412,0.0,0.0,0.0,0.001486778840281755
2008-01-04,0.2,0.22851672173000837,0.0,0.4,0.0,0.3601296779351806
2008-01-11,0.0,0.26099530418387695,0.0,0.25000000000000006,0.0,0.25006992353931823
2008-01-18,0.0,0.9999999999999999,0.0,1.0,0.0,1.0
2008-01-25,0.0,0.0,0.0,0.0,0.0,0.0
2008-02-01,0.0,1.0,0.0,1.0,0.0,1.0
2008-02-08,0.0,1.0,0.0,1.0,0.0,1.0
2008-02-15,0.0,0.0,0.0,0.0,0.0,0.0
2008-02-22,0.2,1.0,0.0,1.0,0.0,0.9999999999999999
2008-02-29,0.2,1.0,0.0,1.0,0.0,0.9999999999999999
2008-03-07,0.2,0.0,0.0,0.0,0.0,0.0
2008-03-14,0.0,0.0,0.0,0.0,0.0,0.0
2008-03-21,0.2,0.0,0.0,0.0,0.0,0.0
2008-03-28,0.0,0.0,0.0,0.0,0.0,0.0
2008-04-04,0.0,1.0,0.0,1.0,0.0,0.9999999999999999
2008-04-11,0.0,1.0,0.0,1.0,0.0,0.9999999999999999
2008-04-18,0.0,1.0,0.0,1.0,0.0,1.0
2008-04-25,0.0,1.0,0.0,1.0,0.0,1.0
2008-05-02,0.0,1.0,0.0,1.0,0.0,1.0
2008-05-09,0.0,0.0023189302381079746,0.0,0.0,0.0,6.849918344861705e-06
2008-05-16,0.0,0.35,0.0,0.19999999999999998,0.0,0.22324369301638936
2008-05-23,0.2,0.2976582573551857,0.0,0.4000000000000001,0.0,0.4732436930163893
2008-05-30,0.0,0.003923341244560702,0.0,0.0,0.0,0.0
2008-06-06,0.0,1.0,0.0,1.0,0.0,0.9999999999999999
2008-06-13,0.2,0.0,0.0,0.0,0.0,0.0
2008-06-20,0.2,0.0,0.0,0.0,0.0,0.0
2008-06-27,0.0,0.0,0.0,0.0,0.0,0.0
2008-07-04,0.2,0.0,0.0,0.0,0.0,0.0
2008-07-11,0.0,0.0,0.0,0.0,0.0,0.0
2008-07-18,0.2,0.0,0.0,0.0,0.0,0.0
2008-07-25,0.4,0.0,0.0,0.0,0.0,0.0
2008-08-01,0.4,0.0,0.0,0.0,0.0,0.0
2008-08-08,0.4,1.0,0.0,1.0,0.0,1.0
2008-08-15,0.2,2.7755575615628914e-17,0.0,0.0,0.0,0.0
2008-08-22,0.0,1.0,0.0,1.0,0.0,1.0
2008-08-29,0.2,0.0,0.0,0.0,0.0,0.0
2008-09-05,0.4,0.0,0.0,0.0,0.0,0.0
2008-09-12,0.2,1.0,0.0,1.0,0.0,1.0
2008-09-19,0.2,1.0,0.0,1.0,0.0,1.0
2008-09-26,0.2,0.0,0.0,0.0,0.0,0.0
2008-10-03,0.0,0.0,0.0,0.0,0.0,0.0
2008-10-10,0.0,0.0,0.0,0.0,0.0,0.0
2008-10-17,0.4,0.0,0.0,0.0,0.0,0.0
2008-10-24,0.0,0.0,0.0,0.0,0.0,0.0
2008-10-31,0.0,0.0,0.0,0.0,0.0,0.0
2008-11-07,0.0,0.0,0.0,0.0,0.0,0.0
2008-11-14,0.2,0.0,0.0,0.0,0.0,0.0
2008-11-21,0.2,0.0,0.0,0.0,0.0,0.0
2008-11-28,0.2,0.0,0.0,0.0,0.0,0.0
2008-12-05,0.0,0.0,0.0,0.0,0.0,0.0
2008-12-12,0.0,0.0,0.0,0.0,0.0,0.0
2008-12-19,0.0,0.0,0.0,0.0,0.0,0.0
2008-12-26,0.2,0.0,0.0,0.0,0.0,0.0
2009-01-02,0.0,0.0,0.0,0.0,0.0,0.0
2009-01-09,0.2,0.0,0.0,0.0,0.0,0.0
2009-01-16,0.0,0.0,0.0,0.0,0.0,0.0
2009-01-23,0.0,0.0,0.0,0.0,0.0,0.0
2009-01-30,0.2,0.0,0.0,0.0,0.0,0.0
2009-02-06,0.0,0.0,0.0,0.0,0.0,0.0
2009-02-13,0.0,0.0,0.0,0.0,0.0,0.0
2009-02-20,0.2,0.0,0.0,0.0,0.0,0.0
2009-02-27,0.0,0.0,0.0,0.0,0.0,0.0
2009-03-06,0.2,0.0,0.0,0.0,0.0,0.0
2009-03-13,0.0,0.0,0.0,0.0,0.0,0.0
2009-03-20,0.0,0.0,0.0,0.0,0.0,0.0
2009-03-27,0.2,0.0,0.0,0.0,0.0,0.0
2009-04-03,0.4,0.0,0.0,0.0,0.0,0.0
2009-04-10,0.0,0.0,0.0,0.0,0.0,0.0
2009-04-17,0.2,0.0,0.0,0.0,0.0,0.0
2009-04-24,0.4,0.0,0.0,0.0,0.0,0.0
2009-05-01,0.2,0.0,0.0,0.0,0.0,0.0
2009-05-08,0.2,0.0,0.0,0.0,0.0,0.0
2009-05-15,0.2,0.0,0.0,0.0,0.0,0.0
2009-05-22,0.0,0.0,0.0,0.0,0.0,0.0
2009-05-29,0.0,1.0,0.0,1.0,0.0,1.0
2009-06-05,0.0,0.2111822789335274,0.0,0.19999999999999998,0.0,0.16833620013379008
2009-06-12,0.2,0.22485797161109253,0.0,0.0,0.0,0.007664612981726521
2009-06-19,0.2,0.28424384090682925,0.0,0.4,0.0,0.3538047591167254
2009-06-26,0.0,0.002125490411610975,0.0,0.19999999999999998,0.0,0.2146854851629693
2009-07-03,0.2,1.0,0.0,0.9999999999999999,0.0,1.0
2009-07-10,0.2,0.9999999999999999,0.0,1.0,0.0,1.0000000000000002
2009-07-17,0.2,0.003678518339370454,1.0,0.19999999999999998,0.9999999999999999,0.0927343678766689
2009-07-24,0.0,0.004436830475912187,0.0,0.2,0.13999999999999999,0.004980156979638266
2009-07-31,0.0,0.0022929772152545658,1.0,0.2,0.9999999999999998,0.0023531489067143974
2009-08-07,0.0,0.011849607312914096,0.0,0.0,0.0,0.0038979251765730166
2009-08-14,0.0,0.0009194607793156645,0.0,0.0,0.0,0.0008085004398103515
2009-08-21,0.2,0.35,0.0,0.0,0.0,0.25000108898915696
2009-08-28,0.0,0.35,1.0,0.2,0.9999999999999999,0.0018048719241060551
2009-09-04,0.0,0.004529169615038603,0.0,0.0,0.0,0.003984574425095151
2009-09-11,0.0,0.0049965280871073214,0.3333333333333333,0.0,0.0,0.01563331864279184
2009-09-18,0.0,0.35,0.0,0.0,0.0,0.004739124812292904
2009-09-25,0.0,0.35000000000000003,0.0,0.0,0.0,0.003838788268108552
2009-10-02,0.0,0.2570150541813503,0.0,0.0,0.0,0.009087816776238496
2009-10-09,0.0,0.25701505418135034,0.3333333333333333,0.0,0.0,0.0060862235685403415
2009-10-16,0.0,0.000538827951432258,0.0,0.2,0.13999999999999999,0.00011620891256360066
2009-10-23,0.0,0.2676521671013669,0.3333333333333333,0.2,0.13999999999999999,0.0009204309966777541
2009-10-30,0.2,0.16682855209355857,0.0,0.4,0.27999999999999997,0.22570369320312575
2009-11-06,0.2,0.15453942247310193,0.9999999999999999,0.4,0.27999999999999997,0.25000145397319223
2009-11-13,0.0,0.014625487620638047,0.3333333333333333,0.2,0.13999999999999999,0.00655454971828285
2009-11-20,0.2,0.0008655375717834257,0.0,0.2,0.13999999999999999,0.17899774505107457
2009-11-27,0.0,0.0036029396234555228,0.3333333333333333,0.2,0.13999999999999999,0.000992318513617342
2009-12-04,0.0,0.002576036811279145,0.3333333333333333,0.0,0.0,0.003939094450451118
2009-12-11,0.0,0.0016260564392533844,0.3333333333333333,0.0,0.0,5.7721915855714345e-05
2009-12-18,0.2,0.002024539119399163,0.3333333333333333,0.0,0.0,0.003590099452909709
2009-12-25,0.0,0.0023189268692190984,0.3333333333333333,0.2,0.13999999999999999,0.2500002039320342
2010-01-01,0.0,0.0016796976717284168,0.0,0.0,0.0,0.0021023531240862425
2010-01-08,0.2,0.35000000000000003,0.3333333333333333,0.2,0.13999999999999999,0.0018823632152412534
2010-01-15,0.0,0.3499999999999999,0.0,0.2,0.13999999999999999,0.007598280889630195
2010-01-22,0.0,0.2428200885427465,0.3333333333333333,0.2,0.13999999999999999,0.005471359576580695
2010-01-29,0.4,0.002429812348051702,0.0,0.2,0.13999999999999999,0.2500003498116938
2010-02-05,0.2,0.01064664936550598,0.9999999999999999,0.2,0.13999999999999999,0.01706380538632129
2010-02-12,0.0,0.0023139107584016633,0.0,0.0,0.0,0.004057733123265329
2010-02-19,0.0,0.006863804076699842,0.0,0.0,0.0,0.0037132132631534503
2010-02-26,0.0,0.0005899183389986434,0.9999999999999999,0.0,0.0,0.0007111848809034232
2010-03-05,0.0,0.0023665112677962313,0.0,0.2,0.13999999999999999,0.006352492217202632
2010-03-12,0.2,0.29844102749261475,0.0,0.2,0.13999999999999999,0.0024204215198453255
2010-03-19,0.2,0.2919511084486756,0.0,0.4,0.27999999999999997,0.008224348018110728
2010-03-26,0.0,0.2919511084486756,0.0,0.2,0.13999999999999999,0.004814612491644443
2010-04-02,0.0,0.2835977681941946,0.0,0.2,0.13999999999999999,0.22931486372856646
2010-04-09,0.0,0.2835977681941946,0.0,0.2,0.13999999999999999,0.005822788905364876
2010-04-16,0.2,0.0030673044723130843,0.0,0.2,0.13999999999999999,0.0029470614731741673
2010-04-23,0.2,0.005726193217601927,0.0,0.0,0.0,0.256783326382939
2010-04-30,0.0,0.35,0.0,0.2,0.13999999999999999,0.01768668650657057
2010-05-07,0.0,0.29656661224885755,0.0,0.2,0.13999999999999999,0.020944311077883665
2010-05-14,0.0,0.007142844757078298,0.0,0.2,0.13999999999999999,0.006180123171236951
2010-05-21,0.2,0.35,0.9999999999999999,0.4,0.9999999999999998,0.42504544323073895
2010-05-28,0.0,0.35,0.0,0.25000000000000006,0.0,0.25034231664237405
2010-06-04,0.2,0.0022805756176095815,0.0,0.0,0.0,0.0
2010-06-11,0.2,0.0022758757208926894,0.0,0.0,0.0,0.0
2010-06-18,0.0,0.25991663113516944,0.9999999999999999,0.4,0.0,0.444937473351377
2010-06-25,0.2,0.25991663113516944,0.9999999999999999,0.4,0.0,0.444937473351377
2010-07-02,0.2,1.0,0.0,1.0,0.0,0.9999999999999999
2010-07-09,0.0,1.0,0.0,1.0,0.0,1.0
2010-07-16,0.2,1.0,0.0,1.0,0.0,1.0
2010-07-23,0.0,1.0,0.9999999999999999,1.0,0.9999999999999998,1.0
2010-07-30,0.0,0.0005617926475595392,0.9999999999999999,0.2,0.9999999999999998,0.0006811279704418971
2010-08-06,0.0,0.0009558032354614054,0.9999999999999999,0.2,0.9999999999999998,0.0011509397653784587
2010-08-13,0.2,0.0041036952827002565,0.9999999999999999,0.2,0.9999999999999998,0.004418675426584834
2010-08-20,0.0,0.35,0.0,0.19999999999999998,0.0,0.2500000000000001
2010-08-27,0.2,1.0,0.0,1.0,0.0,1.0
2010-09-03,0.0,1.0,0.9999999999999999,1.0,0.0,1.0
2010-09-10,0.0,0.0005065186316455944,0.9999999999999999,0.0,0.0,0.0005287734432112973
2010-09-17,0.0,0.19510841180925545,0.9999999999999999,0.2,0.0,0.000580695309176496
2010-09-24,0.0,0.0007295505211734332,0.0,0.2,0.9999999999999998,0.0016509629785301377
2010-10-01,0.2,0.2089862203942758,0.3333333333333333,0.2,0.9999999999999998,0.0015555355889835115
2010-10-08,0.0,0.0010606002667070263,0.3333333333333333,0.2,0.9999999999999998,0.0014301255534016621
2010-10-15,0.0,0.20864678984902835,0.0,0.0,0.0,0.0017863903105285461
2010-10-22,0.2,0.27834504410264893,0.9999999999999999,0.6,0.9999999999999998,0.41105675639060213
2010-10-29,0.0,0.17899927855933004,0.0,0.4,0.9999999999999999,0.002654598521831572
2010-11-05,0.2,0.4903518265708407,1.0,0.2,0.13999999999999999,0.24835096139451784
2010-11-12,0.0,0.23562768127245215,0.6666666666666666,0.0,0.0,0.2305990462410401
2010-11-19,0.0,0.23073376802959478,0.0,0.2,0.13999999999999999,0.004105202928246204
2010-11-26,0.0,0.0016488117873736247,0.0,0.0,0.0,0.0019210804512266033
2010-12-03,0.0,0.23083105007970633,0.0,0.0,0.0,0.00780887293512976
2010-12-10,0.2,0.004263432480807322,0.0,0.0,0.0,0.17283045777953632
2010-12-17,0.0,0.0012500046748556426,0.0,0.0,0.0,0.0021145795110473486
2010-12-24,0.0,0.009297094567744815,0.0,0.0,0.0,0.00852926294730888
2010-12-31,0.2,0.002639446012834265,0.0,0.0,0.0,0.002655647064836425
2011-01-07,0.0,0.35,0.0,0.0,0.0,0.25000000000000006
2011-01-14,0.0,0.2668748551808817,0.3333333333333333,0.2,0.13999999999999999,0.004979911379401444
2011-01-21,0.0,0.35,0.0,0.0,0.0,0.022042020328131753
2011-01-28,0.0,0.35,0.0,0.2,0.13999999999999999,0.006877038939392871
2011-02-04,0.0,0.006603623246347501,0.0,0.0,0.0,0.005662139587662665
2011-02-11,0.0,0.2604605191376788,0.0,0.0,0.0,0.012233055685301253
2011-02-18,0.0,0.006518663879380118,0.0,0.2,0.13999999999999999,0.006257309980163855
2011-02-25,0.0,0.014015469409799239,0.0,0.0,0.0,0.01352626691722697
2011-03-04,0.0,0.309964372502576,0.3333333333333333,0.2,0.13999999999999999,0.017709119611636417
2011-03-11,0.0,0.35,0.3333333333333333,0.0,0.0,0.019220841407861775
2011-03-18,0.0,0.35000000000000003,0.3333333333333333,0.4,0.27999999999999997,0.01734797504454419
2011-03-25,0.0,0.23779990111848798,0.0,0.2,0.13999999999999999,0.005254884823150174
2011-04-01,0.0,0.32064988876850536,0.0,0.2,0.13999999999999999,0.003186390904218281
2011-04-08,0.2,0.35000000000000003,0.0,0.0,0.0,0.2089753344524877
2011-04-15,0.0,0.28031553752183697,0.3333333333333333,0.0,0.0,0.009814835886749182
2011-04-22,0.0,0.21475912150906715,0.3333333333333333,0.0,0.0,0.0020502383310922467
2011-04-29,0.0,0.21759418413149997,0.0,0.2,0.13999999999999999,0.0024936291093152763
2011-05-06,0.2,0.2192507929715411,0.3333333333333333,0.4,0.27999999999999997,0.02897799708221395
2011-05-13,0.0,0.45948508178655006,0.9999999999999999,0.4,0.27999999999999997,0.2504747495909758
2011-05-20,0.0,0.010024355250089281,0.0,0.0,0.0,0.011971391455124436
2011-05-27,0.2,0.0066994777229503755,0.9999999999999999,0.0,0.0,0.003803392754963955
2011-06-03,0.0,0.015834739194964795,0.0,0.0,0.0,0.011028175044809102
2011-06-10,0.0,0.019238733259965654,0.0,0.0,0.0,0.0156469469342308
2011-06-17,0.0,0.0028552064742784766,0.3333333333333333,0.0,0.0,0.001496527764763722
2011-06-24,0.0,0.010152259989892096,0.0,0.2,0.13999999999999999,0.003954150950430599
2011-07-01,0.0,0.003167475989867663,0.9999999999999999,0.0,0.0,0.018002871672136198
2011-07-08,0.0,0.005023264647465359,0.9999999999999999,0.0,0.0,0.0027628131848244503
2011-07-15,0.2,0.0038548385997985296,0.9999999999999999,0.0,0.0,0.00669628923355195
2011-07-22,0.0,0.0028819459937054898,0.9999999999999999,0.2,0.13999999999999999,0.24999999999999997
2011-07-29,0.0,0.011335599485131742,0.9999999999999999,0.2,0.13999999999999999,0.010053223718031648
2011-08-05,0.2,1.0,0.0,0.9999999999999999,0.9999999999999998,1.0
2011-08-12,0.2,0.0,0.0,0.0,0.0,0.0
2011-08-19,0.2,0.0,0.0,0.0,0.0,0.0
2011-08-26,0.0,0.0,0.0,0.0,0.0,0.0
2011-09-02,0.0,0.0,0.0,0.0,0.0,0.0
2011-09-09,0.2,0.0,0.0,0.0,0.0,0.0
2011-09-16,0.0,1.0,0.0,0.0,0.0,1.0
2011-09-23,0.2,1.0,0.0,0.0,0.0,1.0
2011-09-30,0.0,0.0,0.0,0.0,0.0,0.0
2011-10-07,0.0,0.0,0.0,0.0,0.0,0.0
2011-10-14,0.0,1.0,0.0,1.0,0.0,1.0
2011-10-21,0.0,1.0,0.0,1.0,0.0,1.0
2011-10-28,0.0,0.0,0.0,0.0,0.0,0.0
2011-11-04,0.0,0.0,0.0,0.0,0.0,0.0
2011-11-11,0.0,0.0,0.0,0.0,0.0,0.0
2011-11-18,0.2,0.0,0.0,0.0,0.0,0.0
2011-11-25,0.2,0.0,0.0,0.0,0.0,0.0
2011-12-02,0.0,1.0,0.0,0.0,0.0,0.9999999999999999
2011-12-09,0.0,0.001177017256272228,0.0,0.0,0.0,2.7145326846750306e-06
2011-12-16,0.0,1.0,0.0,0.0,0.0,1.0
2011-12-23,0.2,1.0,0.0,0.9999999999999999,0.0,1.0
2011-12-30,0.2,1.0,0.0,0.9999999999999999,0.0,1.0
2012-01-06,0.0,0.0,0.0,0.0,0.0,0.0
2012-01-13,0.0,1.0,0.0,0.9999999999999999,0.0,0.9999999999999999
2012-01-20,0.0,0.17006637604804198,0.0,0.0,0.0,0.0002568205609472102
2012-01-27,0.0,0.170066376048042,0.0,0.4,0.0,0.0028899682360876006
2012-02-03,0.4,0.3087943169085283,0.9999999999999999,0.2,0.9999999999999998,0.2500000000000001
2012-02-10,0.0,0.19835924383682874,0.9999999999999999,0.2,0.13999999999999999,0.0012076843754291328
2012-02-17,0.2,0.35000000000000003,0.0,0.0,0.9999999999999999,0.25
2012-02-24,0.0,0.0022247771905309216,1.0,0.2,0.9999999999999999,0.0030524844485457364
2012-03-02,0.0,0.0010222265093070143,0.3333333333333333,0.2,0.13999999999999999,0.0011929113119161228
2012-03-09,0.0,0.339891378603765,0.0,0.0,0.0,0.0012624906389629431
2012-03-16,0.0,0.601954199190616,0.3333333333333333,0.2,0.13999999999999999,0.008855628401916699
2012-03-23,0.0,0.35,0.3333333333333333,0.2,0.13999999999999999,0.011516700919417283
2012-03-30,0.0,0.003522787981042455,0.0,0.2,0.13999999999999999,0.004338534331747149
2012-04-06,0.0,0.20300166127755698,0.3333333333333333,0.0,0.0,0.0037865719292374117
2012-04-13,0.0,0.004113926465439038,0.0,0.0,0.0,0.015705934948583078
2012-04-20,0.0,0.0015544637357888386,1.0,0.2,0.13999999999999999,0.0031594830310702066
2012-04-27,0.0,0.013546237131998193,0.9999999999999999,0.2,0.13999999999999999,0.010614387598471872
2012-05-04,0.0,0.23892103508947138,0.9999999999999999,0.0,0.0,0.012630290298701302
2012-05-11,0.2,0.00458811180513527,0.0,0.2,0.9999999999999999,0.0036465755747684125
2012-05-18,0.0,0.019087246068739114,0.0,0.2,0.0,0.00216091847650475
2012-05-25,0.0,0.005452950093316117,0.0,0.2,0.0,0.00429217694214519
2012-06-01,0.2,0.29516110408760515,0.0,0.2,0.0,0.4083482242514186
2012-06-08,0.0,0.009132880985863068,0.0,0.0,0.0,0.0017325287854852156
2012-06-15,0.0,0.0017032004624709246,0.0,0.0,0.0,0.013504526017139154
2012-06-22,0.0,0.009182120561481738,0.0,0.2,0.0,0.012863575301602745
2012-06-29,0.0,0.009181830457992257,0.0,0.2,0.9999999999999998,0.00452879593689641
2012-07-06,0.0,0.019996064512906725,0.9999999999999999,0.0,0.0,0.004283272836396734
2012-07-13,0.0,0.0015902469316319834,0.0,0.0,0.0,0.0020626467423332517
2012-07-20,0.0,0.006012397043790835,0.9999999999999999,0.2,0.13999999999999999,0.0020911474853325257
2012-07-27,0.0,0.0049019299921887055,0.0,0.0,0.0,0.004321780200601616
2012-08-03,0.0,0.004291178568589474,0.0,0.0,0.0,0.004549703906843117
2012-08-10,0.0,0.18580157023336763,0.0,0.0,0.0,0.0036215825660650264
2012-08-17,0.0,0.0066537180479647046,0.0,0.2,0.9999999999999998,0.0008588914838032202
2012-08-24,0.0,0.005550096249977821,0.0,0.2,0.0,0.0007961646240050996
2012-08-31,0.2,0.2804229455139797,0.0,0.0,0.9999999999999999,0.001226522599581753
2012-09-07,0.0,0.003696770403271016,0.0,0.2,0.13999999999999999,0.002331143416221551
2012-09-14,0.2,0.20415465106869987,0.0,0.2,0.13999999999999999,0.004022935282841006
2012-09-21,0.0,0.002505133280191904,0.0,0.4,0.27999999999999997,0.005236809338031986
2012-09-28,0.2,0.01140196479316169,0.0,0.0,0.0,0.010046445419053154
2012-10-05,0.0,0.2868680821854463,0.0,0.2,0.13999999999999999,0.14975542137273287
2012-10-12,0.0,0.18432745168845463,0.0,0.0,0.0,0.009902212658571177
2012-10-19,0.2,0.14474616558926842,0.0,0.0,0.0,0.1842404932800305
2012-10-26,0.0,0.30727074831566803,0.9999999999999999,0.0,0.0,0.0029272150659673674
2012-11-02,0.0,0.004455477296193583,0.9999999999999999,0.2,0.13999999999999999,0.0015508556651292887
2012-11-09,0.2,0.32962004801697076,0.0,0.4,0.27999999999999997,0.19059123096389974
2012-11-16,0.2,0.30956056260326487,0.0,0.19999999999999998,0.9999999999999998,0.19059123096389974
2012-11-23,0.0,0.014288445761920426,0.9999999999999999,0.4,0.9999999999999999,0.14733222556615572
2012-11-30,0.0,0.007614520426206903,0.0,0.0,0.0,0.005746939638272525
2012-12-07,0.0,0.0041200727019718025,0.0,0.2,0.13999999999999999,0.004954706188636235
2012-12-14,0.0,0.2431013937672049,0.9999999999999999,0.2,0.13999999999999999,0.005328680458498006
2012-12-21,0.2,0.28758812023306024,1.0,0.4,0.27999999999999997,0.008258213215656257
2012-12-28,0.0,0.31061687807062993,0.3333333333333333,0.2,0.13999999999999999,0.010265438162049792
2013-01-04,0.0,0.01033068415105165,0.3333333333333333,0.2,0.13999999999999999,0.010078750021638175
2013-01-11,0.0,0.0018097449872966492,0.0,0.2,0.13999999999999999,0.24185617650566207
2013-01-18,0.0,0.30305500435997956,0.3333333333333333,0.0,0.0,0.006496524439315157
2013-01-25,0.0,0.005045893483525576,0.0,0.0,0.0,0.0036613834863252898
2013-02-01,0.0,0.003978324024085184,0.3333333333333333,0.2,0.13999999999999999,0.0014655826727478366
2013-02-08,0.0,0.0011935671263976627,0.3333333333333333,0.2,0.13999999999999999,0.0026286379268323085
2013-02-15,0.0,0.0016806265851744273,0.0,0.2,0.13999999999999999,0.0012069405736105238
2013-02-22,0.2,0.2828507809791882,0.3333333333333333,0.2,0.13999999999999999,0.003366294241290785
2013-03-01,0.0,0.0026117527051807282,0.0,0.0,0.0,0.0028246674842734576
2013-03-08,0.0,0.28300649395853794,0.3333333333333333,0.0,0.0,0.003383061536741047
2013-03-15,0.0,0.005699450033725684,0.3333333333333333,0.2,0.13999999999999999,0.008655277056971153
2013-03-22,0.0,0.2725261842900687,0.0,0.0,0.0,0.0025059940493632332
2013-03-29,0.0,0.00815243645390519,0.3333333333333333,0.0,0.0,0.008351412246532477
2013-04-05,0.2,0.47454617872321614,0.9999999999999999,0.4,0.27999999999999997,0.013113519206049348
2013-04-12,0.0,0.21762478729863183,0.0,0.0,0.0,0.00395649654745886
2013-04-19,0.0,0.218427531008871,0.0,0.0,0.0,0.011449784388801898
2013-04-26,0.0,0.016671361973385104,0.0,0.0,0.9999999999999998,0.0030285225285879847
2013-05-03,0.0,0.0031704044048495167,0.0,0.0,0.0,0.001520533086376008
2013-05-10,0.0,0.21606757254935038,0.0,0.2,0.9999999999999998,0.008409897853555198
2013-05-17,0.0,0.2004241419932199,0.9999999999999999,0.0,0.0,0.23293230732552161
2013-05-24,0.0,0.2996174971178081,0.0,0.2,0.13999999999999999,0.008852587845333576
2013-05-31,0.2,0.2911627580048376,0.0,0.2,0.13999999999999999,0.03617920558633585
2013-06-07,0.0,0.0008064927439489361,0.0,0.2,0.13999999999999999,0.0018857040607733605
2013-06-14,0.0,0.25959402084495187,0.0,0.0,0.0,0.008552477121726854
2013-06-21,0.0,0.01049660807316627,0.9999999999999999,0.0,0.9999999999999998,0.01016481858285248
2013-06-28,0.0,0.011684502941684771,0.0,0.0,0.0,0.010113225667013961
2013-07-05,0.0,0.2614068133262622,0.0,0.0,0.0,0.009258304926163918
2013-07-12,0.0,0.007212186831561954,0.9999999999999999,0.0,0.9999999999999998,0.00994134640255416
2013-07-19,0.0,0.0016162064432211354,0.3333333333333333,0.2,0.13999999999999999,0.0021624260812520696
2013-07-26,0.0,0.003957257784233156,0.3333333333333333,0.0,0.0,0.004538089517272956
2013-08-02,0.0,0.0051546891754687685,0.0,0.2,0.13999999999999999,0.004414027678692742
2013-08-09,0.0,0.002920556447321365,0.0,0.0,0.0,0.004138137577741036
2013-08-16,0.2,0.021344980661307703,0.9999999999999999,0.2,0.9999999999999998,0.018908233127446147
2013-08-23,0.0,0.003446222947498953,0.0,0.2,0.0,0.003434198896536275
2013-08-30,0.0,0.009472603139525096,0.0,0.2,0.0,0.00840994455045728
2013-09-06,0.0,0.00835534594437605,0.0,0.0,0.0,0.00759325153771688
2013-09-13,0.0,0.005301696452039845,0.0,0.2,0.0,0.004986113021275884
2013-09-20,0.0,0.2520677984907872,0.9999999999999999,0.0,0.9999999999999998,0.004484285387737957
2013-09-27,0.0,0.0018709950280177412,0.9999999999999999,0.0,0.9999999999999998,0.004082157970140249
2013-10-04,0.0,0.007471144328432294,0.9999999999999999,0.2,0.9999999999999999,0.004408422852979765
2013-10-11,0.0,0.0137309408330481,0.9999999999999999,0.2,0.13999999999999999,0.010684553232809063
2013-10-18,0.0,0.5199749882128533,0.0,0.2,0.13999999999999999,0.01967729788050264
2013-10-25,0.0,0.2529237280675959,0.9999999999999999,0.0,0.0,0.003947854807550749
2013-11-01,0.0,0.26709880120782203,0.9999999999999999,0.2,0.9999999999999999,0.005424534014023569
2013-11-08,0.0,0.2852731482186188,0.0,0.0,0.0,0.004341579188178166
2013-11-15,0.2,0.2852731482186188,0.9999999999999999,0.2,0.9999999999999999,0.012316324524729791
2013-11-22,0.0,0.0069801271021799755,0.0,0.0,0.0,0.005906261980226507
2013-11-29,0.0,0.28741376053118073,0.0,0.2,0.13999999999999999,0.019714496574268797
2013-12-06,0.0,0.0013820288416437343,0.0,0.0,0.0,0.002957215858972226
2013-12-13,0.0,0.012655796928056962,0.9999999999999999,0.0,0.9999999999999998,0.015757859668639476
2013-12-20,0.0,0.25295470771613887,0.9999999999999999,0.0,0.9999999999999998,0.011401948986539553
2013-12-27,0.0,0.0057336657474685165,0.3333333333333333,0.0,0.0,0.0045073050135535225
2014-01-03,0.0,0.006680570126319216,0.3333333333333333,0.0,0.0,0.007125162411249247
2014-01-10,0.0,0.23957481869181693,0.3333333333333333,0.0,0.0,0.012523068884061683
2014-01-17,0.0,0.007846461360071402,0.3333333333333333,0.0,0.0,0.008752949726700404
2014-01-24,0.0,0.027417573636361214,0.0,0.0,0.0,0.018277258540356126
2014-01-31,0.0,0.005135472757643922,0.9999999999999999,0.2,0.9999999999999998,0.2430934748010744
2014-02-07,0.0,0.0037923641978143963,0.0,0.2,0.0,0.004486018343239445
2014-02-14,0.0,0.016538210451220392,0.9999999999999999,0.2,0.9999999999999999,0.020424449455759136
2014-02-21,0.0,0.0013390842592174018,0.0,0.2,0.13999999999999999,0.0015776992477705698
2014-02-28,0.0,0.01221004630806033,0.3333333333333333,0.2,0.13999999999999999,0.016421273047901058
2014-03-07,0.0,0.001611585864614365,0.9999999999999999,0.2,0.13999999999999999,0.007290875302317021
2014-03-14,0.0,0.24724244670291906,0.0,0.4,0.27999999999999997,0.00836906565215699
2014-03-21,0.2,0.00856936929874931,0.0,0.2,0.9999999999999998,0.012215734276535509
2014-03-28,0.0,0.22811350093112306,0.0,0.2,0.0,0.209087890491021
2014-04-04,0.0,0.002576811586812333,0.0,0.2,0.0,0.0016800344554765423
2014-04-11,0.0,0.3105876898702441,0.0,0.2,0.0,0.20360484992258848
2014-04-18,0.2,0.24302574678320113,0.0,0.2,0.0,0.009861890980817425
2014-04-25,0.2,0.0037633242017997004,0.0,0.0,0.0,0.0031500171088385126
2014-05-02,0.0,0.006685061044431728,0.0,0.0,0.0,0.006357531814611642
2014-05-09,0.0,0.042563677371060954,0.0,0.2,0.9999999999999999,0.0010285010456666938
2014-05-16,0.0,0.0038098910634453143,0.0,0.2,0.13999999999999999,0.003566347593410832
2014-05-23,0.0,0.22768816663482166,0.9999999999999999,0.2,0.13999999999999999,0.005290557088537345
2014-05-30,0.0,0.2244272451036271,0.3333333333333333,0.0,0.0,0.0026526183343638793
2014-06-06,0.0,0.005548428893688992,0.0,0.0,0.0,0.0034127167625912364
2014-06-13,0.0,0.2914169902802041,0.0,0.0,0.0,0.013238203885271513
2014-06-20,0.0,0.2936672267270409,0.0,0.2,0.13999999999999999,0.01496665454581364
2014-06-27,0.0,0.29366722672704093,0.0,0.2,0.13999999999999999,0.005759015028875922
2014-07-04,0.2,0.22808206389447305,0.9999999999999999,0.0,0.0,0.013203192890011442
2014-07-11,0.0,0.010834076576171317,1.0,0.2,0.13999999999999999,0.008384340632627205
2014-07-18,0.0,0.28809056828388246,0.0,0.2,0.13999999999999999,0.18991168428684382
2014-07-25,0.0,0.2880905682838825,0.0,0.2,0.13999999999999999,0.023710592902253205
2014-08-01,0.2,0.24212671188389012,0.0,0.0,0.0,0.24881514744458222
2014-08-08,0.0,0.23923051777760782,1.0,0.0,0.9999999999999999,0.002288479169483451
2014-08-15,0.0,0.24128567783946764,0.0,0.0,0.9999999999999999,0.007879117999011254
2014-08-22,0.0,0.2772452063001145,0.0,0.2,0.13999999999999999,0.0044346591060114016
2014-08-29,0.0,0.2772452063001145,0.0,0.0,0.0,0.005185865584268132
2014-09-05,0.0,0.2810370580455379,0.0,0.2,0.13999999999999999,0.004347736273199135
2014-09-12,0.2,0.2782388998108102,0.9999999999999999,0.6,0.42,0.22061381127958035
2014-09-19,0.2,0.018084915752272654,0.9999999999999999,0.2,0.13999999999999999,0.23143266904674875
2014-09-26,0.0,0.23093781246884015,0.0,0.0,0.9999999999999999,0.007008920469682184
2014-10-03,0.2,0.2309378124688402,0.0,0.2,0.0,0.020898942869706102
2014-10-10,0.0,0.042136510855227835,0.0,0.0,0.0,0.20209702233643317
2014-10-17,0.0,0.456933755186982,0.0,0.2,0.0,0.02223501453437053
2014-10-24,0.0,0.26150103634332394,0.0,0.0,0.0,0.030758235110277463
2014-10-31,0.0,0.23752627595727102,0.0,0.2,0.0,0.00944420525261365
2014-11-07,0.0,0.007482215386223248,0.0,0.2,0.0,0.006464968972716659
2014-11-14,0.0,0.24749986866182158,0.0,0.0,0.0,0.009296591168166779
2014-11-21,0.0,0.2474998686618216,0.0,0.0,0.0,0.003234934728565092
2014-11-28,0.0,0.2503812192161643,0.9999999999999999,0.2,0.9999999999999998,0.004139724521265473
2014-12-05,0.0,0.004911352106432884,0.9999999999999999,0.2,0.9999999999999998,0.004480993102327788
2014-12-12,0.0,0.5019354153173409,0.0,0.2,0.0,0.014667520076092302
2014-12-19,0.0,0.003388606542110831,0.0,0.0,0.0,0.006462290694486492
2014-12-26,0.0,0.23783232445754848,0.0,0.2,0.0,0.009775655903589711
2015-01-02,0.2,0.014067434171607537,0.0,0.2,0.0,0.014395460439134769
2015-01-09,0.0,0.2392098380464942,0.0,0.2,0.0,0.004340406695515761
2015-01-16,0.0,0.006247823490720547,0.0,0.0,0.0,0.007569242772856283
2015-01-23,0.2,0.002075216806302918,0.0,0.0,0.0,0.005653292745804048
2015-01-30,0.0,0.00870633847367594,0.0,0.0,0.0,0.007968257535050677
2015-02-06,0.0,0.24611005895474372,0.0,0.0,0.0,0.02008052689473787
2015-02-13,0.2,0.005686483422564878,0.0,0.2,0.0,0.010000223188819324
2015-02-20,0.0,0.0037233222742038413,0.0,0.0,0.0,0.0031464019391827386
2015-02-27,0.0,0.004337264447025951,0.0,0.0,0.9999999999999998,0.20543009100304732
2015-03-06,0.0,0.015216651798860822,0.9999999999999999,0.0,0.0,0.20257897222004584
2015-03-13,0.0,0.02947545311231055,0.9999999999999999,0.2,0.9999999999999998,0.026944611158827472
2015-03-20,0.0,0.023146932827186245,0.9999999999999999,0.2,0.9999999999999998,0.021511864862359856
2015-03-27,0.0,0.009098595288490413,0.0,0.0,0.0,0.007846173603047832
2015-04-03,0.0,0.0025167302203244063,0.9999999999999999,0.0,0.9999999999999998,0.002181032919266912
2015-04-10,0.0,0.24576634607851172,0.0,0.2,0.0,0.021178840768276766
2015-04-17,0.2,0.22783714983390563,0.0,0.2,0.0,0.010808249702733516
2015-04-24,0.0,0.023980897013902464,0.0,0.2,0.0,0.02043096375933226
2015-05-01,0.0,0.29768670240684125,0.9999999999999999,0.0,0.9999999999999998,0.00684901589870314
2015-05-08,0.0,0.00043669869938228745,0.3333333333333333,0.0,0.0,0.005086605488355281
2015-05-15,0.0,0.3014034628300475,0.0,0.2,0.13999999999999999,0.002919306049557119
2015-05-22,0.0,0.3014034628300475,0.0,0.2,0.13999999999999999,0.0016873024495674405
2015-05-29,0.0,0.003672958548799052,0.0,0.2,0.13999999999999999,0.19179916212950915
2015-06-05,0.2,0.0018941726234049938,0.9999999999999999,0.0,0.9999999999999998,0.24366626148794662
2015-06-12,0.0,0.24597701719833012,0.0,0.0,0.0,0.022474808177599725
2015-06-19,0.0,0.2483342351995384,0.0,0.0,0.0,0.0237776184326126
2015-06-26,0.0,0.23913596187843955,0.0,0.0,0.0,0.007191960260237412
2015-07-03,0.0,0.2657872278093723,0.0,0.2,0.0,0.23784015892960425
2015-07-10,0.2,0.27631480944625275,0.0,0.0,0.0,0.009736339672621552
2015-07-17,0.0,0.2763148094462527,0.0,0.0,0.0,0.012284557319731229
2015-07-24,0.0,0.2742251583261256,0.0,0.0,0.0,0.008939820647546531
2015-07-31,0.0,0.02126687119525461,0.0,0.0,0.0,0.018455521538097985
2015-08-07,0.0,0.04100536852980792,0.0,0.0,0.0,0.03653267622180259
2015-08-14,0.0,0.008435538726090944,0.0,0.2,0.0,0.012490271019298269
2015-08-21,0.2,1.0,0.0,0.9999999999999999,0.0,1.0000000000000002
2015-08-28,0.0,0.0,0.0,0.0,0.0,0.0
2015-09-04,0.0,0.0,0.0,0.0,0.0,0.0
2015-09-11,0.2,0.0,0.0,0.0,0.0,0.0
2015-09-18,0.0,0.0,0.0,0.0,0.0,0.0
2015-09-25,0.2,0.0,0.0,0.0,0.0,0.0
2015-10-02,0.0,0.0,0.0,0.0,0.0,0.0
2015-10-09,0.0,0.0,0.0,0.0,0.0,0.0
2015-10-16,0.0,1.0,0.0,0.0,0.0,1.0
2015-10-23,0.0,0.014239645525903885,0.0,1.0,0.0,0.19875984602165278
2015-10-30,0.0,0.2413111059340371,0.0,0.2,0.0,0.20225125080174527
2015-11-06,0.2,0.24201977702904007,0.0,0.4,0.0,0.374207022941923
2015-11-13,0.2,1.0,0.0,1.0,0.0,1.0
2015-11-20,0.0,1.0,0.0,1.0,0.0,1.0
2015-11-27,0.0,0.25271092267471407,0.0,0.0,0.0,0.0024504314495806534
2015-12-04,0.0,0.007941466621837617,0.0,0.0,0.0,0.007747078328540685
2015-12-11,0.4,0.2537964955711326,0.0,0.4,0.0,0.40038864322183504
2015-12-18,0.0,0.257280661913483,0.0,0.25000000000000006,0.0,0.2501348719983426
2015-12-25,0.0,0.25599770229122976,0.0,0.19999999999999998,0.0,0.19554545615331773
2016-01-01,0.0,0.2494182284545124,0.0,1.0,0.0,0.0007139257247777697
2016-01-08,0.2,0.4454459352936069,0.0,1.0,0.0,0.35830713671860964
2016-01-15,0.0,1.0,0.0,1.0,0.0,0.9999999999999999
2016-01-22,0.0,0.0,0.0,0.0,0.0,0.0
2016-01-29,0.2,0.0,0.0,0.0,0.0,0.0
2016-02-05,0.0,0.0,0.0,0.0,0.0,0.0
2016-02-12,0.0,0.0,0.0,0.0,0.0,0.0
2016-02-19,0.0,0.0,0.0,0.0,0.0,0.0
2016-02-26,0.0,1.0,0.0,1.0,0.0,0.9999999999999999
2016-03-04,0.0,0.19484062815607486,0.0,0.4,0.0,0.32013323437987096
2016-03-11,0.0,0.003881386235385531,0.0,0.0,0.0,0.0037886248399868344
2016-03-18,0.0,0.006298392250503326,0.0,0.2,0.0,0.0058405752610102
2016-03-25,0.0,0.0036036319747940054,0.0,0.0,0.0,0.0028873882260382483
2016-04-01,0.0,0.005402062017443435,0.0,0.2,0.0,0.003664343182818386
2016-04-08,0.0,0.207647396590325,0.0,0.0,0.0,0.013874995419433572
2016-04-15,0.0,0.41905927885691346,0.0,0.2,0.0,0.003957374916727527
2016-04-22,0.4,0.2979957605718288,0.0,0.4,0.0,0.016050870332063788
2016-04-29,0.0,0.0017078317985558256,0.0,0.2,0.0,0.16147023757900303
2016-05-06,0.0,0.28314448258236935,0.0,0.2,0.0,0.1544450219918726
2016-05-13,0.0,0.21282291122022096,0.9999999999999999,0.2,0.9999999999999999,0.006970645312229934
2016-05-20,0.0,0.00792136167141419,0.3333333333333333,0.0,0.9999999999999999,0.009268107661775063
2016-05-27,0.0,0.005500698938580448,0.3333333333333333,0.0,0.9999999999999999,0.005153901625968113
2016-06-03,0.0,0.0027290315926518788,0.3333333333333333,0.0,0.0,0.0025413011507983974
2016-06-10,0.0,0.17470502538921295,0.3333333333333333,0.0,0.0,0.00461989428846539
2016-06-17,0.0,0.005983327853102155,0.0,0.0,0.0,0.006290131226239129
2016-06-24,0.0,0.009601332147832625,0.3333333333333333,0.0,0.9999999999999999,0.004169197334537286
2016-07-01,0.0,0.00945468045631756,0.9999999999999999,0.0,0.0,0.008703247788242968
2016-07-08,0.0,0.26497452421354173,0.9999999999999999,0.2,0.9999999999999999,0.04129158639277272
2016-07-15,0.0,0.29979086158892027,0.3333333333333333,0.0,0.0,0.011327108240485995
2016-07-22,0.0,0.21084148709258485,0.3333333333333333,0.0,0.0,0.003494906756481897
2016-07-29,0.0,0.007273468368712663,0.0,0.4,0.27999999999999997,0.24713089799968985
2016-08-05,0.2,0.5096463518844346,0.9999999999999999,0.2,0.13999999999999999,0.2425381780289414
2016-08-12,0.0,0.23309882084374622,1.0,0.2,0.13999999999999999,0.013430664173862253
2016-08-19,0.0,0.481282281838481,0.3333333333333333,0.0,0.0,0.009128771058897325
2016-08-26,0.0,0.006901199755661946,0.3333333333333333,0.0,0.0,0.005799292439119447
2016-09-02,0.0,0.21416365106952978,1.0,0.0,0.0,0.008069372272343361
2016-09-09,0.0,0.46764213261479487,1.0,0.2,0.13999999999999999,0.01355052748148615
2016-09-16,0.0,0.2805735692795372,1.0,0.2,0.13999999999999999,0.013196608821150257
2016-09-23,0.0,0.27316710054864823,0.0,0.0,0.0,0.009065192494704374
2016-09-30,0.0,0.48298562608562673,1.0,0.4,0.27999999999999997,0.00568250406810035
2016-10-07,0.2,0.2516483083135551,0.0,0.0,0.0,0.1860177750708878
2016-10-14,0.0,0.014922905335168712,0.0,0.0,0.0,0.20313159692047453
2016-10-21,0.0,0.020266884771301244,0.0,0.2,0.13999999999999999,0.017023593579603924
2016-10-28,0.0,0.020924762138942468,0.0,0.2,0.13999999999999999,0.01820082701553477
2016-11-04,0.0,0.019069806388837596,1.0,0.2,0.9999999999999999,0.01819126816494332
2016-11-11,0.0,0.10685840313056937,0.0,0.0,0.0,0.0930625825388705
2016-11-18,0.0,0.0024783276435597773,0.0,0.2,0.0,0.00245344590784953
2016-11-25,0.0,0.015385179427316306,0.0,0.2,0.0,0.005581621104902665
2016-12-02,0.0,0.3328329479626312,1.0,0.0,0.0,0.007257040060711428
2016-12-09,0.0,0.2990486777712572,0.0,0.0,0.0,0.015776848845294317
2016-12-16,0.0,0.006526907588386477,0.0,0.0,1.0,0.006958255686735262
2016-12-23,0.0,0.007642887109471128,0.0,0.0,0.0,0.006934725058679148
2016-12-30,0.0,0.003974975583817625,0.0,0.0,0.0,0.006119634728657092
2017-01-06,0.0,0.004978738600538574,0.0,0.0,0.0,0.004876638826811497
2017-01-13,0.0,0.2884618532067305,0.3333333333333333,0.0,0.0,0.01415850615769279
2017-01-20,0.0,0.004287406717454714,0.3333333333333333,0.0,0.0,0.004537680687163315
2017-01-27,0.0,0.012190114961571533,0.3333333333333333,0.0,0.0,0.011472101482314506
2017-02-03,0.0,0.005353506132564537,0.0,0.0,0.0,0.004781179410411673
2017-02-10,0.0,0.0033085844959657718,0.3333333333333333,0.0,0.0,0.0036323924672979763
2017-02-17,0.2,0.0029191112625841092,0.0,0.2,0.13999999999999999,0.0038162795109213943
2017-02-24,0.0,0.0014534219867941706,0.0,0.2,0.13999999999999999,0.21269727691759446
2017-03-03,0.0,0.2817412191998221,0.0,0.2,0.13999999999999999,0.0007876856672818927
2017-03-10,0.0,0.33381339058685633,0.0,0.2,0.13999999999999999,0.01393188427205061
2017-03-17,0.0,0.33381339058685633,0.0,0.2,0.13999999999999999,0.002532019731926724
2017-03-24,0.0,0.27393160426524266,0.0,0.0,0.0,0.011223067187804595
2017-03-31,0.0,0.002400922854848428,0.3333333333333333,0.0,0.0,0.013598249841847043
2017-04-07,0.0,0.25161875441629816,0.3333333333333333,0.2,0.13999999999999999,0.02106758107822275
2017-04-14,0.0,0.2970852585338552,0.3333333333333333,0.2,0.13999999999999999,0.006638772045255613
2017-04-21,0.0,0.003826850495522491,0.3333333333333333,0.0,0.0,0.002129783471492848
2017-04-28,0.0,0.2997630303736251,0.6666666666666666,0.2,0.13999999999999999,0.004138624751238454
2017-05-05,0.0,0.2658328502489944,0.3333333333333333,0.0,0.0,0.01622652992577024
2017-05-12,0.2,0.561322166747164,0.3333333333333333,0.4,0.27999999999999997,0.07831451484534618
2017-05-19,0.0,0.002479405783143998,0.0,0.0,0.0,0.0028599840477861876
2017-05-26,0.0,0.008545485920863113,0.0,0.0,0.0,0.20355653600362222
2017-06-02,0.0,0.017647542536235267,0.0,0.0,0.0,0.02109983306519267
2017-06-09,0.0,0.23484778137366585,0.3333333333333333,0.0,0.0,0.012922034865812018
2017-06-16,0.0,0.30627122625843733,0.9999999999999999,0.2,0.13999999999999999,0.008831847243058397
2017-06-23,0.0,0.014534352195231234,0.9999999999999999,0.0,0.0,0.015746659677166958
2017-06-30,0.0,0.28549589560099575,0.0,0.2,0.13999999999999999,0.025247334498343835
2017-07-07,0.0,0.008415076214012149,0.9999999999999999,0.2,0.13999999999999999,0.00918120409516239
2017-07-14,0.0,0.2840415095708294,0.9999999999999999,0.0,0.0,0.01448660660135799
2017-07-21,0.0,0.2829339776899069,0.3333333333333333,0.2,0.13999999999999999,0.012974095484384468
2017-07-28,0.0,0.5594286852415459,0.3333333333333333,0.2,0.13999999999999999,0.020629921953382466
2017-08-04,0.0,0.35,0.0,0.0,0.0,0.006998307972116646
2017-08-11,0.0,0.0033751830617841233,0.0,0.0,0.0,0.009527702034108201
2017-08-18,0.2,0.2891046209308728,0.0,0.2,0.13999999999999999,0.007092010817281655
2017-08-25,0.0,0.027048269788961868,0.0,0.0,0.0,0.022378425991740475
2017-09-01,0.0,0.008947685962390414,0.0,0.2,0.13999999999999999,0.007662208425251435
2017-09-08,0.0,0.27092616335009806,0.9999999999999999,0.2,0.13999999999999999,0.008054010594785527
2017-09-15,0.0,0.2661733463843118,0.0,0.2,0.13999999999999999,0.013629171791449637
2017-09-22,0.0,0.28076927817749053,0.0,0.2,0.13999999999999999,0.018121998311319415
2017-09-29,0.0,0.002462580559997027,0.0,0.0,0.0,0.0033284495146475024
2017-10-06,0.0,0.00400950067347558,0.0,0.0,0.0,0.0036708740792019967
2017-10-13,0.0,0.24404265146504756,1.0,0.0,0.0,0.02025247090605556
2017-10-20,0.0,0.007578168334274715,1.0,0.0,0.0,0.008596501709523557
2017-10-27,0.0,0.005827442124823876,1.0,0.2,0.13999999999999999,0.006000733376919379
2017-11-03,0.0,0.002435854056838188,0.0,0.0,0.0,0.0020093731108003776
2017-11-10,0.0,0.00832573065653458,0.0,0.2,0.13999999999999999,0.0045919914011124385
2017-11-17,0.0,0.004992558078029036,0.0,0.2,0.13999999999999999,0.003602627276723863
2017-11-24,0.2,0.2714140187899604,0.0,0.2,0.13999999999999999,0.00874898744418931
2017-12-01,0.0,0.27141401878996047,0.3333333333333333,0.0,0.0,0.021586584680597043
2017-12-08,0.0,0.3146599021624472,0.3333333333333333,0.2,0.13999999999999999,0.009871765335989505
2017-12-15,0.0,0.2375832978400916,0.3333333333333333,0.0,0.0,0.1972803946895541
2017-12-22,0.2,0.01112319561549907,0.0,0.2,0.13999999999999999,0.01653859266013985
2017-12-29,0.0,0.020559126154878093,0.0,0.0,0.0,0.016266877740081065
2018-01-05,0.0,0.012449791117617723,0.6666666666666666,0.0,0.0,0.020157995231777054
2018-01-12,0.0,0.03699693957198012,0.9999999999999999,0.2,0.13999999999999999,0.024956034675368735
2018-01-19,0.0,0.0028107733656857897,0.0,0.0,0.0,0.004200834588242441
2018-01-26,0.0,0.015075988186118494,0.0,0.0,0.0,0.009952221880340562
2018-02-02,0.0,0.25940352680726536,0.0,0.0,0.0,0.034954381589271194
2018-02-09,0.0,0.0100064669513691,0.0,0.2,0.9999999999999999,0.02040689821049199
2018-02-16,0.0,0.01639287882509924,0.0,0.0,0.0,0.013438472832827564
2018-02-23,0.0,0.000623410906790231,0.0,0.0,0.0,0.0006306681097678901
2018-03-02,0.0,0.01084078843128003,0.0,0.0,0.0,0.015117812046190782
2018-03-09,0.0,0.008663094589074605,0.0,0.0,0.0,0.007104549823088516
2018-03-16,0.0,0.0011074060302217192,0.0,0.0,0.0,0.0036715691329992084
2018-03-23,0.2,0.019541979870008566,0.0,0.19999999999999998,0.0,0.4041038254749789
2018-03-30,0.0,0.002053109693698041,0.0,0.0,0.0,6.879011097596366e-06
2018-04-06,0.2,0.003353054402658054,0.0,0.19999999999999998,0.0,0.18661432802585703
2018-04-13,0.2,0.25154371930597097,0.0,0.0,0.0,0.011723497978427394
2018-04-20,0.0,0.002211504402650888,0.0,0.0,0.0,0.002148441014881139
2018-04-27,0.0,0.001545814615483601,0.0,0.2,0.0,0.0049665784804241025
2018-05-04,0.2,0.0033190157692913197,0.0,0.19999999999999998,0.0,0.20133976482315885
2018-05-11,0.2,0.004604560014311462,0.0,0.19999999999999998,0.0,0.19919501457336414
2018-05-18,0.0,0.246458747498281,0.0,0.0,0.0,0.004094292884742307
2018-05-25,0.0,0.009059956713874037,0.0,0.0,0.0,0.007657843018157848
2018-06-01,0.2,0.002879980344829891,0.0,0.2,0.0,0.007297814571800676
2018-06-08,0.0,0.25692376156067875,0.9999999999999999,0.2,0.9999999999999999,0.0050362590254007245
2018-06-15,0.0,0.003370735564680219,0.9999999999999999,0.0,0.9999999999999999,0.20341472780884592
2018-06-22,0.2,0.28322857289540976,0.0,0.2,0.0,0.4193289423910297
2018-06-29,0.0,0.003800684259047865,0.0,0.0,0.0,0.003284271780900183
2018-07-06,0.0,0.26797669246789213,0.0,0.2,0.0,0.004174736890588074
2018-07-13,0.0,0.005796272895475907,0.0,0.2,0.0,0.2211154530550734
2018-07-20,0.0,0.0022667583344116587,0.0,0.19999999999999998,0.0,0.17198813190420492
2018-07-27,0.0,0.005528287928549938,0.0,0.19999999999999998,0.0,0.1599379030924763
2018-08-03,0.0,0.0064265882465755625,0.0,0.2,0.0,0.009856526459581516
2018-08-10,0.0,0.01391081667355959,0.0,0.0,0.0,0.027118487181051407
2018-08-17,0.0,0.23244687756478394,0.0,0.0,0.0,0.024618158869463974
2018-08-24,0.0,0.0037561843038603215,0.0,0.0,0.0,0.0037239967842249283
2018-08-31,0.0,0.006097921398488457,0.0,0.0,0.0,0.007245561373009107
2018-09-07,0.0,0.008029657931576728,0.0,0.2,0.0,0.00466512313786735
2018-09-14,0.0,0.0034078843438686973,0.0,0.2,0.0,0.0036086184940049143
2018-09-21,0.2,0.47459785647875363,0.0,0.2,0.0,0.23185231483463203
2018-09-28,0.0,0.004907155289268536,0.0,0.2,0.0,0.006398165628909866
2018-10-05,0.2,0.0552552669030255,0.0,0.0,0.0,0.2170873847601435
2018-10-12,0.2,0.23891006964798253,0.0,1.0,0.0,0.1890802280867567
2018-10-19,0.4,0.49830713158802514,0.0,1.0,0.0,0.3921955900598694
2018-10-26,0.0,0.22232020612868714,0.0,0.4,0.0,0.3760378326227079
2018-11-02,0.2,0.22977859296300163,0.0,0.4,0.0,0.3772715785404157
2018-11-09,0.0,0.23898684995827996,0.0,0.0,0.0,0.008394996413111436
2018-11-16,0.0,0.018977897474440716,0.0,0.19999999999999998,0.0,0.18988453508285935
2018-11-23,0.2,0.016693969143755552,0.0,0.0,0.0,6.328892742892e-05
2018-11-30,0.0,0.028638878428404013,0.0,0.19999999999999998,0.0,0.16246317020159318
2018-12-07,0.2,0.027093001320941085,0.0,0.19999999999999998,0.0,0.16246317020159312
2018-12-14,0.0,0.00960635066281186,0.0,0.0,0.0,0.0
2018-12-21,0.0,1.0,0.0,1.0,0.0,1.0
2018-12-28,0.2,0.0,0.0,0.0,0.0,0.0
2019-01-04,0.2,0.0,0.0,0.0,0.0,0.0
2019-01-11,0.0,0.0,0.0,0.0,0.0,0.0
2019-01-18,0.0,1.0,0.0,1.0,0.0,1.0
2019-01-25,0.2,0.24054460213620454,0.0,0.25000000000000006,0.0,0.25
2019-02-01,0.4,1.6367635450320606e-06,0.0,0.0,0.0,0.0
2019-02-08,0.0,0.24101362930262,0.0,1.0000000000000002,0.0,0.25
2019-02-15,0.0,0.2410136293026199,0.0,1.0,0.0,0.15506740064737706
2019-02-22,0.0,0.00281502573724611,0.0,0.0,0.0,0.0015880247394068625
2019-03-01,0.0,0.2501215417059371,0.0,0.0,0.0,0.001670764480943221
2019-03-08,0.2,0.1797326295174571,0.0,0.4,0.0,0.3217707607316421
2019-03-15,0.0,0.00046008435120242774,0.0,0.0,0.0,0.0
2019-03-22,0.0,0.00023320338780383199,0.0,0.0,0.0,0.0
2019-03-29,0.0,0.0004665626156837299,0.0,0.0,0.0,0.0
2019-04-05,0.0,0.37700150712735925,0.9999999999999999,0.6,0.0,0.3099338096691471
2019-04-12,0.0,0.24132630376256703,0.0,0.0,0.9999999999999998,0.004821304653692904
2019-04-19,0.0,0.24132630376256708,0.9999999999999999,0.2,0.13999999999999999,0.01063890871226654
2019-04-26,0.0,0.0023062550522145314,0.0,0.0,0.0,0.0020023254736562107
2019-05-03,0.0,0.003896992712703426,0.9999999999999999,0.2,0.13999999999999999,0.0042106044440963775
2019-05-10,0.0,0.00705495926503559,0.9999999999999999,0.0,0.0,0.009327226614675957
2019-05-17,0.0,0.25792793505476336,0.0,0.2,0.13999999999999999,0.0025936954389143285
2019-05-24,0.0,0.008410769155256154,0.0,0.0,0.0,0.005500830776991858
2019-05-31,0.2,0.013926471586905048,0.0,0.0,0.9999999999999998,0.01330456965467032
2019-06-07,0.2,0.012831533246956628,0.0,0.2,0.0,0.012345602435819558
2019-06-14,0.0,0.3208987401582037,0.0,0.0,0.9999999999999999,0.003501381642107129
2019-06-21,0.0,0.01605093737576374,0.9999999999999999,0.4,0.27999999999999997,0.012557649544699984
2019-06-28,0.0,0.315991295864799,0.0,0.2,0.13999999999999999,0.017099015456579852
2019-07-05,0.2,0.25469989848082,0.3333333333333333,0.4,0.27999999999999997,0.004681836123639926
2019-07-12,0.0,0.25307326396001484,0.3333333333333333,0.2,0.13999999999999999,0.01913624497686535
2019-07-19,0.0,0.003718586387404396,0.3333333333333333,0.2,0.13999999999999999,0.008115061525367714
2019-07-26,0.2,0.007491517790150448,0.3333333333333333,0.2,0.13999999999999999,0.006102410451071988
2019-08-02,0.0,0.2795551389180721,0.3333333333333333,0.2,0.13999999999999999,0.03136239122546659
2019-08-09,0.0,0.004981401408411246,0.9999999999999999,0.0,0.0,0.0035470495993130957
2019-08-16,0.2,0.002515984478325836,0.0,0.0,0.9999999999999999,0.0019317877861014382
2019-08-23,0.0,0.01169503931113601,0.0,0.2,0.0,0.001778160429810563
2019-08-30,0.0,0.008169347573616481,0.0,0.0,0.0,0.006610145958057992
2019-09-06,0.0,0.0038244106371813497,0.0,0.0,0.0,0.0031417466913308545
2019-09-13,0.0,0.2793537063800289,0.0,0.2,0.9999999999999998,0.007965840263406632
2019-09-20,0.0,0.4488500582436991,0.0,0.4,0.27999999999999997,0.0034199887101895587
2019-09-27,0.0,0.0019993102761386716,0.0,0.0,0.0,0.0016430342119350683
2019-10-04,0.0,0.18094295984292486,0.9999999999999999,0.0,0.9999999999999999,0.0041851151497454275
2019-10-11,0.0,0.005758734134812066,0.0,0.0,0.9999999999999999,0.005215384059947856
2019-10-18,0.0,0.21006209163192263,0.0,0.2,0.13999999999999999,0.016384251921923387
2019-10-25,0.2,0.20684799543873855,0.0,0.2,0.13999999999999999,0.1621019846511927
2019-11-01,0.0,0.0023212105776689446,0.9999999999999999,0.0,0.0,0.0018998356429112406
2019-11-08,0.2,0.8315051872457482,0.0,0.6,0.42,0.03599315394164236
2019-11-15,0.2,0.008872524323451078,1.0,0.0,0.0,0.2310730617513408
2019-11-22,0.2,0.006826973400892139,0.0,0.0,0.0,0.006279095459734277
2019-11-29,0.0,0.00663237101031891,0.3333333333333333,0.0,0.0,0.012142575646571466
2019-12-06,0.0,0.35000000000000003,0.0,0.0,0.0,0.019462410832920926
2019-12-13,0.0,0.0010164770931003764,0.0,0.2,0.13999999999999999,0.0025114812234851847
2019-12-20,0.0,0.005123478522156347,0.0,0.0,0.0,0.014090184524345212
2019-12-27,0.0,0.0030927306793595982,0.0,0.0,0.0,0.009365344223474514
2020-01-03,0.0,0.35000000000000003,0.0,0.2,0.13999999999999999,0.2262711810656734
2020-01-10,0.0,0.35,0.0,0.2,0.13999999999999999,0.003835269790084278
2020-01-17,0.0,0.005252653272967506,0.0,0.2,0.13999999999999999,0.0042615526212112925
2020-01-24,0.2,0.23639991676483857,0.3333333333333333,0.0,0.0,0.009788568513682705
2020-01-31,0.0,0.03616975990294065,0.0,0.2,0.13999999999999999,0.028790983301731993
2020-02-07,0.0,0.012262563627874493,0.0,0.0,0.0,0.010231643645240582
2020-02-14,0.0,0.24327919780311136,0.0,0.2,0.13999999999999999,0.00670187684578899
2020-02-21,0.0,0.009733649993269394,0.0,0.2,0.13999999999999999,0.009475204053017355
2020-02-28,0.4,1.0,0.9999999999999999,1.0,0.9999999999999998,0.9999999999999999
2020-03-06,0.2,0.9999999999999999,0.0,1.0,0.0,1.0
2020-03-13,0.0,0.9999999999999999,0.0,1.0,0.0,1.0
2020-03-20,0.2,0.0,0.0,0.0,0.0,0.0
2020-03-27,0.0,0.0,0.0,0.0,0.0,0.0
2020-04-03,0.0,0.0,0.0,0.0,0.0,0.0
2020-04-10,0.2,0.0,0.0,0.0,0.0,0.0
2020-04-17,0.2,1.0,0.0,1.0,0.0,0.9999999999999999
2020-04-24,0.0,1.0,0.0,1.0,0.0,0.9999999999999999
2020-05-01,0.2,0.0,0.0,0.0,0.0,0.0
2020-05-08,0.0,0.0,0.0,0.0,0.0,0.0
2020-05-15,0.0,0.0,0.0,0.0,0.0,0.0
2020-05-22,0.0,1.0,0.0,1.0000000000000002,0.0,0.9999999999999999
2020-05-29,0.0,0.0002704244144961787,0.0,0.0,0.0,0.0
2020-06-05,0.0,0.20888725375656012,0.0,0.25000000000000006,0.0,0.2498990290794364
2020-06-12,0.0,1.0,0.0,1.0,0.0,1.0
2020-06-19,0.2,0.0,0.0,0.0,0.0,0.0
2020-06-26,0.2,0.0,0.0,0.0,0.0,0.0
2020-07-03,0.2,1.0,0.0,1.0000000000000002,0.0,0.9999999999999999
2020-07-10,0.2,1.0,0.0,1.0000000000000002,0.0,0.9999999999999999
2020-07-17,0.0,1.0,0.0,1.0,0.0,1.0
2020-07-24,0.0,0.0010064383373005886,0.0,0.0,0.0,1.0918016436073374e-06
2020-07-31,0.0,0.0027553009518332394,0.0,0.19999999999999998,0.0,0.2488911727638555
2020-08-07,0.0,0.0014749788291435612,0.0,0.0,0.0,0.001566315458811418
2020-08-14,0.0,0.3180081279635172,0.0,0.0,0.0,0.00029415849320961474
2020-08-21,0.0,0.0003260599586878826,0.9999999999999999,0.0,0.0,0.00025452050345946275
2020-08-28,0.0,0.009862057910035346,0.0,0.2,0.0,0.006469906269828796
2020-09-04,0.0,0.011084348335449024,0.0,0.0,0.0,0.0038239004175313063
2020-09-11,0.0,0.016362475088913753,0.9999999999999999,0.0,0.0,0.011331170871173954
2020-09-18,0.2,0.019739998653715812,0.9999999999999999,0.2,0.0,0.01942417037498534
2020-09-25,0.0,0.01308935724626624,0.3333333333333333,0.2,0.0,0.0119426173251925
2020-10-02,0.2,0.007222125678941704,0.0,0.2,0.9999999999999999,0.007623609032210044
2020-10-09,0.2,0.3500000000000001,0.3333333333333333,0.2,0.13999999999999999,0.04040788187533276
2020-10-16,0.0,0.007640001515016662,0.0,0.0,0.0,0.2049336460332515
2020-10-23,0.0,0.005286793325286573,0.0,0.2,0.13999999999999999,0.003965094993964954
2020-10-30,0.0,0.020267440163526038,0.3333333333333333,0.2,0.13999999999999999,0.015200580122644497
2020-11-06,0.0,0.005747531911587417,0.9999999999999999,0.0,0.9999999999999998,0.0043106489336905696
2020-11-13,0.2,0.3111390807512906,0.9999999999999999,0.2,0.9999999999999999,0.003534099538388416
2020-11-20,0.0,0.3318666142604916,0.3333333333333333,0.0,0.0,0.005253221382331738
2020-11-27,0.0,0.3318666142604916,0.0,0.0,0.0,0.004238325568712981
2020-12-04,0.0,0.23868375082012117,0.3333333333333333,0.0,0.0,0.012775132828251753
2020-12-11,0.0,0.2471961697169411,0.3333333333333333,0.2,0.13999999999999999,0.01993411776910163
2020-12-18,0.0,0.22479181855618757,0.3333333333333333,0.2,0.13999999999999999,0.0006314442285618033
2020-12-25,0.0,0.231662325868701,0.3333333333333333,0.0,0.0,0.004274096427019855
2021-01-01,0.0,0.00907991691660226,0.0,0.2,0.13999999999999999,0.005541202545050805
2021-01-08,0.0,0.01057073975850946,0.3333333333333333,0.2,0.13999999999999999,0.010891722377639232
2021-01-15,0.0,0.013560366942096239,0.0,0.0,0.0,0.25000000000000006
2021-01-22,0.0,0.0024428942413387,0.3333333333333333,0.2,0.13999999999999999,0.002078234513952046
2021-01-29,0.0,0.0047632569043881134,0.0,0.2,0.13999999999999999,0.010892509509327575
2021-02-05,0.0,0.25739762915324693,1.0,0.0,0.9999999999999999,0.009531438368835021
2021-02-12,0.0,0.5051039813543674,1.0,0.2,0.9999999999999999,0.002559797304323902
2021-02-19,0.0,0.49719563501530095,0.3333333333333333,0.0,0.0,0.0036049672661148946
2021-02-26,0.0,0.003642354862559774,0.0,0.4,0.27999999999999997,0.008473811999080066
2021-03-05,0.2,0.0023576546549072402,0.3333333333333333,0.2,0.13999999999999999,0.005350969152454366
2021-03-12,0.0,0.011542596262354696,0.0,0.2,0.13999999999999999,0.014519845010197943
2021-03-19,0.0,0.005676834908682218,0.0,0.0,0.0,0.0020857227457889704
2021-03-26,0.0,0.007345205407886551,0.0,0.0,0.0,0.012072437244683806
2021-04-02,0.0,0.0022315143486605765,0.0,0.0,0.0,0.0018446218723558588
2021-04-09,0.0,0.3099984901517228,0.0,0.2,0.13999999999999999,0.007483176560877755
2021-04-16,0.0,0.0037715793994393815,0.0,0.2,0.13999999999999999,0.0024413505445821243
2021-04-23,0.0,0.2482001751776301,0.0,0.0,0.0,0.0026919321364889393
2021-04-30,0.0,0.015824503342828672,0.0,0.0,0.0,0.015442553967498454
2021-05-07,0.2,0.2726185663866375,0.3333333333333333,0.0,0.0,0.18280702366490675
2021-05-14,0.0,0.0227814910075066,0.0,0.0,0.0,0.028949518434428875
2021-05-21,0.0,0.28746646670235987,0.0,0.0,0.0,0.25
2021-05-28,0.0,0.006528197771140359,0.0,0.0,0.0,0.0034994883424665224
2021-06-04,0.0,0.002976970075879326,0.0,0.0,0.0,0.0016018664287839393
2021-06-11,0.0,0.2967240223621365,0.3333333333333333,0.0,0.0,0.0007316110474742329
2021-06-18,0.0,0.25821569383640386,0.0,0.4,0.27999999999999997,0.010638219633131225
2021-06-25,0.2,0.22516388365015574,0.0,0.2,0.13999999999999999,0.0038888967726754264
2021-07-02,0.0,0.0007925167694364521,0.0,0.2,0.13999999999999999,0.00022204375058369752
2021-07-09,0.0,0.4277374343848791,0.0,0.0,0.0,0.004353702196203624
2021-07-16,0.0,0.005117956531735926,0.3333333333333333,0.0,0.0,0.004340627686123616
2021-07-23,0.0,0.007993144820577308,0.0,0.2,0.13999999999999999,0.22667682843190196
2021-07-30,0.0,0.013754806536423733,0.3333333333333333,0.2,0.13999999999999999,0.009884420242483365
2021-08-06,0.0,0.23607264887216764,0.3333333333333333,0.2,0.13999999999999999,0.007519361278944814
2021-08-13,0.2,0.002695838447473453,0.0,0.0,0.0,0.25
2021-08-20,0.0,0.2697654879750753,0.3333333333333333,0.2,0.13999999999999999,0.01020666679691587
2021-08-27,0.2,0.2697654879750753,0.9999999999999999,0.0,0.0,0.21684489937801338
2021-09-03,0.0,0.009124808925524641,0.9999999999999999,0.2,0.13999999999999999,0.006012846394001944
2021-09-10,0.0,0.029324284813041612,0.0,0.0,0.0,0.02075343371274216
2021-09-17,0.0,0.28204098691376384,0.0,0.2,0.13999999999999999,0.014963574547008612
2021-09-24,0.0,0.2820409869137639,0.0,0.0,0.0,0.005825594819100069
2021-10-01,0.2,0.21934662524676318,0.9999999999999999,0.2,0.13999999999999999,0.02143582747504058
2021-10-08,0.0,0.2840807919627978,1.0,0.0,0.0,0.02305937268805139
2021-10-15,0.0,0.006138599932778641,0.0,0.2,0.13999999999999999,0.20774652826183793
2021-10-22,0.0,0.0031068329040349063,0.0,0.0,0.0,0.0017687132393589822
2021-10-29,0.0,0.2984609259783234,0.3333333333333333,0.0,0.0,0.00039747855219576106
2021-11-05,0.0,0.29162437006118386,0.3333333333333333,0.0,0.0,0.0061744582380098
2021-11-12,0.0,0.012639827051987074,0.0,0.0,0.0,0.002290710195196069
2021-11-19,0.2,0.003048222332934669,0.0,0.2,0.13999999999999999,0.0030617781924155013
2021-11-26,0.0,0.021064762370270246,0.9999999999999999,0.2,0.9999999999999999,0.005685469899233304
2021-12-03,0.2,0.012371186482938529,0.9999999999999999,0.0,0.9999999999999998,0.1795348391438083
2021-12-10,0.0,0.3512219874142559,0.0,0.0,0.0,0.02168313141792856
2021-12-17,0.2,0.5122718723199013,0.3333333333333333,0.4,0.27999999999999997,0.01266697450692656
2021-12-24,0.2,0.005881493521278425,0.3333333333333333,0.2,0.13999999999999999,0.005768953793235804
2021-12-31,0.0,0.011105490335330925,0.9999999999999999,0.2,0.13999999999999999,0.23463988529844612
2022-01-07,0.2,0.43314078556420926,0.9999999999999999,0.4,0.27999999999999997,0.2572153267504198
2022-01-14,0.0,0.26522826557454454,0.3333333333333333,0.2,0.13999999999999999,0.20433088019975465
2022-01-21,0.4,0.3145873708280451,1.0,0.4,1.0,0.19816509513083014
2022-01-28,0.2,0.0019299542351823712,0.0,0.2,0.0,0.0013305181915594586
2022-02-04,0.0,0.00546021782444385,0.0,0.2,0.0,0.0013951364998142299
2022-02-11,0.0,0.31884547963492926,0.0,0.4,0.0,0.25
2022-02-18,0.2,0.22787970219973575,0.0,0.25000000000000006,0.0,0.24999999999999994
2022-02-25,0.2,0.3069437966886046,0.0,0.25000000000000006,0.0,0.2502795006925358
2022-03-04,0.0,0.2082371149713319,0.0,1.0,0.0,0.25
2022-03-11,0.2,1.0,0.0,0.0,0.0,1.0
2022-03-18,0.2,1.0,0.0,0.9999999999999999,0.0,1.0
2022-03-25,0.0,0.008001337839100842,0.0,0.0,0.0,0.005384070714295697
2022-04-01,0.2,0.006868080830805659,0.0,0.2,0.0,0.0034276967245089884
2022-04-08,0.0,0.2471957731112775,0.0,0.0,0.0,0.1970273779190646
2022-04-15,0.0,0.0065208970331636085,0.0,0.0,0.0,0.008731729716470349
2022-04-22,0.0,0.28462588512833065,0.0,0.2,0.0,0.007430323602659904
2022-04-29,0.0,0.28492429110417705,0.0,0.4,0.0,0.1902660144005625
2022-05-06,0.0,0.2547835772082636,0.0,0.25000000000000006,0.0,0.25
2022-05-13,0.0,2.7755575615628914e-17,0.0,0.0,0.0,5.551115123125783e-17
2022-05-20,0.0,1.0000000000000002,0.0,1.0000000000000002,0.0,1.0
2022-05-27,0.0,1.0,0.0,0.9999999999999999,0.0,0.9999999999999999
2022-06-03,0.0,0.26760033941983086,0.0,0.19999999999999998,0.0,0.2140179921330997
2022-06-10,0.0,1.0,0.0,1.0,0.0,1.0
2022-06-17,0.0,0.0,0.0,0.0,0.0,0.0
2022-06-24,0.0,0.0,0.0,0.0,0.0,0.0
2022-07-01,0.2,0.0,0.0,0.0,0.0,0.0
2022-07-08,0.0,0.0,0.0,0.0,0.0,0.0
2022-07-15,0.2,0.0,0.0,0.0,0.0,0.0
2022-07-22,0.0,0.0,0.0,0.0,0.0,0.0
2022-07-29,0.2,1.0,0.0,1.0000000000000002,0.0,1.0
2022-08-05,0.0,8.326672684688674e-17,0.0,0.0,0.0,5.551115123125783e-17
2022-08-12,0.2,0.2866408071457647,0.0,0.4,0.0,0.4485400916860372
2022-08-19,0.2,0.3063156055867068,0.0,0.0,0.0,0.002563382404942617
2022-08-26,0.2,1.0,0.0,1.0,0.0,1.0
2022-09-02,0.2,0.0,0.0,0.0,0.0,0.0
2022-09-09,0.2,0.0,0.0,0.0,0.0,0.0
2022-09-16,0.2,0.0,0.0,0.0,0.0,0.0
2022-09-23,0.0,0.0,0.0,0.0,0.0,0.0
2022-09-30,0.0,0.0,0.0,0.0,0.0,0.0
2022-10-07,0.4,0.0,0.0,0.0,0.0,0.0
2022-10-14,0.0,0.0,0.0,0.0,0.0,0.0
2022-10-21,0.0,0.0,0.0,0.0,0.0,0.0
2022-10-28,0.0,1.0000000000000002,0.0,1.0000000000000002,0.0,1.0
2022-11-04,0.0,3.684886774232843e-05,0.0,0.0,0.0,0.0
2022-11-11,0.0,0.2516807785535895,0.0,0.25000000000000006,0.0,0.25
2022-11-18,0.0,0.003988577416725689,0.0,0.19999999999999998,0.0,0.25
2022-11-25,0.0,0.010541870649301135,0.0,0.0,0.0,0.007725311790337391
2022-12-02,0.0,0.2897807342454961,0.0,0.0,0.0,0.003103077448128863
2022-12-09,0.0,0.005152071016631676,0.0,0.2,0.0,0.15865797059948314
2022-12-16,0.2,0.22332142691879803,0.0,0.2,0.0,0.18788970253248066
2022-12-23,0.0,0.036928707548987014,0.0,0.2,0.0,0.0025098976495633862
2022-12-30,0.2,0.0008455436847411707,0.0,0.2,0.0,0.19449453245776496
2023-01-06,0.0,0.46645834600119707,0.0,0.2,0.0,0.0018261884932988734
2023-01-13,0.2,0.33443411649818083,0.0,0.2,0.0,0.001008808760935044
2023-01-20,0.2,0.003114820058759238,0.0,0.2,0.0,0.25000000000000006
2023-01-27,0.2,0.011115309984122024,0.0,0.0,0.0,0.008336482488091518
2023-02-03,0.0,0.0023564058726067427,0.0,0.0,0.0,0.0017673044044551195
2023-02-10,0.2,0.00553192276998557,0.0,0.19999999999999998,0.0,0.24999999999999994
2023-02-17,0.0,0.0070367235442436865,0.0,0.19999999999999998,0.0,0.24999999999999994
2023-02-24,0.2,0.002655298247697127,0.0,0.19999999999999998,0.0,0.24999999999999997
2023-03-03,0.0,0.20936699736483902,0.0,0.19999999999999998,1.0,0.1786982095802171
2023-03-10,0.0,0.48809423467143026,0.0,0.4000000000000001,1.0,0.41659653593933066
2023-03-17,0.4,1.0,0.0,1.0,0.0,0.9999999999999999
2023-03-24,0.0,1.0,0.0,1.0,0.0,1.0
2023-03-31,0.0,0.20675702823769798,0.0,0.4,0.0,0.3533981713117256
2023-04-07,0.0,0.31849869285290555,0.0,0.2,0.0,0.24476680917134958
2023-04-14,0.0,0.31849869285290555,0.0,0.2,0.0,0.0037721081487446934
2023-04-21,0.0,0.27948918216542296,1.0,0.2,0.9999999999999999,0.006600516003381296
2023-04-28,0.0,0.031252800683310045,0.3333333333333333,0.0,0.0,0.017684090325573415
2023-05-05,0.0,0.2947788735768424,0.3333333333333333,0.4,0.27999999999999997,0.011111250669911185
2023-05-12,0.0,0.2947788735768424,0.9999999999999999,0.0,0.0,0.3782459942790164
2023-05-19,0.0,0.283047918710367,0.0,0.4,0.28,0.4677290448682058
2023-05-26,0.2,1.0,0.0,1.0,0.9999999999999999,1.0
2023-06-02,0.0,0.0,0.0,0.0,0.0,0.0
2023-06-09,0.0,1.0,0.0,1.0,1.0,0.9999999999999999
2023-06-16,0.2,0.2348674840880689,0.9999999999999999,0.4,0.28,0.38174423557234693
2023-06-23,0.0,0.008096642376025892,0.9999999999999999,0.19999999999999998,0.14,0.19196250117435076
2023-06-30,0.2,0.008833369850862027,0.9999999999999999,0.19999999999999998,0.14,0.18446792725901984
2023-07-07,0.0,0.006239851683352657,0.0,0.0,0.0,0.005781222132678301
2023-07-14,0.0,0.008358251008406745,0.0,0.2,0.13999999999999999,0.25
2023-07-21,0.0,0.35000000000000003,0.0,0.2,0.13999999999999999,0.00841594306257977
2023-07-28,0.2,0.35,0.0,0.2,0.13999999999999999,0.010601095201064711
2023-08-04,0.0,0.22484285398049628,0.0,0.2,0.13999999999999999,0.005659250794768977
2023-08-11,0.2,0.006294646284030703,0.0,0.0,0.0,0.00401949490248861
2023-08-18,0.0,0.01735740847275337,0.3333333333333333,0.2,0.13999999999999999,0.25000000000000006
2023-08-25,0.0,0.009842734546560428,0.0,0.0,0.0,0.010419426366501797
2023-09-01,0.0,0.008180856179368631,0.0,0.0,0.0,0.25
2023-09-08,0.0,0.017501615002697285,0.0,0.2,0.13999999999999999,0.013126211252023026
2023-09-15,0.0,0.3206329075810465,0.3333333333333333,0.2,0.13999999999999999,0.013547309679982814
2023-09-22,0.2,0.3265246464110905,0.9999999999999999,0.4,0.9999999999999999,0.24999999999999997
2023-09-29,0.2,0.2906186071515502,0.0,0.25000000000000006,0.0,0.2500700732484178
2023-10-06,0.0,0.014083053927061218,0.0,0.0,0.0,0.0
2023-10-13,0.2,0.005886409049041363,0.0,0.0,0.0,0.0
2023-10-20,0.2,1.0,0.0,1.0000000000000002,0.0,0.9999999999999999
2023-10-27,0.2,0.0,0.0,0.0,0.0,0.0
2023-11-03,0.0,1.0,0.0,1.0,0.0,1.0
2023-11-10,0.0,0.28815351509822124,0.0,0.25,0.0,0.2500256378754534
2023-11-17,0.0,0.008212442173194875,0.9999999999999999,0.19999999999999998,0.9999999999999999,0.18313612012971825
2023-11-24,0.0,0.005912171665369184,0.9999999999999999,0.2,0.13999999999999999,0.0051922323490911915
2023-12-01,0.0,0.002694286621940864,0.0,0.0,0.0,0.0024248155079133332
2023-12-08,0.2,0.0016220028790654706,1.0,0.2,0.13999999999999999,0.18111759497582225
2023-12-15,0.0,0.22303228142557713,1.0,0.0,0.0,0.00965986941565583
2023-12-22,0.0,0.0032927999464333613,0.0,0.0,0.0,0.004729835568716728
2023-12-29,0.0,0.007635275733963776,1.0,0.0,0.0,0.007916278936841145
2024-01-05,0.2,0.3169650235680981,0.0,0.2,0.13999999999999999,0.008136981856759165
2024-01-12,0.0,0.19525890869663373,0.0,0.0,0.0,0.25
2024-01-19,0.0,0.015345729871995867,0.0,0.2,0.9999999999999999,0.006367912383679578
2024-01-26,0.0,0.0021387775792813535,0.0,0.2,0.0,0.001399343794947036
2024-02-02,0.0,0.006056189501025461,0.3333333333333333,0.2,0.9999999999999998,0.005717658083766994
2024-02-09,0.0,0.006519292234387755,0.0,0.0,0.0,0.0026516225920858866
2024-02-16,0.0,0.008292204487017354,0.0,0.0,0.0,0.00749992458868938
2024-02-23,0.0,0.0023544088654370854,0.0,0.0,0.0,0.001546582973985619
2024-03-01,0.0,0.006866171258275711,0.0,0.0,0.0,0.0027960212678780905
2024-03-08,0.0,0.009274072042775305,0.0,0.2,0.13999999999999999,0.008713346383897605
2024-03-15,0.2,0.004084858411814496,0.0,0.0,0.0,0.003498492127140887
2024-03-22,0.0,0.006220866362201163,0.0,0.0,0.0,0.1949644490229753
2024-03-29,0.0,0.30572817236328775,0.0,0.0,0.0,0.004107533947874081
2024-04-05,0.2,0.5730780207739868,0.0,0.2,0.13999999999999999,0.24999999999999997
2024-04-12,0.0,0.01136797473330213,0.0,0.0,0.0,0.01818804506730734
2024-04-19,0.0,0.3290437553348887,0.3333333333333333,0.2,0.13999999999999999,0.024020151394068906
2024-04-26,0.0,0.011799193865111995,0.3333333333333333,0.0,0.0,0.018825478948127847
2024-05-03,0.0,0.32294776304760053,0.3333333333333333,0.0,0.0,0.036993500633306184
2024-05-10,0.2,0.008920435152754008,0.0,0.0,0.0,0.014788322560293873
2024-05-17,0.0,0.2958917808790329,0.0,0.0,0.0,0.012067113603849086
2024-05-24,0.0,0.2958917808790329,0.3333333333333333,0.2,0.13999999999999999,0.01378676272880465
2024-05-31,0.0,0.29449425435855425,0.9999999999999999,0.2,0.13999999999999999,0.008855857630805777
2024-06-07,0.2,0.016971925393587273,0.0,0.4,0.27999999999999997,0.0027015327727482052
2024-06-14,0.2,0.5079683132591039,0.9999999999999999,0.2,0.13999999999999999,0.023121725951128533
2024-06-21,0.0,0.296709433343724,0.0,0.0,0.0,0.0029336130954733808
2024-06-28,0.0,0.0007294738235721077,0.0,0.2,0.13999999999999999,0.2500000744698489
2024-07-05,0.0,0.21883356181777683,0.3333333333333333,0.2,0.13999999999999999,0.006310688817961346
2024-07-12,0.0,0.2138012639546058,0.3333333333333333,0.0,0.0,0.16223282310308085
2024-07-19,0.0,0.2705726394165248,0.0,0.2,0.13999999999999999,0.00817705180947434
2024-07-26,0.0,0.0024245412953891876,0.3333333333333333,0.2,0.13999999999999999,0.16707584784945223
2024-08-02,0.2,0.5126090670273142,0.3333333333333333,0.2,0.13999999999999999,0.21251565916365567
2024-08-09,0.0,0.008094175153885719,0.9999999999999999,0.0,0.9999999999999998,0.0029227270614785306
2024-08-16,0.0,0.27180840770386994,0.9999999999999999,0.2,0.9999999999999999,0.005007307869711472
2024-08-23,0.0,0.007167740196934502,0.3333333333333333,0.2,0.13999999999999999,0.000813245454764383
2024-08-30,0.0,0.0070823569795173125,0.0,0.0,0.0,0.005954778852956311
2024-09-06,0.0,0.012910288323677521,0.3333333333333333,0.0,0.0,0.01764954142581386
2024-09-13,0.0,0.26346400295177774,0.9999999999999999,0.2,0.9999999999999998,0.009016529490004477
2024-09-20,0.0,0.26346400295177774,0.9999999999999999,0.0,0.9999999999999998,0.004173894131902264
2024-09-27,0.0,0.23087062930994115,0.3333333333333333,0.2,0.13999999999999999,0.0025200335853927114
2024-10-04,0.0,0.003939536107462241,0.3333333333333333,0.2,0.13999999999999999,0.012623244384051699
2024-10-11,0.0,0.2392111250278195,0.0,0.0,0.0,0.01963170272028099
2024-10-18,0.2,0.013517284859733192,0.9999999999999999,0.2,0.9999999999999999,0.2496931281404981
2024-10-25,0.0,0.0008865730197033378,0.9999999999999999,0.2,0.9999999999999998,0.0025185534583553465
2024-11-01,0.0,0.5461254960975161,0.9999999999999999,0.0,0.9999999999999998,0.007597184865160755
2024-11-08,0.0,0.022484096609186183,0.0,0.2,0.0,0.02411237407229047
2024-11-15,0.0,0.2723889774745871,0.9999999999999999,0.2,0.9999999999999998,0.004784721420456009
2024-11-22,0.0,0.27964962912948166,0.0,0.0,0.0,0.011524693204088388
2024-11-29,0.0,0.001844250612887996,0.0,0.0,0.0,0.001324481384899573
2024-12-06,0.0,0.2773527917214034,0.3333333333333333,0.2,0.13999999999999999,0.004566658209313984
2024-12-13,0.0,0.3499999999999999,0.3333333333333333,0.0,0.0,0.005329350201255106
2024-12-20,0.0,0.35,0.0,0.0,0.0,0.012093450771683403
2024-12-27,0.0,0.0012519800030173778,0.3333333333333333,0.0,0.0,0.0009127992764061815
2025-01-03,0.0,0.001605268921379993,0.3333333333333333,0.0,0.0,0.0007741062164050294
2025-01-10,0.2,0.012094477774295065,0.9999999999999999,0.19999999999999998,0.9999999999999998,0.43039501658157125
2025-01-17,0.0,0.016392896517749292,0.0,0.19999999999999998,0.0,0.15445107704529032
2025-01-24,0.0,0.005908612077446515,0.9999999999999999,0.2,0.9999999999999998,0.005753838325018759
2025-01-31,0.0,0.27627155436220285,0.0,0.0,0.0,0.15627125601762668
2025-02-07,0.0,0.005481818851491391,0.3333333333333333,0.0,0.0,0.004801279312245221
2025-02-14,0.0,0.28877608975289204,0.0,0.0,0.0,0.012200428576627093
2025-02-21,0.0,0.35,0.3333333333333333,0.2,0.13999999999999999,0.00708431035831332
2025-02-28,0.2,0.0012771791308109487,0.3333333333333333,0.2,0.13999999999999999,0.24999999999999994
2025-03-07,0.0,0.24075531825627872,0.9999999999999999,0.0,0.9999999999999998,0.016015618613889837
2025-03-14,0.2,0.7791864629840308,0.0,0.6000000000000001,0.0,0.6079406809733421
2025-03-21,0.2,0.35008955906067285,0.0,0.33333333333333337,0.0,0.3333333333333333
2025-03-28,0.2,1.0,0.0,1.0,0.0,1.0
2025-04-04,0.2,0.0,0.0,0.0,0.0,0.0
2025-04-11,0.0,0.0,0.0,0.0,0.0,0.0
2025-04-18,0.0,0.0,0.0,0.0,0.0,0.0
2025-04-25,0.0,0.0,0.0,0.0,0.0,0.0
2025-05-02,0.2,1.0,0.0,1.0,0.0,1.0
2025-05-09,0.0,0.18556169554119084,0.0,0.25000000000000006,0.0,0.25000000000000006
2025-05-16,0.2,0.18742718765030328,0.0,0.4,0.0,0.32211578699254073
2025-05-23,0.0,1.0,0.0,1.0,0.0,1.0
2025-05-30,0.0,1.0,0.0,1.0,0.0,1.0
2025-06-06,0.0,0.18145443445123563,0.0,0.25000000000000006,0.0,0.2500000000000001
2025-06-13,0.0,0.3472522561628165,0.0,0.4,0.0,0.3263612725473531
2025-06-20,0.0,0.35,0.0,0.2,0.0,0.004013883220215411
2025-06-27,0.0,0.35,0.0,0.2,0.0,0.23773369458576174
2025-07-04,0.2,0.2679820888221003,1.0,0.0,0.9999999999999999,0.0029426670453347875
2025-07-11,0.0,0.0011880668059534583,0.3333333333333333,0.0,0.0,0.0011343714181004383
2025-07-18,0.0,0.011013246635346141,0.3333333333333333,0.0,0.0,0.010233550579933082
2025-07-25,0.0,0.002650015460012936,1.0,0.0,0.0,0.0025068173238347036
2025-08-01,0.2,0.27515725319148,0.0,0.2,0.9999999999999999,0.25076798816803947
2025-08-08,0.2,0.33870190481218276,0.9999999999999999,0.2,0.0,0.0009470449831676664
2025-08-15,0.0,0.0013857470948086814,0.0,0.2,0.9999999999999998,0.000746332943147382
2025-08-22,0.0,0.3400876519069914,0.3333333333333333,0.0,0.0,0.0006696595391981891
2025-08-29,0.0,0.002942723246362758,0.0,0.2,0.13999999999999999,0.2500000000000001
2025-09-05,0.0,0.005728694052241051,0.0,0.4,0.27999999999999997,0.008869166119833516
2025-09-12,0.0,0.005775137837461933,0.0,0.0,0.0,0.006077723788071948
2025-09-19,0.0,0.0003680141987677382,0.0,0.0,0.0,0.0007504942485642013
2025-09-26,0.0,0.00266278946748387,0.0,0.0,0.0,0.002950876729512733
2025-10-03,0.0,0.019529128995732573,0.0,0.0,0.0,0.021082444731110844
2025-10-10,0.0,0.016793647217869467,0.3333333333333333,0.0,0.0,0.014433649978663851
2025-10-17,0.0,0.004396832508157894,0.9999999999999999,0.2,0.9999999999999998,0.005396000224597422
2025-10-24,0.0,0.01521946515780545,0.9999999999999999,0.0,0.9999999999999998,0.017787220126445596
2025-10-31,0.0,0.01221887909307634,0.3333333333333333,0.0,0.0,0.007685942987624816
2025-11-07,0.0,0.25444203784839015,0.3333333333333333,0.2,0.13999999999999999,0.01044299791436036
2025-11-14,0.0,0.22761596574554277,0.3333333333333333,0.2,0.13999999999999999,0.016697454651316196
2025-11-21,0.2,0.013825864977242155,0.3333333333333333,0.0,0.0,0.012008509440778359
2025-11-28,0.0,0.23224333362423077,0.9999999999999999,0.2,0.9999999999999998,0.006283671480495884
2025-12-05,0.0,0.035940031802289676,0.9999999999999999,0.0,0.9999999999999998,0.025550298478392172
2025-12-12,0.0,0.32924915416493616,0.3333333333333333,0.4,0.27999999999999997,0.008203670624905054
2025-12-19,0.0,0.0060487151624693675,0.0,0.0,0.0,0.0014659478262671194
2025-12-26,0.0,0.010141263170911782,0.0,0.0,0.0,0.00909866081313139
2026-01-02,0.2,0.24561379644009207,0.3333333333333333,0.2,0.13999999999999999,0.009101238016259713
2026-01-09,0.0,0.4898837197504473,0.3333333333333333,0.2,0.13999999999999999,0.2123763146897149
2026-01-16,0.0,0.4898837197504473,0.6666666666666666,0.2,0.13999999999999999,0.009026849420843558
2026-01-23,0.0,0.006700400164991918,0.3333333333333333,0.0,0.0,0.2345230025798758
2026-01-30,0.0,0.027633580268873068,0.0,0.2,0.13999999999999999,0.011164396964268936
2026-02-06,0.4,0.02443861106933856,0.0,0.0,0.0,0.22712428419841424
2026-02-13,0.0,0.2772290940233322,0.3333333333333333,0.0,0.0,0.011620306235924
2026-02-20,0.0,0.006786442003279269,0.0,0.0,0.0,0.18602349002165192
2026-02-27,0.0,0.001968937234989865,0.0,0.2,0.13999999999999999,0.00293842311742859
2026-03-06,0.0,0.28312766192204286,0.0,0.0,0.0,0.02951848587817331
2026-03-13,0.0,0.259524183751818,0.9999999999999999,0.0,0.9999999999999999,0.01026313264796104
2026-03-20,0.0,0.017029441516282315,0.0,0.0,0.0,0.010630405458381731
2026-03-27,0.2,0.2791493333430352,0.0,0.0,0.0,0.2006439698926334
2026-04-03,0.0,0.01239487956921799,0.0,0.0,0.0,0.010795185494017992
2026-04-10,0.0,0.2887237011621137,0.0,0.2,0.0,0.006963625436524595
