Date,source_return,exposure,financing_cost,exposure_change_cost,net_return,wealth,drawdown
2023-01-06,-0.004397999999999902,1.0,0.0,0.0,-0.004397999999999902,0.9956020000000001,-0.004397999999999902
2023-01-09,0.004844420276264971,1.0,0.0,0.0,0.004844420276264971,1.00042511451589,0.0
2023-01-10,0.005019466960619612,1.0,0.0,0.0,0.005019466960619612,1.0054467153247766,0.0
2023-01-11,0.009159634935256511,1.0,0.0,0.0,0.009159634935256511,1.0146562401840042,0.0
2023-01-12,0.010831700944719636,1.0,0.0,0.0,0.010831700944719636,1.025646693139371,0.0
2023-01-13,0.0019872851241291567,1.0,0.0,0.0,0.0019872851241291567,1.0276849455552592,0.0
2023-01-17,0.005073609878519347,1.0,0.0,0.0,0.005073609878519347,1.032899018047034,0.0
2023-01-18,-0.01277983118712911,1.0,0.0,0.0,-0.01277983118712911,1.0196987429630415,-0.01277983118712911
2023-01-19,-0.004247357862719792,1.0,0.0,0.0,-0.004247357862719792,1.015367717489512,-0.016972908533372077
2023-01-20,0.016410722405791667,1.0,0.0,0.0,0.016410722405791667,1.0320306352410347,-0.0008407238179404253
2023-01-23,0.013404896533374622,1.0,0.0,0.0,0.013404896533374622,1.0458648991257136,0.0
2023-01-24,-0.004813677207800571,1.0,0.0,0.0,-0.004813677207800571,1.0408304430983535,-0.004813677207800571
2023-01-25,-0.003008410125818317,1.0,0.0,0.0,-0.003008410125818317,1.0376991982540764,-0.0078076058183644825
2023-01-26,0.01844833465618767,1.0,0.0,0.0,0.01844833465618767,1.0568430203359254,0.0
2023-01-27,-0.004829891601660363,1.0,0.0,0.0,-0.004829891601660363,1.0517385831077315,-0.004829891601660363
2023-01-30,-0.01104326367615438,1.0,0.0,0.0,-0.01104326367615438,1.0401239566160878,-0.015819817511330325
2023-01-31,0.008988008290945038,1.0,0.0,0.0,0.008988008290945038,1.0494725993617637,-0.006973997871338455
2023-02-01,0.01635034962005477,1.0,0.0,0.0,0.01635034962005477,1.0666318432779962,0.0
2023-02-02,0.014092006173175964,1.0,0.0,0.0,0.014092006173175964,1.0816628257979757,0.0
2023-02-03,-0.010188544588966453,1.0,0.0,0.0,-0.010188544588966453,1.0706422558671056,-0.010188544588966453
2023-02-06,-0.010156903059296507,1.0,0.0,0.0,-0.010156903059296507,1.0597678462630769,-0.020241963588557454
2023-02-07,0.015701591048126406,1.0,0.0,0.0,0.015701591048126406,1.0764078875910534,-0.004858203574709674
2023-02-08,-0.0071878720622203796,1.0,0.0,0.0,-0.0071878720622203796,1.068670805408284,-0.012011155491182701
2023-02-09,-0.003085778949432738,1.0,0.0,0.0,-0.003085778949432738,1.065373123533082,-0.015059870669842379
2023-02-10,-0.003135680370384586,1.0,0.0,0.0,-0.003135680370384586,1.062032453942484,-0.018148328099387045
2023-02-13,0.011142562853611038,1.0,0.0,0.0,0.011142562853611038,1.0738662173131128,-0.007207984132311385
2023-02-14,0.00321278930125235,1.0,0.0,0.0,0.00321278930125235,1.0773163232070728,-0.004018352565362759
2023-02-15,0.002269726055609489,1.0,0.0,0.0,0.002269726055609489,1.0797615361359894,-0.0017577470692714536
2023-02-16,-0.012815030346550293,1.0,0.0,0.0,-0.012815030346550293,1.065924359283369,-0.014550251833787442
2023-02-17,-0.006573713109684798,1.0,0.0,0.0,-0.006573713109684798,1.0589172783488154,-0.021028315762243288
2023-02-21,-0.015292878878366722,1.0,0.0,0.0,-0.015292878878366722,1.0427233846688173,-0.03599961115464201
2023-02-22,-0.0016222471703650765,1.0,0.0,0.0,-0.0016222471703650765,1.0410318296085648,-0.037563458057677246
2023-02-23,0.009846223853194225,1.0,0.0,0.0,0.009846223853194225,1.0512820620411911,-0.028087092421218873
2023-02-24,-0.012439681501059452,1.0,0.0,0.0,-0.012439681501059452,1.0382044480216217,-0.0401773794382676
2023-02-27,0.006470043486014987,1.0,0.0,0.0,0.006470043486014987,1.0449216759476958,-0.03396728534437232
2023-02-28,-0.004567118874918563,1.0,0.0,0.0,-0.004567118874918563,1.0401493944386635,-0.038379271589264796
2023-03-01,-0.0012712842633968435,1.0,0.0,0.0,-0.0012712842633968435,1.0388270688819319,-0.03960176488864964
2023-03-02,0.005971365508695259,1.0,0.0,0.0,0.005971365508695259,1.0450302850105524,-0.03386687599289395
2023-03-03,0.015393252845507854,1.0,0.0,0.0,0.015393252845507854,1.061116700418933,-0.018994944532632063
2023-03-06,0.0016592542849471759,1.0,0.0,0.0,0.0016592542849471759,1.062877362850932,-0.01736720769079314
2023-03-07,-0.011056108514292617,1.0,0.0,0.0,-0.011056108514292617,1.051126075389867,-0.028231302472266018
2023-03-08,0.0027849718997186024,1.0,0.0,0.0,0.0027849718997186024,1.0540534319728894,-0.02552495395662513
2023-03-09,-0.010261522577858617,1.0,0.0,0.0,-0.010261522577858617,1.0432372388824303,-0.03552455164315893
2023-03-10,-0.014323561671168772,1.0,0.0,0.0,-0.014323561671168772,1.0282943659536379,-0.04933927520802639
2023-03-13,0.0002097364168540672,1.0,0.0,0.0,0.0002097364168540672,1.0285100367294242,-0.04913988703396466
2023-03-14,0.014600892221519945,1.0,0.0,0.0,0.014600892221519945,1.043527200924462,-0.03525648100680523
2023-03-15,-0.010166176576548502,1.0,0.0,0.0,-0.010166176576548502,1.0329185191374326,-0.04506423397197079
2023-03-16,0.01797876763498074,1.0,0.0,0.0,0.01797876763498074,1.0514891211788728,-0.027895665728220553
2023-03-17,-0.006464746283478262,1.0,0.0,0.0,-0.006464746283478262,1.0446915107906138,-0.03418007361035724
2023-03-20,0.006231255727507046,1.0,0.0,0.0,0.006231255727507046,1.0512012507507058,-0.028161802662301394
2023-03-21,0.012031451660162729,1.0,0.0,0.0,0.012031451660162729,1.0638487277842155,-0.01646917836953321
2023-03-22,-0.007859101006037372,1.0,0.0,0.0,-0.007859101006037372,1.055487833177415,-0.024198846439278054
2023-03-23,0.008126842634676557,1.0,0.0,0.0,0.008126842634676557,1.0640656167004634,-0.016268664021554247
2023-03-24,-0.003212117942594128,1.0,0.0,0.0,-0.003212117942594128,1.0606477124409623,-0.019428525096542804
2023-03-27,0.002517001392084106,1.0,0.0,0.0,0.002517001392084106,1.0633173642096871,-0.016960425329172746
2023-03-28,-0.003420278009498179,1.0,0.0,0.0,-0.003420278009498179,1.0596805232117632,-0.020322693968885752
2023-03-29,0.012496524093998929,1.0,0.0,0.0,0.012496524093998929,1.0729228464020204,-0.00808013290972398
2023-03-30,0.008225364539019564,1.0,0.0,0.0,0.008225364539019564,1.0817480279359195,0.0
2023-03-31,0.011597610542930292,1.0,0.0,0.0,0.011597610542930292,1.0942937202695031,0.0
2023-04-03,-0.0010907368812792528,1.0,0.0,0.0,-0.0010907368812792528,1.093100133749853,-0.0010907368812792528
2023-04-04,-0.0028839578275713373,1.0,0.0,0.0,-0.0028839578275713373,1.0899476790628058,-0.0039715490696839995
2023-04-05,-0.009178974643563542,1.0,0.0,0.0,-0.009178974643563542,1.0799430769538774,-0.013114068965041192
2023-04-06,0.0028059852249615602,1.0,0.0,0.0,0.0028059852249615602,1.0829733812716096,-0.010344881623834512
2023-04-10,0.0008493096965331848,1.0,0.0,0.0,0.0008493096965331848,1.0838931610654108,-0.009504357935574026
2023-04-11,-0.005867616994756686,1.0,0.0,0.0,-0.005867616994756686,1.0775332911330429,-0.015316206998183701
2023-04-12,-0.002800374781619319,1.0,0.0,0.0,-0.002800374781619319,1.0745157940781986,-0.018073690659975217
2023-04-13,0.014660553374939544,1.0,0.0,0.0,0.014660553374939544,1.0902687902294976,-0.0036781075916384465
2023-04-14,-0.004790992304162467,1.0,0.0,0.0,-0.004790992304162467,1.0850453208460396,-0.008451478110635513
2023-04-17,0.004603554589619474,1.0,0.0,0.0,0.004603554589619474,1.0900403862127654,-0.0038868303618613265
2023-04-18,0.003123722287579511,1.0,0.0,0.0,0.003123722287579511,1.09344536966154,-0.0007752494529111864
2023-04-19,-0.004716825415114756,1.0,0.0,0.0,-0.004716825415114756,1.088287778751881,-0.0054884181517033115
2023-04-20,-0.004263959070114898,1.0,0.0,0.0,-0.004263959070114898,1.0836473642067768,-0.009728974831459625
2023-04-21,-0.0035183014759225806,1.0,0.0,0.0,-0.0035183014759225806,1.0798347660859084,-0.013213046840873544
2023-04-24,-0.0031058234571905707,1.0,0.0,0.0,-0.0031058234571905707,1.076480989939509,-0.016277832907244716
2023-04-25,-0.015555696405375574,1.0,0.0,0.0,-0.015555696405375574,1.0597355784738518,-0.03158031628577773
2023-04-26,0.004996061390452278,1.0,0.0,0.0,0.004996061390452278,1.0650300824815537,-0.026742032094218993
2023-04-27,0.01401594127358341,1.0,0.0,0.0,0.01401594127358341,1.0799574815722148,-0.013100905572004495
2023-04-28,0.005720701957305341,1.0,0.0,0.0,0.005720701957305341,1.0861355964508514,-0.007455149990847509
2023-05-01,-0.0005781123043376857,1.0,0.0,0.0,-0.0005781123043376857,1.085507688098364,-0.008028952381244792
2023-05-02,-0.006258209939227988,1.0,0.0,0.0,-0.006258209939227988,1.0787143530955985,-0.014236915450878906
2023-05-03,-0.0032224493685052424,1.0,0.0,0.0,-0.0032224493685052424,1.075238250709668,-0.01741348708017998
2023-05-04,0.002119000400367499,1.0,0.0,0.0,0.002119000400367499,1.0775166809934122,-0.01533138586590721
2023-05-05,0.009713487468664184,1.0,0.0,0.0,0.009713487468664184,1.0879831257715185,-0.005766819621728647
2023-05-08,0.29917022832234297,1.0,0.0,0.0,0.29917022832234297,1.41347528591944,0.0
2023-05-09,-0.004362676034443513,1.0,0.0,0.0,-0.004362676034443513,1.407308751164281,-0.004362676034443513
2023-05-10,0.008207424676648145,1.0,0.0,0.0,0.008207424676648145,1.4188591317362496,0.0
2023-05-11,-0.006439140415184341,1.0,0.0,0.0,-0.006439140415184341,1.4097228985576333,-0.006439140415184341
2023-05-12,0.0004803333146097266,1.0,0.0,0.0,0.0004803333146097266,1.4104000354301787,-0.005961900034233469
2023-05-15,0.005637888671346847,1.0,0.0,0.0,0.005637888671346847,1.4183517138119976,-0.00035762389154936347
2023-05-16,-0.003112839556644764,1.0,0.0,0.0,-0.003112839556644764,1.4139366124920087,-0.0034693502223981376
2023-05-17,0.008878822843074508,1.0,0.0,0.0,0.008878822843074508,1.4264907051856621,0.0
2023-05-18,0.011649710320511542,1.0,0.0,0.0,0.011649710320511542,1.4431089086759774,0.0
2023-05-19,0.0005591437328276161,1.0,0.0,0.0,0.0005591437328276161,1.4439158139780512,0.0
2023-05-22,0.0021635162366246963,1.0,0.0,0.0,0.0021635162366246963,1.447039749285912,0.0
2023-05-23,-0.00891432986216334,1.0,0.0,0.0,-0.00891432986216334,1.4341403596371152,-0.00891432986216334
2023-05-24,-0.005529919292707519,1.0,0.0,0.0,-0.005529919292707519,1.4262096791939074,-0.014394953630184504
2023-05-25,0.018252673965597044,1.0,0.0,0.0,0.018252673965597044,1.4522418194748126,0.0
2023-05-26,0.016476134746605586,1.0,0.0,0.0,0.016476134746605586,1.4761691513771353,0.0
2023-05-30,0.003379925078725421,1.0,0.0,0.0,0.003379925078725421,1.4811584925123158,0.0
2023-05-31,-0.004480388875100827,1.0,0.0,0.0,-0.004480388875100827,1.4745223264802025,-0.004480388875100827
2023-06-01,0.007990930179109235,1.0,0.0,0.0,0.007990930179109235,1.4863051314386435,0.0
2023-06-02,0.007348720067730019,1.0,0.0,0.0,0.007348720067730019,1.4972275717848167,0.0
2023-06-05,-0.004812161939489856,1.0,0.0,0.0,-0.004812161939489856,1.490022670249119,-0.004812161939489856
2023-06-06,0.00151652900361543,1.0,0.0,0.0,0.00151652900361543,1.4922823328445964,-0.003302930719025654
2023-06-07,-0.009909235963566854,1.0,0.0,0.0,-0.009909235963566854,1.4774949550841774,-0.013179437162726293
2023-06-08,0.007773998670878468,1.0,0.0,0.0,0.007773998670878468,1.4889809989012315,-0.005507895418833786
2023-06-09,0.002445596504299319,1.0,0.0,0.0,0.002445596504299319,1.4926224456271124,-0.0030757690043168306
2023-06-12,0.014591986604420848,1.0,0.0,0.0,0.014591986604420848,1.514402772359161,0.0
2023-06-13,0.004871178000645404,1.0,0.0,0.0,0.004871178000645404,1.5217796978279934,0.0
2023-06-14,0.005328610453935623,1.0,0.0,0.0,0.005328610453935623,1.5298886690344267,0.0
2023-06-15,0.010297655190450117,1.0,0.0,0.0,0.010297655190450117,1.54564293502792,0.0
2023-06-16,-0.0054753656683637075,1.0,0.0,0.0,-0.0054753656683637075,1.5371799747659192,-0.0054753656683637075
2023-06-20,-0.007042339354542904,1.0,0.0,0.0,-0.007042339354542904,1.52635463173461,-0.012479145639779698
2023-06-21,-0.011389216881161124,1.0,0.0,0.0,-0.011389216881161124,1.5089706477962197,-0.023726234824757775
2023-06-22,0.0043938989598850675,1.0,0.0,0.0,0.0043938989598850675,1.5156009123560685,-0.0194365865433912
2023-06-23,-0.009194633114043671,1.0,0.0,0.0,-0.009194633114043671,1.5016655180196445,-0.028452507375179126
2023-06-26,-0.004111558183864772,1.0,0.0,0.0,-0.004111558183864772,1.4954913328696033,-0.03244708141949404
2023-06-27,0.013944427752252464,1.0,0.0,0.0,0.013944427752252464,1.5163451037149234,-0.01895510964986702
2023-06-28,0.0010099259047882114,1.0,0.0,0.0,0.0010099259047882114,1.517876499915764,-0.017964327001342317
2023-06-29,0.0013787765861523749,1.0,0.0,0.0,0.0013787765861523749,1.5199693124945186,-0.01661031920864542
2023-06-30,0.010984636640266388,1.0,0.0,0.0,0.010984636640266388,1.5366656230966265,-0.005808140889364766
2023-07-03,-0.00015432863221520599,1.0,0.0,0.0,-0.00015432863221520599,1.5364284715928418,-0.005961573159140809
2023-07-05,-0.0016366737783536367,1.0,0.0,0.0,-0.0016366737783536367,1.5339138394010698,-0.007588489787027197
2023-07-06,-0.004469058850035568,1.0,0.0,0.0,-0.004469058850035568,1.5270586881819024,-0.012023635229621688
2023-07-07,-0.001704549187078408,1.0,0.0,0.0,-0.001704549187078408,1.524455741536341,-0.013707689539043666
2023-07-10,0.0028551594905934508,1.0,0.0,0.0,0.0028551594905934508,1.5288083058147781,-0.010891667688331719
2023-07-11,0.003787320574254016,1.0,0.0,0.0,0.003787320574254016,1.534598392965481,-0.007145597351201571
2023-07-12,0.009698101349402855,1.0,0.0,0.0,0.009698101349402855,1.5494810837110908,0.0
2023-07-13,0.011671487089125243,1.0,0.0,0.0,0.011671487089125243,1.5675658321744685,0.0
2023-07-14,-0.004718717895493274,1.0,0.0,0.0,-0.004718717895493274,1.560168931229823,-0.004718717895493274
2023-07-17,0.0124982158772029,1.0,0.0,0.0,0.0124982158772029,1.5796682593372382,0.0
2023-07-18,0.0021044334133808462,1.0,0.0,0.0,0.0021044334133808462,1.5829925660042445,0.0
2023-07-19,-0.0033859700250797875,1.0,0.0,0.0,-0.0033859700250797875,1.57763260062583,-0.0033859700250797875
2023-07-20,-0.019096157225935384,1.0,0.0,0.0,-0.019096157225935384,1.5475058804395179,-0.022417468235053972
2023-07-21,-0.003155269489914847,1.0,0.0,0.0,-0.003155269489914847,1.5426230823495033,-0.0255020045714055
2023-07-24,0.002732069363710954,1.0,0.0,0.0,0.002732069363710954,1.5468376356125437,-0.022839608453097404
2023-07-25,0.005818156104588912,1.0,0.0,0.0,0.005818156104588912,1.5558373784449908,-0.017154336755856203
2023-07-26,-0.0029969605776010155,1.0,0.0,0.0,-0.0029969605776010155,1.5511745951566331,-0.020099886462464966
2023-07-27,-0.0015548312096663741,1.0,0.0,0.0,-0.0015548312096663741,1.548762780484442,-0.02162346574134877
2023-07-28,0.013930417271657891,1.0,0.0,0.0,0.013930417271657891,1.5703376922714034,-0.007994272370327238
2023-07-31,0.008803702269308156,1.0,0.0,0.0,0.008803702269308156,1.5841624777764334,0.0
2023-08-01,-0.005053222741092989,1.0,0.0,0.0,-0.005053222741092989,1.5761573519181473,-0.005053222741092989
2023-08-02,-0.021084306014665044,1.0,0.0,0.0,-0.021084306014665044,1.542925167983041,-0.026030985061124556
2023-08-03,-0.0022903911249659847,1.0,0.0,0.0,-0.0022903911249659847,1.5393912658718059,-0.02826175504893247
2023-08-04,-0.006192578101241075,1.0,0.0,0.0,-0.006192578101241075,1.5298584652295264,-0.03427932002475487
2023-08-07,0.005035233956630414,1.0,0.0,0.0,0.005035233956630414,1.5375616605224887,-0.02941669046432327
2023-08-08,-0.00705779011647667,1.0,0.0,0.0,-0.00705779011647667,1.5267098730313795,-0.03626686375358146
2023-08-09,-0.011443498714045597,1.0,0.0,0.0,-0.011443498714045597,1.5092389705626241,-0.04729534265890045
2023-08-10,-0.0034336276116221365,1.0,0.0,0.0,-0.0034336276116221365,1.5040568059607642,-0.050566575676067815
2023-08-11,-0.0027414997020760445,1.0,0.0,0.0,-0.0027414997020760445,1.4999334346753173,-0.05316944712599303
2023-08-14,0.007760171446424602,1.0,0.0,0.0,0.007760171446424602,1.5115731752866222,-0.04582187970497775
2023-08-15,-0.010451579755431317,1.0,0.0,0.0,-0.010451579755431317,1.4957748476889434,-0.055794548430128765
2023-08-16,-0.009829113705598136,1.0,0.0,0.0,-0.009829113705598136,1.4810727066330351,-0.06507525117505464
2023-08-17,-0.009985071434946091,1.0,0.0,0.0,-0.009985071434946091,1.4662840898569554,-0.07441054157837068
2023-08-18,0.002103236588752333,1.0,0.0,0.0,0.002103236588752333,1.469368032204248,-0.0724638079632548
2023-08-21,0.01378774243696368,1.0,0.0,0.0,0.01378774243696368,1.4896273001773883,-0.059675177846490124
2023-08-22,-0.002808998274225316,1.0,0.0,0.0,-0.002808998274225316,1.485442939661951,-0.0623165486491305
2023-08-23,0.012360861396554679,1.0,0.0,0.0,0.012360861396554679,1.5038042939516032,-0.05072597347313945
2023-08-24,-0.015650308516424127,1.0,0.0,0.0,-0.015650308516424127,1.4802692928029373,-0.06558240485491296
2023-08-25,0.0078870803134381,1.0,0.0,0.0,0.0078870803134381,1.4919442956007902,-0.05821257823571402
2023-08-28,0.005766930005716153,1.0,0.0,0.0,0.005766930005716153,1.5005482339259475,-0.05278135609413548
2023-08-29,0.01489781125675771,1.0,0.0,0.0,0.01489781125675771,1.5229031182966373,-0.038669871518344
2023-08-30,0.006261714228056547,1.0,0.0,0.0,0.006261714228056547,1.532439102420427,-0.032650296974971016
2023-08-31,0.004832312728116905,1.0,0.0,0.0,0.004832312728116905,1.5398443274001172,-0.02797576069250307
2023-09-01,0.0033637255811955757,1.0,0.0,0.0,0.0033637255811955757,1.545023941155252,-0.024706137893202196
2023-09-05,0.29903785430814067,1.0,0.0,0.0,0.29903785430814067,2.0070445853730257,0.0
2023-09-06,-0.006063276246663807,1.0,0.0,0.0,-0.006063276246663807,1.9948753196125382,-0.006063276246663807
2023-09-07,-0.008412578749613209,1.0,0.0,0.0,-0.008412578749613209,1.9780932738906378,-0.01442484720737136
2023-09-08,0.0004089641939446498,1.0,0.0,0.0,0.0004089641939446498,1.9789022432119419,-0.01402178225943762
2023-09-11,0.30598436829443787,1.0,0.0,0.0,0.30598436829443787,2.5844153960175937,0.0
2023-09-12,-0.00792346807792843,1.0,0.0,0.0,-0.00792346807792843,2.5639378631271414,-0.00792346807792843
2023-09-13,-0.00043609574420000463,1.0,0.0,0.0,-0.00043609574420000463,2.5628197407366384,-0.008356108431420428
2023-09-14,0.005665286891536336,1.0,0.0,0.0,0.005665286891536336,2.5773388498192045,-0.002738161291444774
2023-09-15,-0.014343183950729754,1.0,0.0,0.0,-0.014343183950729754,2.5403716045928855,-0.017042071291084482
2023-09-18,0.3021911863250677,1.0,0.0,0.0,0.3021911863250677,3.3080495134913255,0.0
2023-09-19,-0.0024127438829326664,1.0,0.0,0.0,-0.0024127438829326664,3.3000680372632107,-0.0024127438829326664
2023-09-20,-0.010264085333404616,1.0,0.0,0.0,-0.010264085333404616,3.2661958573227,-0.012652064607235225
2023-09-21,-0.013105614928134557,1.0,0.0,0.0,-0.013105614928134557,3.2233903521367604,-0.02559186644858147
2023-09-22,0.002831855062550126,1.0,0.0,0.0,0.002831855062550126,3.232518526424034,-0.022832483842593954
2023-09-25,0.3048747581656095,1.0,0.0,0.0,0.3048747581656095,4.2180318304334135,0.0
2023-09-26,-0.013908576423540708,1.0,0.0,0.0,-0.013908576423540708,4.159365012362903,-0.013908576423540708
2023-09-27,0.0056118977688399685,1.0,0.0,0.0,0.0056118977688399685,4.182706943595574,-0.00837473216369966
2023-09-28,0.007316275807405681,1.0,0.0,0.0,0.007316275807405681,4.21330878121647,-0.0011197282066167658
2023-09-29,-0.0018803334506397595,1.0,0.0,0.0,-0.0018803334506397595,4.205386355777274,-0.00299795619485399
2023-10-02,0.3055162171736059,1.0,0.0,0.0,0.3055162171736059,5.4902000869478425,0.0
2023-10-03,-0.014027875304814308,1.0,0.0,0.0,-0.014027875304814308,5.413184244729657,-0.014027875304814308
2023-10-04,0.006427385331295721,1.0,0.0,0.0,0.006427385331295721,5.447976865739833,-0.007690652533482112
2023-10-05,0.00010102872153505693,1.0,0.0,0.0,0.00010102872153505693,5.448527267877531,-0.0075904007887404035
2023-10-06,0.014444047890451728,1.0,0.0,0.0,0.014444047890451728,5.527226056667186,0.0
2023-10-09,0.3116320200811944,1.0,0.0,0.0,0.3116320200811944,7.249686678151796,0.0
2023-10-10,0.0023151418198681384,1.0,0.0,0.0,0.0023151418198681384,7.266470730961326,0.0
2023-10-11,0.005411667082370508,1.0,0.0,0.0,0.005411667082370508,7.305794451421078,0.0
2023-10-12,-0.0002954865328878009,1.0,0.0,0.0,-0.0002954865328878009,7.303635687548637,-0.0002954865328878009
2023-10-13,-0.0069947072777944985,1.0,0.0,0.0,-0.0069947072777944985,7.25254889385058,-0.00728812696888026
2023-10-16,0.30914768392738434,1.0,0.0,0.0,0.30914768392738434,9.4946575869546,0.0
2023-10-17,-0.0023225514228454314,1.0,0.0,0.0,-0.0023225514228454314,9.472605756466589,-0.0023225514228454314
2023-10-18,-0.007573458137674849,1.0,0.0,0.0,-0.007573458137674849,9.400865373315291,-0.009878419814546846
2023-10-19,-0.0014334160701233722,1.0,0.0,0.0,-0.0014334160701233722,9.387390021816115,-0.011297675998960588
2023-10-20,-0.014386150023241395,1.0,0.0,0.0,-0.014386150023241395,9.252341620635589,-0.025521295960367008
2023-10-23,0.290807659350508,1.0,0.0,0.0,0.290807659350508,11.94299343084391,0.0
2023-10-24,0.0036037468443126386,1.0,0.0,0.0,0.0036037468443126386,11.98603295573196,0.0
2023-10-25,-0.008802673174245657,1.0,0.0,0.0,-0.008802673174245657,11.880523824966913,-0.008802673174245657
2023-10-26,-0.017105644807323128,1.0,0.0,0.0,-0.017105644807323128,11.677299804292089,-0.02575774258089525
2023-10-27,0.005305077738363639,1.0,0.0,0.0,0.005305077738363639,11.739248787528037,-0.020589311669287902
2023-10-30,0.007322462399475649,1.0,0.0,0.0,0.007322462399475649,11.825208995372801,-0.013417613730341782
2023-10-31,0.003960238530999138,1.0,0.0,0.0,0.003960238530999138,11.872039643673395,-0.009510512150231576
2023-11-01,0.014219572888943377,1.0,0.0,0.0,0.014219572888943377,12.040854976727033,0.0
2023-11-02,0.013352086193047175,1.0,0.0,0.0,0.013352086193047175,12.201625510214273,0.0
2023-11-03,0.00828976346511312,1.0,0.0,0.0,0.00828976346511312,12.30277409958384,0.0
2023-11-06,0.266473093807877,1.0,0.0,0.0,0.266473093807877,15.581132376319363,0.0
2023-11-07,0.0054379633171026676,1.0,0.0,0.0,0.0054379633171026676,15.66586200262071,0.0
2023-11-08,0.003977017597849519,1.0,0.0,0.0,0.003977017597849519,15.728165411490615,0.0
2023-11-09,-0.004901649485696491,1.0,0.0,0.0,-0.004901649485696491,15.651071457590433,-0.004901649485696491
2023-11-10,0.021233960322893486,1.0,0.0,0.0,0.021233960322893486,15.983405687931679,0.0
2023-11-13,-0.0029556191761911377,1.0,0.0,0.0,-0.0029556191761911377,15.936164827579585,-0.0029556191761911377
2023-11-14,0.01681168418745016,1.0,0.0,0.0,0.01681168418745016,16.204078597820004,0.0
2023-11-15,-0.0004742698835811243,1.0,0.0,0.0,-0.0004742698835811243,16.196393491349877,-0.0004742698835811243
2023-11-16,0.0016996723703013306,1.0,0.0,0.0,0.0016996723703013306,16.223922053865653,0.0
2023-11-17,0.001259431709507819,1.0,0.0,0.0,0.001259431709507819,16.244354975752874,0.0
2023-11-20,0.011455281079112867,1.0,0.0,0.0,0.011455281079112867,16.43043862794901,0.0
2023-11-21,-0.0069508419866007864,1.0,0.0,0.0,-0.0069508419866007864,16.316233245275594,-0.0069508419866007864
2023-11-22,0.0024839143152834975,1.0,0.0,0.0,0.0024839143152834975,16.35676137060504,-0.0044841929672310155
2023-11-24,-0.0007487447509482159,1.0,0.0,0.0,-0.0007487447509482159,16.344514331386286,-0.005229580202232853
2023-11-27,-0.0010177250083835965,1.0,0.0,0.0,-0.0010177250083835965,16.32788011040135,-0.006241982936061263
2023-11-28,0.0014171235762205914,1.0,0.0,0.0,0.0014171235762205914,16.3510187342555,-0.004833705021021872
2023-11-29,0.0007952408588240978,1.0,0.0,0.0,0.0007952408588240978,16.364021732436377,-0.004042308121930072
2023-11-30,0.00037870093934055937,1.0,0.0,0.0,0.00037870093934055937,16.37021880283784,-0.003665138008472346
2023-12-01,0.0024348946072452193,1.0,0.0,0.0,0.0024348946072452193,16.410078560320294,-0.0012391676259988493
2023-12-04,-0.00906286285929958,1.0,0.0,0.0,-0.00906286285929958,16.261356268817778,-0.010290800079044371
2023-12-05,0.0024498779019306305,1.0,0.0,0.0,0.0024498779019306305,16.301194606196177,-0.00786613338082054
2023-12-06,-0.008371070223286203,1.0,0.0,0.0,-0.008371070223286203,16.164736161424255,-0.016171355649190033
2023-12-07,0.008892824470736471,1.0,0.0,0.0,0.008892824470736471,16.308486322723567,-0.0074223402056956544
2023-12-08,0.006477942866422559,1.0,0.0,0.0,0.006477942866422559,16.414131765360004,-0.0009924788350608171
2023-12-11,0.0061809155143548455,1.0,0.0,0.0,0.0061809155143548455,16.515586127043182,0.0
2023-12-12,0.004999283066453364,1.0,0.0,0.0,0.004999283066453364,16.59815221710066,0.0
2023-12-13,0.00932262788721161,1.0,0.0,0.0,0.00932262788721161,16.752890613835987,0.0
2023-12-14,0.0011954856432481176,1.0,0.0,0.0,0.0011954856432481176,16.772918454047733,0.0
2023-12-15,0.003424589234878983,1.0,0.0,0.0,0.003424589234878983,16.830358810022968,0.0
2023-12-18,0.0023162210049323395,1.0,0.0,0.0,0.0023162210049323395,16.869341640619293,0.0
2023-12-19,0.0041941268342842175,1.0,0.0,0.0,0.0041941268342842175,16.940093799070922,0.0
2023-12-20,-0.012669048747884215,1.0,0.0,0.0,-0.012669048747884215,16.725478924936763,-0.012669048747884215
2023-12-21,0.009104588679681891,1.0,0.0,0.0,0.009104588679681891,16.877757531019,-0.00367980654601463
2023-12-22,0.001088429313231165,1.0,0.0,0.0,0.001088429313231165,16.89612777705737,-0.0025953824420951177
2023-12-26,0.004307578136401036,1.0,0.0,0.0,0.004307578136401036,16.96890916765966,0.0
2023-12-27,-0.00018052206572227725,1.0,0.0,0.0,-0.00018052206572227725,16.96584590512366,-0.00018052206572227725
2023-12-28,-3.3131384479245796e-06,1.0,0.0,0.0,-3.3131384479245796e-06,16.96578969492729,-0.00018383460607551694
2023-12-29,-0.006162673530308305,1.0,0.0,0.0,-0.006162673530308305,16.861235071853585,-0.0063453752237231376
2024-01-02,-0.018852143042066283,1.0,0.0,0.0,-0.018852143042066283,16.543364656413097,-0.025077894344416207
2024-01-03,-0.013530773622367764,1.0,0.0,0.0,-0.013530773622367764,16.31952013429489,-0.03826934465548404
2024-01-04,-0.004882726327874898,1.0,0.0,0.0,-0.004882726327874898,16.239836383676884,-0.04296521224665906
2024-01-05,-0.0011788897338032012,1.0,0.0,0.0,-0.0011788897338032012,16.220691407285525,-0.044093450732833994
2024-01-08,0.017766410710968294,1.0,0.0,0.0,0.017766410710968294,16.508874872843233,-0.027110422377249033
2024-01-09,-0.00022320763413508082,1.0,0.0,0.0,-0.00022320763413508082,16.505189965940634,-0.027327578758144955
2024-01-10,0.006205491465091306,1.0,0.0,0.0,0.006205491465091306,16.60761278140399,-0.021291668349798787
2024-01-11,0.0014015782552398992,1.0,0.0,0.0,0.0014015782552398992,16.63088965034985,-0.019919932033935828
2024-01-12,0.0018338184187369766,1.0,0.0,0.0,0.0018338184187369766,16.661387682110643,-0.01812264315346268
2024-01-16,0.0007250361390258586,1.0,0.0,0.0,0.0007250361390258586,16.673467790306493,-0.017410746585657777
2024-01-17,-0.003371649018536149,1.0,0.0,0.0,-0.003371649018536149,16.617250708995712,-0.02072369267755636
2024-01-18,0.014121695318207061,1.0,0.0,0.0,0.014121695318207061,16.85191446053441,-0.006894651033209964
2024-01-19,0.016732560987758882,1.0,0.0,0.0,0.016732560987758882,17.133890147005797,0.0
2024-01-22,0.004094756179555237,1.0,0.0,0.0,0.004094756179555237,17.20404924956507,0.0
2024-01-23,0.0027051993456086443,1.0,0.0,0.0,0.0027051993456086443,17.250589632336812,0.0
2024-01-24,0.0038059691978848953,1.0,0.0,0.0,0.0038059691978848953,17.31624484512284,0.0
2024-01-25,0.0016289660444974707,1.0,0.0,0.0,0.0016289660444974707,17.344452419993747,0.0
2024-01-26,-0.01076255127118586,1.0,0.0,0.0,-0.01076255127118586,17.15778186155292,-0.01076255127118586
2024-01-29,0.010222185529625172,1.0,0.0,0.0,0.010222185529625172,17.33317189101855,-0.0006503825374268857
2024-01-30,-0.004988431270847471,1.0,0.0,0.0,-0.004988431270847471,17.24670655433442,-0.005635569419686681
2024-01-31,-0.018856453026013242,1.0,0.0,0.0,-0.018856453026013242,16.92149484233918,-0.024385755595662695
2024-02-01,0.008685775190433453,1.0,0.0,0.0,0.008685775190433453,17.068471142425818,-0.015911789596182002
2024-02-02,0.006267412666866701,1.0,0.0,0.0,0.006267412666866701,17.175446294667907,-0.009744102680982802
2024-02-05,0.0006520951827539978,1.0,0.0,0.0,0.0006520951827539978,17.18664632045831,-0.009098361580647474
2024-02-06,-0.0038303048231729253,1.0,0.0,0.0,-0.0038303048231729253,17.12081622616289,-0.012893816905575006
2024-02-07,0.008394244901052783,1.0,0.0,0.0,0.008394244901052783,17.26453255047122,-0.004607805861336911
2024-02-08,0.0028708132431318756,1.0,0.0,0.0,0.0028708132431318756,17.314095799153595,-0.0017502207682935644
2024-02-09,0.011713178383056189,1.0,0.0,0.0,0.011713178383056189,17.516898891790404,0.0
2024-02-12,-0.004195098942460285,1.0,0.0,0.0,-0.004195098942460285,17.44341376777427,-0.004195098942460285
2024-02-13,-0.017275477166089348,1.0,0.0,0.0,-0.017275477166089348,17.142070471530438,-0.021398103772559685
2024-02-14,0.01118661351098349,1.0,0.0,0.0,0.01118661351098349,17.33383218867349,-0.01045086257834782
2024-02-15,3.809474899796328e-05,1.0,0.0,0.0,3.809474899796328e-05,17.33449251665989,-0.010413165952336656
2024-02-16,-0.007265178021110041,1.0,0.0,0.0,-0.007265178021110041,17.208554342620754,-0.017602690469039617
2024-02-20,-0.0102724649217113,1.0,0.0,0.0,-0.0102724649217113,17.03178007178282,-0.027694332370379993
2024-02-21,-0.005037664806928466,1.0,0.0,0.0,-0.005037664806928466,16.945979672715854,-0.03259248241377477
2024-02-22,0.027845553303959436,1.0,0.0,0.0,0.027845553303959436,17.417849852980275,-0.005654484816176586
2024-02-23,-0.009179447236490779,1.0,0.0,0.0,-0.009179447236490779,17.257963619281725,-0.014782027007647747
2024-02-26,-0.0008743632834864457,1.0,0.0,0.0,-0.0008743632834864457,17.24287388954528,-0.015643465429463155
2024-02-27,0.002279203572971511,1.0,0.0,0.0,0.002279203572971511,17.28217390932263,-0.01339991649879202
2024-02-28,-0.0021485674341806815,1.0,0.0,0.0,-0.0021485674341806815,17.24504199326921,-0.015519693308762794
2024-02-29,0.007805713907996115,1.0,0.0,0.0,0.007805713907996115,17.37965185740005,-0.007835121686674773
2024-03-01,0.010853943717315628,1.0,0.0,0.0,0.010853943717315628,17.56828962048681,0.0
2024-03-04,0.0011674028303465533,1.0,0.0,0.0,0.0011674028303465533,17.588798891514113,0.0
2024-03-05,-0.012250921345096644,1.0,0.0,0.0,-0.012250921345096644,17.37331989973945,-0.012250921345096644
2024-03-06,0.006434566040587564,1.0,0.0,0.0,0.006434566040587564,17.485109673978577,-0.00589518466696215
2024-03-07,0.008245370770791238,1.0,0.0,0.0,0.008245370770791238,17.62928088620848,0.0
2024-03-08,-0.008764764199669872,1.0,0.0,0.0,-0.008764764199669872,17.474764396231116,-0.008764764199669872
2024-03-11,-0.004985974428200812,1.0,0.0,0.0,-0.004985974428200812,17.387635667812674,-0.013707037737701877
2024-03-12,0.010772059936273726,1.0,0.0,0.0,0.010772059936273726,17.574936321376445,-0.0030826308334873653
2024-03-13,-0.004372102597755667,1.0,0.0,0.0,-0.004372102597755667,17.498096896630365,-0.007441255852967954
2024-03-14,-0.004932936972133706,1.0,0.0,0.0,-0.004932936972133706,17.411779887507,-0.012337485578985508
2024-03-15,-0.007494847526138049,1.0,0.0,0.0,-0.007494847526138049,17.281281252091457,-0.01973986553185314
2024-03-18,0.0014178310283574636,1.0,0.0,0.0,0.0014178310283574636,17.305783188860445,-0.018350022297342283
2024-03-19,0.00458303883859279,1.0,0.0,0.0,0.00458303883859279,17.385096265347258,-0.013851082323627306
2024-03-20,0.0102871029151963,1.0,0.0,0.0,0.0102871029151963,17.56393853981948,-0.0037064669177810927
2024-03-21,0.0039209632584540355,1.0,0.0,0.0,0.0039209632584540355,17.632806097507856,0.0
2024-03-22,-0.0008165975171979811,1.0,0.0,0.0,-0.0008165975171979811,17.618407191827398,-0.0008165975171979811
2024-03-25,-0.005216474483857536,1.0,0.0,0.0,-0.005216474483857536,17.52650122026502,-0.006028812240943426
2024-03-26,-0.0033569465695830747,1.0,0.0,0.0,-0.0033569465695830747,17.467665692116856,-0.009365520409955641
2024-03-27,0.00726400880088085,1.0,0.0,0.0,0.00726400880088085,17.59455096943524,-0.0021695428317574095
2024-03-28,-0.001049985117269836,1.0,0.0,0.0,-0.001049985117269836,17.576076952772286,-0.0032172499613426497
2024-04-01,0.22873267155103139,1.0,0.0,0.0,0.22873267155103139,21.596299989566404,0.0
2024-04-02,-0.007172024310692859,1.0,0.0,0.0,-0.007172024310692859,21.44141080102022,-0.007172024310692859
2024-04-03,0.0022869826046547637,1.0,0.0,0.0,0.0022869826046547637,21.49044693454141,-0.004901444000876665
2024-04-04,-0.012468114429493471,1.0,0.0,0.0,-0.012468114429493471,21.22250158302059,-0.01730844666569742
2024-04-05,0.00764969382299685,1.0,0.0,0.0,0.00764969382299685,21.384847222288766,-0.009791157160244812
2024-04-08,-0.000496336104294226,1.0,0.0,0.0,-0.000496336104294226,21.374233150527527,-0.010282633559737686
2024-04-09,-0.00015041393167292139,1.0,0.0,0.0,-0.00015041393167292139,21.371018168082863,-0.01043150084006883
2024-04-10,-0.009671924096370632,1.0,0.0,0.0,-0.009671924096370632,21.164319302499006,-0.020002532252103244
2024-04-11,0.006603171524664164,1.0,0.0,0.0,0.006603171524664164,21.304070933056167,-0.013531440878827294
2024-04-12,-0.011970197114500203,1.0,0.0,0.0,-0.011970197114500203,21.04905700464619,-0.025339663978764748
2024-04-15,0.16939717061878246,1.0,0.0,0.0,0.16939717061878246,24.61470770542672,0.0
2024-04-16,-0.001324848390951705,1.0,0.0,0.0,-0.001324848390951705,24.58209694952944,-0.001324848390951705
2024-04-17,-0.008341250888489804,1.0,0.0,0.0,-0.008341250888489804,24.377051511508235,-0.009655048386623344
2024-04-18,-0.0034773974522039897,1.0,0.0,0.0,-0.0034773974522039897,24.29228281468987,-0.0130988713981669
2024-04-19,-0.006179704776812067,1.0,0.0,0.0,-0.006179704776812067,24.14216367854026,-0.019197629016828865
2024-04-22,0.22435564035136668,1.0,0.0,0.0,0.22435564035136668,29.558594270106667,0.0
2024-04-23,0.010086539280231177,1.0,0.0,0.0,0.010086539280231177,29.856738192280513,0.0
2024-04-24,0.0013346481631506535,1.0,0.0,0.0,0.0013346481631506535,29.89658643306651,0.0
2024-04-25,-0.0017608729376837884,1.0,0.0,0.0,-0.0017608729376837884,29.8439423430874,-0.0017608729376837884
2024-04-26,0.007060921937826814,1.0,0.0,0.0,0.007060921937826814,30.054668090288942,0.0
2024-04-29,0.15186274193206106,1.0,0.0,0.0,0.15186274193206106,34.61885239433824,0.0
2024-04-30,-0.01941718786237434,1.0,0.0,0.0,-0.01941718786237434,33.94665163381757,-0.01941718786237434
2024-05-01,-0.0026991277653052315,1.0,0.0,0.0,-0.0026991277653052315,33.855025283853585,-0.022063906156796098
2024-05-02,0.008079594109859256,1.0,0.0,0.0,0.008079594109859256,34.128560146726144,-0.014162579453161794
2024-05-03,0.013574325339698934,1.0,0.0,0.0,0.013574325339698934,34.59183232553329,-0.0007805015746094046
2024-05-06,0.23585417237086448,1.0,0.0,0.0,0.23585417237086448,42.75046030946366,0.0
2024-05-07,-0.0029809072681582505,1.0,0.0,0.0,-0.0029809072681582505,42.62302515161007,-0.0029809072681582505
2024-05-08,0.0004462387753678687,1.0,0.0,0.0,0.0004462387753678687,42.642045198156204,-0.0025359986891990705
2024-05-09,0.008058369559771794,1.0,0.0,0.0,0.008058369559771794,42.98567055714744,0.0
2024-05-10,0.0019400127810680345,1.0,0.0,0.0,0.0019400127810680345,43.06906330743108,0.0
2024-05-13,-8.837675091821762e-05,1.0,0.0,0.0,-8.837675091821762e-05,43.065257003550876,-8.837675091821762e-05
2024-05-14,0.008013061921051223,1.0,0.0,0.0,0.008013061921051223,43.41034157456632,0.0
2024-05-15,0.013714679289180909,1.0,0.0,0.0,0.013714679289180909,44.00570048709529,0.0
2024-05-16,-0.0038584219767225925,1.0,0.0,0.0,-0.0038584219767225925,43.83590792523481,-0.0038584219767225925
2024-05-17,0.002108819999296685,1.0,0.0,0.0,0.002108819999296685,43.92834996455487,-0.0017577386948561813
2024-05-20,0.24319981126455836,1.0,0.0,0.0,0.24319981126455836,54.611716385098084,0.0
2024-05-21,-0.00363118896399528,1.0,0.0,0.0,-0.00363118896399528,54.413410923255675,-0.00363118896399528
2024-05-22,-0.0048629763234432355,1.0,0.0,0.0,-0.0048629763234432355,54.148799794258096,-0.008476506901480607
2024-05-23,-0.009151771868734726,1.0,0.0,0.0,-0.009151771868734726,53.65324233157526,-0.017550703712809312
2024-05-24,0.007846689723220779,1.0,0.0,0.0,0.007846689723220779,54.074242676795905,-0.009841728916047066
2024-05-28,0.24174441321788986,1.0,0.0,0.0,0.24174441321788986,67.1463887428997,0.0
2024-05-29,-0.008856989123485537,1.0,0.0,0.0,-0.008856989123485537,66.55167390812251,-0.008856989123485537
2024-05-30,-0.0025510304264709793,1.0,0.0,0.0,-0.0025510304264709793,66.38189856305031,-0.01138542510121554
2024-05-31,0.0044775891497486064,1.0,0.0,0.0,0.0044775891497486064,66.67912943179594,-0.00695881520736541
2024-06-03,0.22705647317880762,1.0,0.0,0.0,0.22705647317880762,81.81905739521277,0.0
2024-06-04,-0.008310011982787024,1.0,0.0,0.0,-0.008310011982787024,81.13914004783821,-0.008310011982787024
2024-06-05,0.019906074504618898,1.0,0.0,0.0,0.019906074504618898,82.75430181487118,0.0
2024-06-06,-0.0033119077992226353,1.0,0.0,0.0,-0.0033119077992226353,82.48022719727129,-0.0033119077992226353
2024-06-07,-0.008314946427308234,1.0,0.0,0.0,-0.008314946427308234,81.79440852681377,-0.011599315890608142
2024-06-10,0.23101386937728408,1.0,0.0,0.0,0.23101386937728408,100.69005133401933,0.0
2024-06-11,-0.0029724484931219486,1.0,0.0,0.0,-0.0029724484931219486,100.39075534265915,-0.0029724484931219486
2024-06-12,0.01784723987738701,1.0,0.0,0.0,0.01784723987738701,102.18245323473165,0.0
2024-06-13,-0.001500624510912374,1.0,0.0,0.0,-0.001500624510912374,102.02911574082246,-0.001500624510912374
2024-06-14,-0.004197302628981547,1.0,0.0,0.0,-0.004197302628981547,101.60086866509084,-0.005691628564689188
2024-06-17,0.007935176298804691,1.0,0.0,0.0,0.007935176298804691,102.40708947006004,0.0
2024-06-18,0.002108411961640577,1.0,0.0,0.0,0.002108411961640577,102.62300580245551,0.0
2024-06-20,-0.007328629873126213,1.0,0.0,0.0,-0.007328629873126213,101.87091977646163,-0.007328629873126213
2024-06-21,-0.0029698820374597368,1.0,0.0,0.0,-0.0029698820374597368,101.56837516167802,-0.010276746744366516
2024-06-24,-0.015450912673562023,1.0,0.0,0.0,-0.015450912673562023,99.99905106665935,-0.02556887430141297
2024-06-25,0.013520413319183966,1.0,0.0,0.0,0.013520413319183966,101.35107956860676,-0.012394162730890446
2024-06-26,2.983184023008789e-05,1.0,0.0,0.0,2.983184023008789e-05,101.3541030578196,-0.012364700631342762
2024-06-27,0.00014547097349071336,1.0,0.0,0.0,0.00014547097349071336,101.3688471378587,-0.012221028362889852
2024-06-28,-9.912067231931943e-05,1.0,0.0,0.0,-9.912067231931943e-05,101.35879938957815,-0.012318937678661435
2024-07-01,0.006601958716987433,1.0,0.0,0.0,0.006601958716987433,102.02796599875155,-0.005798308079665637
2024-07-02,0.0025489558299347514,1.0,0.0,0.0,0.0025489558299347514,102.28803077750045,-0.003264131880914345
2024-07-03,0.009531549543917883,1.0,0.0,0.0,0.009531549543917883,103.262994210606,0.0
2024-07-05,0.0018284544982276607,1.0,0.0,0.0,0.0018284544982276607,103.45180589687084,0.0
2024-07-08,0.003633189746982568,1.0,0.0,0.0,0.003633189746982568,103.82766593736218,0.0
2024-07-09,0.0005427395540935631,1.0,0.0,0.0,0.0005427395540935631,103.8840173184756,0.0
2024-07-10,0.009591885180363358,1.0,0.0,0.0,0.009591885180363358,104.88046088466929,0.0
2024-07-11,-0.016304435400744888,1.0,0.0,0.0,-0.016304435400744888,103.17044418537485,-0.016304435400744888
2024-07-12,0.006136488802213957,1.0,0.0,0.0,0.006136488802213957,103.80354846083785,-0.010267998583794014
2024-07-15,0.0035997240388616625,1.0,0.0,0.0,0.0035997240388616625,104.17721258955146,-0.006705236506265422
2024-07-16,-0.0001101818875373084,1.0,0.0,0.0,-0.0001101818875373084,104.16573414762996,-0.006814679598188156
2024-07-17,-0.025626062215087453,1.0,0.0,0.0,-0.025626062215087453,101.49637656368253,-0.032266108409916616
2024-07-18,-0.002827121133165633,1.0,0.0,0.0,-0.002827121133165633,101.20943401255961,-0.03500200934611153
2024-07-19,-0.01238036315715696,1.0,0.0,0.0,-0.01238036315715696,99.9564244645538,-0.04694903491633351
2024-07-22,0.015352252130300226,1.0,0.0,0.0,0.015352252130300226,101.49098069497694,-0.03231755620734311
2024-07-23,0.002058031390816062,1.0,0.0,0.0,0.002058031390816062,101.6998523191319,-0.030326035361676218
2024-07-24,-0.027302190122779346,1.0,0.0,0.0,-0.027302190122779346,98.92322361565638,-0.056800258301341056
2024-07-25,0.002357220911065605,1.0,0.0,0.0,0.002357220911065605,99.15640750695323,-0.054576928146897186
2024-07-26,0.004565813387720441,1.0,0.0,0.0,0.004565813387720441,99.60913715982674,-0.05026030282837046
2024-07-29,-0.00578707185516214,1.0,0.0,0.0,-0.00578707185516214,99.03269192565213,-0.05575651469960263
2024-07-30,-0.0026511545109507706,1.0,0.0,0.0,-0.0026511545109507706,98.77014095772184,-0.05825985007509271
2024-07-31,0.009630066434120677,1.0,0.0,0.0,0.009630066434120677,99.72130397685216,-0.04919082986763712
2024-08-01,-0.041479208851034066,1.0,0.0,0.0,-0.041479208851034066,95.58494318229886,-0.08862964201303569
2024-08-02,-0.022733026150415614,1.0,0.0,0.0,-0.022733026150415614,93.41200816934966,-0.109347848193867
2024-08-05,0.15554057238350483,1.0,0.0,0.0,0.15554057238350483,107.94136538750294,0.0
2024-08-06,0.009443021896773596,1.0,0.0,0.0,0.009443021896773596,108.96065806442478,0.0
2024-08-07,-0.010044152134889628,1.0,0.0,0.0,-0.010044152134889628,107.86624063810801,-0.010044152134889628
2024-08-08,0.027740663059466097,1.0,0.0,0.0,0.027740663059466097,110.85852167514105,0.0
2024-08-09,0.0023030208850938205,1.0,0.0,0.0,0.0023030208850938205,111.11383116584952,0.0
2024-08-12,0.0050040357090817,1.0,0.0,0.0,0.0050040357090817,111.6698487447763,0.0
2024-08-13,0.01939665618686237,1.0,0.0,0.0,0.01939665618686237,113.83587040731766,0.0
2024-08-14,0.0028465074793673217,1.0,0.0,0.0,0.0028465074793673217,114.15990506385238,0.0
2024-08-15,0.021852562673856823,1.0,0.0,0.0,0.021852562673856823,116.65459154410176,0.0
2024-08-16,-0.0007531032986922703,1.0,0.0,0.0,-0.0007531032986922703,116.5667385864023,-0.0007531032986922703
2024-08-19,0.009575104507819177,1.0,0.0,0.0,0.009575104507819177,117.68287729050273,0.0
2024-08-20,-0.00401130821807294,1.0,0.0,0.0,-0.00401130821807294,117.21081499770087,-0.00401130821807294
2024-08-21,0.005532382393300006,1.0,0.0,0.0,0.005532382393300006,117.85927004689849,0.0
2024-08-22,-0.016211172455937062,1.0,0.0,0.0,-0.016211172455937062,115.94863309463736,-0.016211172455937062
2024-08-23,0.014382816708414348,1.0,0.0,0.0,0.014382816708414348,117.61630103202872,-0.002061518069584989
2024-08-26,-0.006238556706585463,1.0,0.0,0.0,-0.006238556706585463,116.88254506842158,-0.00828721387879161
2024-08-27,0.001327036071333998,1.0,0.0,0.0,0.001327036071333998,117.0376524218367,-0.006971175239205651
2024-08-28,-0.008674031944658434,1.0,0.0,0.0,-0.008674031944658434,116.02246408600186,-0.015584738987147295
2024-08-29,0.0034120696794370797,1.0,0.0,0.0,0.0034120696794370797,116.41834081784329,-0.012225845523070267
2024-08-30,0.007023889146613893,1.0,0.0,0.0,0.007023889146613893,117.23605033838054,-0.005287829360133944
2024-09-03,-0.027328728525885526,1.0,0.0,0.0,-0.027328728525885526,114.03213814523589,-0.03247204823294514
2024-09-04,-0.0020867791417573667,1.0,0.0,0.0,-0.0020867791417573667,113.79417825786442,-0.034491065381759944
2024-09-05,-0.0001517201330526463,1.0,0.0,0.0,-0.0001517201330526463,113.77691338999851,-0.03463755252578371
2024-09-06,-0.017588479277333313,1.0,0.0,0.0,-0.017588479277333313,111.77575050659958,-0.051616809928299756
2024-09-09,0.0098100661476892,1.0,0.0,0.0,0.0098100661476892,112.87227801277693,-0.042313108100339836
2024-09-10,0.007471434200208016,1.0,0.0,0.0,0.007471434200208016,113.71559581097698,-0.03515781350310976
2024-09-11,0.016178677211662995,1.0,0.0,0.0,0.016178677211662995,115.55536372953472,-0.019547943207581353
2024-09-12,0.009880171878576594,1.0,0.0,0.0,0.009880171878576594,116.69707058467395,-0.009860908367768428
2024-09-13,0.003629243303947094,1.0,0.0,0.0,0.003629243303947094,117.12059264668362,-0.00626745269948592
2024-09-16,0.0012523163463322717,1.0,0.0,0.0,0.0012523163463322717,117.26726467934718,-0.005022985186619033
2024-09-17,0.001978424619878849,1.0,0.0,0.0,0.001978424619878849,117.49926912289465,-0.0030544981642987024
2024-09-18,-0.005914909162602067,1.0,0.0,0.0,-0.005914909162602067,116.80427161936059,-0.008951340247721595
2024-09-19,0.01991425554795012,1.0,0.0,0.0,0.01991425554795012,119.13034173348072,0.0
2024-09-20,-0.0018484128490655616,1.0,0.0,0.0,-0.0018484128490655616,118.91013967910698,-0.0018484128490655616
2024-09-23,-0.0003685454656519038,1.0,0.0,0.0,-0.0003685454656519038,118.8663158863082,-0.002216277090543395
2024-09-24,0.010215684666589953,1.0,0.0,0.0,0.010215684666589953,120.080616686882,0.0
2024-09-25,-0.003912991795865461,1.0,0.0,0.0,-0.003912991795865461,119.61074221894376,-0.003912991795865461
2024-09-26,0.004585312820115206,1.0,0.0,0.0,0.004585312820115206,120.15919488866378,0.0
2024-09-27,-0.0024189607948035263,1.0,0.0,0.0,-0.0024189607948035263,119.86853450709295,-0.0024189607948035263
2024-09-30,0.0009840747029561392,1.0,0.0,0.0,0.0009840747029561392,119.9864940995818,-0.0014372665299728915
2024-10-01,-0.011312304121400052,1.0,0.0,0.0,-0.011312304121400052,118.62917038786676,-0.01273331185528237
2024-10-02,0.00884125221563381,1.0,0.0,0.0,0.00884125221563381,119.6780008033973,-0.004004638061301469
2024-10-03,0.0019216814274825023,1.0,0.0,0.0,0.0019216814274825023,119.90798379481942,-0.0020906522724051246
2024-10-04,0.010657348574906633,1.0,0.0,0.0,0.010657348574906633,121.18588497503507,0.0
2024-10-07,-0.00885185295676505,1.0,0.0,0.0,-0.00885185295676505,120.1131653408006,-0.00885185295676505
2024-10-08,0.00985279314500187,1.0,0.0,0.0,0.00985279314500187,121.29661551289492,0.0
2024-10-09,0.0065869222522889626,1.0,0.0,0.0,0.0065869222522889626,122.09558688874414,0.0
2024-10-10,0.00194903867213303,1.0,0.0,0.0,0.00194903867213303,122.33355590928707,0.0
2024-10-11,0.0019367602102715598,1.0,0.0,0.0,0.0019367602102715598,122.5704866727532,0.0
2024-10-14,0.006021016366864584,1.0,0.0,0.0,0.006021016366864584,123.30848557910441,0.0
2024-10-15,-0.009858938702981268,1.0,0.0,0.0,-0.009858938702981268,122.09279477822257,-0.009858938702981268
2024-10-16,0.007703066047385132,1.0,0.0,0.0,0.007703066047385132,123.03328364030905,-0.002231816711582346
2024-10-17,-0.0019452282528896747,1.0,0.0,0.0,-0.0019452282528896747,122.79395582092613,-0.004172703571549419
2024-10-18,0.004718985445643309,1.0,0.0,0.0,0.004718985445643309,123.37341871125804,0.0
2024-10-21,-0.0012214704105304452,1.0,0.0,0.0,-0.0012214704105304452,123.22272173085625,-0.0012214704105304452
2024-10-22,-0.0030905474678385447,1.0,0.0,0.0,-0.0030905474678385447,122.84189606023078,-0.004308242866084666
2024-10-23,-0.011902861075755666,1.0,0.0,0.0,-0.011902861075755666,121.37972603714344,-0.016159823525524697
2024-10-24,0.0005462310843979967,1.0,0.0,0.0,0.0005462310843979967,121.44602741652064,-0.015622419439054847
2024-10-25,-0.002284351563687448,1.0,0.0,0.0,-0.002284351563687448,121.16860199388807,-0.01787108390446812
2024-10-28,0.005233888657132368,1.0,0.0,0.0,0.005233888657132368,121.80278496546447,-0.012730730510673971
2024-10-29,0.004244210372474022,1.0,0.0,0.0,0.004244210372474022,122.31974160881111,-0.00854055203668258
2024-10-30,-0.005712581692808194,1.0,0.0,0.0,-0.005712581692808194,121.6209800922276,-0.014204345128279505
2024-10-31,-0.022280852965368525,1.0,0.0,0.0,-0.022280852965368525,118.91116091728867,-0.036168713168375444
2024-11-01,0.002763631641262476,1.0,0.0,0.0,0.002763631641262476,119.23978756409895,-0.03350503852724873
2024-11-04,-0.0012822432399514083,1.0,0.0,0.0,-0.0012822432399514083,119.08689315256164,-0.034744320158044295
2024-11-05,0.013025799061574306,1.0,0.0,0.0,0.013025799061574306,120.63809509363408,-0.022171093629379635
2024-11-06,0.029174786535206998,1.0,0.0,0.0,0.029174786535206998,124.15768576600486,0.0
2024-11-07,0.005817093490944947,1.0,0.0,0.0,0.005817093490944947,124.87992263172508,0.0
2024-11-08,0.0005045218217938352,1.0,0.0,0.0,0.0005045218217938352,124.94292727779671,0.0
2024-11-11,0.01746456687435738,1.0,0.0,0.0,0.01746456687435738,127.12500138671777,0.0
2024-11-12,-0.008558210727649507,1.0,0.0,0.0,-0.008558210727649507,126.03703883609751,-0.008558210727649507
2024-11-13,-0.01431955710499011,1.0,0.0,0.0,-0.01431955710499011,124.23224426114015,-0.022755218045408476
2024-11-14,-0.0062839273006584095,1.0,0.0,0.0,-0.0062839273006584095,123.4515778698055,-0.028896153210158926
2024-11-15,-0.019562083733496216,1.0,0.0,0.0,-0.019562083733496216,121.03660776648414,-0.047892967974982104
2024-11-18,0.0001288211217322921,1.0,0.0,0.0,0.0001288211217322921,121.0521998380673,-0.047770316479107344
2024-11-19,0.003715170475856233,1.0,0.0,0.0,0.003715170475856233,121.50192939694313,-0.04423262087265667
2024-11-20,0.002873607650998977,1.0,0.0,0.0,0.002873607650998977,121.85107827086932,-0.041486120419421124
2024-11-21,0.019067149952555207,1.0,0.0,0.0,0.019067149952555207,124.17443105214053,-0.023209992545852765
2024-11-22,0.004787333073401401,1.0,0.0,0.0,0.004787333073401401,124.76889541278724,-0.01853377343739948
2024-11-25,0.006180411667658259,1.0,0.0,0.0,0.006180411667658259,125.54001854975726,-0.01246790811933951
2024-11-26,0.0011984766217301157,1.0,0.0,0.0,0.0011984766217301157,125.69047532708072,-0.011284373994012276
2024-11-27,-0.0035841640110274575,1.0,0.0,0.0,-0.0035841640110274575,125.23998004888446,-0.014828092957883454
2024-11-29,0.0027471918035493204,1.0,0.0,0.0,0.0027471918035493204,125.58403829555144,-0.012121636769770294
2024-12-02,0.0018070606658300292,1.0,0.0,0.0,0.0018070606658300292,125.81097627141142,-0.010336480636952361
2024-12-03,0.0014806208204969362,1.0,0.0,0.0,0.0014806208204969362,125.99725462232591,-0.008871164224897199
2024-12-04,0.009421416308739605,1.0,0.0,0.0,0.009421416308739605,127.18432721188111,0.0
2024-12-05,-0.008457062995392395,1.0,0.0,0.0,-0.008457062995392395,126.10872134462363,-0.008457062995392395
2024-12-06,0.002952522114765488,1.0,0.0,0.0,0.002952522114765488,126.48106013325844,-0.005529510546146699
2024-12-09,-0.00664148463073555,1.0,0.0,0.0,-0.00664148463073555,125.64103811630426,-0.012134271017574583
2024-12-10,-0.008156358634239358,1.0,0.0,0.0,-0.008156358634239358,124.61626475024954,-0.020191658185629624
2024-12-11,0.005336941389813887,1.0,0.0,0.0,0.005336941389813887,125.28133445143915,-0.014962478492115627
2024-12-12,-0.004774584103982571,1.0,0.0,0.0,-0.004774584103982571,124.68316818344158,-0.019665622984133546
2024-12-13,-0.003194482383039987,1.0,0.0,0.0,-0.003194482383039987,124.28486999921796,-0.02279728388099922
2024-12-16,0.0056986254429065575,1.0,0.0,0.0,0.0056986254429065575,124.99312292156384,-0.017228571620046096
2024-12-17,-0.004518827536371228,1.0,0.0,0.0,-0.004518827536371228,124.42830055584884,-0.021669546212568336
2024-12-18,-0.027495828068557215,1.0,0.0,0.0,-0.027495828068557215,121.00704139690245,-0.04856955216414116
2024-12-19,0.001826732019752697,1.0,0.0,0.0,0.001826732019752697,121.22808883403772,-0.04683154370051168
2024-12-20,0.009181678762483436,1.0,0.0,0.0,0.009181678762483436,122.34116620270166,-0.03807985712823758
2024-12-23,0.0017914107909733357,1.0,0.0,0.0,0.0017914107909733357,122.56032948801744,-0.03635666300424245
2024-12-24,0.009461837156079733,1.0,0.0,0.0,0.009461837156079733,123.71997536742855,-0.027238826673047334
2024-12-26,0.003923514032847519,1.0,0.0,0.0,0.003923514032847519,124.2053924269262,-0.02342218455888989
2024-12-27,-0.00838886161813357,1.0,0.0,0.0,-0.00838886161813357,123.16345057763074,-0.031614560711964446
2024-12-30,-0.0026344438761104483,1.0,0.0,0.0,-0.0026344438761104483,122.83898337949587,-0.03416571780221134
2024-12-31,-0.005700935365520632,1.0,0.0,0.0,-0.005700935365520632,122.1386862748831,-0.039671876618824986
2025-01-02,0.0010445821247206943,1.0,0.0,0.0,0.0010445821247206943,122.2662701633027,-0.038668735027274415
2025-01-03,0.013846587764644314,1.0,0.0,0.0,0.013846587764644314,123.95924080377459,-0.02535757729593313
2025-01-06,0.0033499869387632053,1.0,0.0,0.0,0.0033499869387632053,124.37450264140624,-0.02209253790990995
2025-01-07,-0.011152294242785743,1.0,0.0,0.0,-0.011152294242785743,122.98744159164914,-0.0329984496693545
2025-01-08,-0.005861881853467588,1.0,0.0,0.0,-0.005861881853467588,122.26650373957865,-0.03866689850951266
2025-01-10,-0.009228925868338567,1.0,0.0,0.0,-0.009228925868338567,121.13811524038515,-0.0475389704379483
2025-01-13,0.22394884370153445,1.0,0.0,0.0,0.22394884370153445,148.26685607665263,0.0
2025-01-14,0.00495738472369367,1.0,0.0,0.0,0.00495738472369367,149.00187192399713,0.0
2025-01-15,0.014895222429693433,1.0,0.0,0.0,0.014895222429693433,151.22128794874575,0.0
2025-01-16,-0.0020048741170394235,1.0,0.0,0.0,-0.0020048741170394235,150.91810830259195,-0.0020048741170394235
2025-01-17,0.005217526893786184,1.0,0.0,0.0,0.005217526893786184,151.70552759142006,0.0
2025-01-21,0.2501040456697712,1.0,0.0,0.0,0.2501040456697712,189.64769379250131,0.0
2025-01-22,0.0072122487088306375,1.0,0.0,0.0,0.0072122487088306375,191.015480127189,0.0
2025-01-23,0.0010974266222973927,1.0,0.0,0.0,0.0010974266222973927,191.2251056003515,0.0
2025-01-24,-0.007351390160324267,1.0,0.0,0.0,-0.007351390160324267,189.8193352406341,-0.007351390160324267
2025-01-27,0.21134163376826298,1.0,0.0,0.0,0.21134163376826298,229.93606367119534,0.0
2025-01-28,0.018841560575427296,1.0,0.0,0.0,0.018841560575427296,234.26841794333149,0.0
2025-01-29,-0.005741906558915488,1.0,0.0,0.0,-0.005741906558915488,232.9232705777959,-0.005741906558915488
2025-01-30,0.0008567387494931022,1.0,0.0,0.0,0.0008567387494931022,233.12282496935856,-0.004890087123267439
2025-01-31,-0.006001089983146746,1.0,0.0,0.0,-0.006001089983146746,231.72383391959207,-0.010861831253562104
2025-02-03,0.26077460650523565,1.0,0.0,0.0,0.26077460650523565,292.15152552785827,0.0
2025-02-04,0.014113191507398426,1.0,0.0,0.0,0.014113191507398426,296.2747159568115,0.0
2025-02-05,0.0056084801108045035,1.0,0.0,0.0,0.0056084801108045035,297.9363668085895,0.0
2025-02-06,-0.01157280082590606,1.0,0.0,0.0,-0.01157280082590606,294.4884085767196,-0.01157280082590606
2025-02-07,-0.005769921819326673,1.0,0.0,0.0,-0.005769921819326673,292.78923348253403,-0.017275948489236637
2025-02-10,0.017011272592531768,1.0,0.0,0.0,0.017011272592531768,297.76995094546385,-0.0005585617657497544
2025-02-11,0.000869769407739085,1.0,0.0,0.0,0.000869769407739085,298.0289421393402,0.0
2025-02-12,-0.008528798634441448,1.0,0.0,0.0,-0.008528798634441448,295.48711330459815,-0.008528798634441448
2025-02-13,0.015587386988165752,1.0,0.0,0.0,0.015587386988165752,300.09298528969293,0.0
2025-02-14,0.0006261555507285355,1.0,0.0,0.0,0.0006261555507285355,300.28089017816677,0.0
2025-02-18,0.008002035435004995,1.0,0.0,0.0,0.008002035435004995,302.6837485018273,0.0
2025-02-19,-0.003941483906504728,1.0,0.0,0.0,-0.003941483906504728,301.49072537834684,-0.003941483906504728
2025-02-20,-0.0017966009305302455,1.0,0.0,0.0,-0.0017966009305302455,300.94906686058584,-0.005731003563380965
2025-02-21,-0.031999523754777104,1.0,0.0,0.0,-0.031999523754777104,291.31884004660253,-0.03754713793349296
2025-02-24,-0.009808913363848815,1.0,0.0,0.0,-0.009808913363848815,288.46131878332847,-0.046987754674291615
2025-02-25,-0.010278714966535651,1.0,0.0,0.0,-0.010278714966535651,285.49630710868365,-0.05678349590361276
2025-02-26,0.00726216108573241,1.0,0.0,0.0,0.00726216108573241,287.56962728028867,-0.049933705712143395
2025-02-27,-0.024870848860377937,1.0,0.0,0.0,-0.024870848860377937,280.4175265433654,-0.07356266092471597
2025-02-28,0.005957751742172057,1.0,0.0,0.0,0.005957751742172057,282.0881845506647,-0.06804317725382691
2025-03-03,-0.01625182167819883,1.0,0.0,0.0,-0.01625182167819883,277.5037376778205,-0.08318917334887843
2025-03-04,0.0024171513058484084,1.0,0.0,0.0,0.0024171513058484084,278.17450619972624,-0.08097310286202275
2025-03-05,0.006070173976185478,1.0,0.0,0.0,0.006070173976185478,279.86307384809805,-0.07539444970760134
2025-03-06,-0.014195221800357039,1.0,0.0,0.0,-0.014195221800357039,275.8903554410946,-0.0885194305718432
2025-03-07,0.009859451574034006,1.0,0.0,0.0,0.009859451574034006,278.6104830403091,-0.07953273203689337
2025-03-10,-0.024384450281074277,1.0,0.0,0.0,-0.024384450281074277,271.81671956882656,-0.10197782036789604
2025-03-11,0.0030854846823036297,1.0,0.0,0.0,0.0030854846823036297,272.65540589345017,-0.09920698668827233
2025-03-12,0.010499947297720524,1.0,0.0,0.0,0.010499947297720524,275.51827328576996,-0.08974870752234443
2025-03-13,-0.006192652814310029,1.0,0.0,0.0,-0.006192652814310029,273.812084275313,-0.09538557775043555
2025-03-14,0.01675112830001524,1.0,0.0,0.0,0.01675112830001524,278.39874562910336,-0.08023226550128892
2025-03-17,0.2703353666918751,1.0,0.0,0.0,0.2703353666918751,353.6597726153051,0.0
2025-03-18,-0.0040320501418773524,1.0,0.0,0.0,-0.0040320501418773524,352.2337986789552,-0.0040320501418773524
2025-03-19,0.010145931664718555,1.0,0.0,0.0,0.010145931664718555,355.80753873035616,0.0
2025-03-20,-0.0032541965950374507,1.0,0.0,0.0,-0.0032541965950374507,354.6496710493312,-0.0032541965950374507
2025-03-21,-0.0018579870096737672,1.0,0.0,0.0,-0.0018579870096737672,353.99073656753643,-0.005106137349710771
2025-03-24,0.28176793149269197,1.0,0.0,0.0,0.28176793149269197,453.7339741777456,0.0
2025-03-25,0.003025460500513999,1.0,0.0,0.0,0.003025460500513999,455.1067283943616,0.0
2025-03-26,-0.011686239554501654,1.0,0.0,0.0,-0.011686239554501654,449.7882421434796,-0.011686239554501654
2025-03-27,-0.000793501895675397,1.0,0.0,0.0,-0.000793501895675397,449.43133432068623,-0.012470468396937218
2025-03-28,-0.013046052336754488,1.0,0.0,0.0,-0.013046052336754488,443.56802961136117,-0.02535383035032135
2025-03-31,0.2693735763959235,1.0,0.0,0.0,0.2693735763959235,563.0535361226664,0.0
2025-04-01,0.009756330382016731,1.0,0.0,0.0,0.009756330382016731,568.546872443842,0.0
2025-04-02,0.005300167423959223,1.0,0.0,0.0,0.005300167423959223,571.5602660561627,0.0
2025-04-03,-0.06084571567279795,1.0,0.0,0.0,-0.06084571567279795,536.7832726178407,-0.06084571567279795
2025-04-04,-0.06525198410506716,1.0,0.0,0.0,-0.06525198410506716,501.7570990451154,-0.12212739610592227
2025-04-07,-0.005729857729882326,1.0,0.0,0.0,-0.005729857729882326,498.88210225262844,-0.12715748123119663
2025-04-08,-0.0078556103564692,1.0,0.0,0.0,-0.0078556103564692,494.9630788435156,-0.13401419196120357
2025-04-09,0.07069668729751588,1.0,0.0,0.0,0.07069668729751588,529.9553288523313,-0.0727918640861982
2025-04-10,-0.01568550517448586,1.0,0.0,0.0,-0.01568550517448586,521.6427117993717,-0.0873355920998995
2025-04-11,0.017131041926318646,1.0,0.0,0.0,0.017131041926318646,530.5789949657652,-0.07170069986350414
2025-04-14,0.0027032716346551133,1.0,0.0,0.0,0.0027032716346551133,532.0132941127999,-0.06919125469697507
2025-04-15,0.0037204126585712594,1.0,0.0,0.0,0.0037204126585712594,533.9926031067454,-0.0657282620582409
2025-04-16,-0.00011794054425373623,1.0,0.0,0.0,-0.00011794054425373623,533.9296237285075,-0.06583845057549464
2025-04-17,-0.00046937048120554437,1.0,0.0,0.0,-0.00046937048120554437,533.6790129240882,-0.06627691843147165
2025-04-21,-0.0031309929864178354,1.0,0.0,0.0,-0.0031309929864178354,532.0080676776245,-0.06920039885111917
2025-04-22,0.006930299710059318,1.0,0.0,0.0,0.006930299710059318,535.6950430347999,-0.0627496786451538
2025-04-23,0.006819419306771879,1.0,0.0,0.0,0.006819419306771879,539.3481721538135,-0.05635817570842827
2025-04-24,0.020691409553944995,1.0,0.0,0.0,0.020691409553944995,550.5080460760197,-0.03683289624977959
2025-04-25,0.00044307274085331194,1.0,0.0,0.0,0.00044307274085331194,550.7519611848564,-0.03640614316122115
2025-04-28,0.0003732857376508303,1.0,0.0,0.0,0.0003732857376508303,550.95754903695,-0.036046447317575225
2025-04-29,0.002024357673840349,1.0,0.0,0.0,0.002024357673840349,552.0728841793033,-0.034095060545976774
2025-04-30,-2.284088046466959e-05,1.0,0.0,0.0,-2.284088046466959e-05,552.060274348548,-0.03411712266523903
2025-05-01,0.011361671857328837,1.0,0.0,0.0,0.011361671857328837,558.3326020311631,-0.0231430783603489
2025-05-02,0.01890862824384021,1.0,0.0,0.0,0.01890862824384021,568.8899056393864,-0.004672053981642499
2025-05-05,-0.0024649884896121854,1.0,0.0,0.0,-0.0024649884896121854,567.4875985701287,-0.007125525911967134
2025-05-06,-0.004474826580694202,1.0,0.0,0.0,-0.004474826580694202,564.9481899798328,-0.011568466999908988
2025-05-07,0.0073097584271697436,1.0,0.0,0.0,0.0073097584271697436,569.0778247724522,-0.004343271271881166
2025-05-08,0.009072545452719627,1.0,0.0,0.0,0.009072545452719627,574.2408092038352,0.0
2025-05-09,0.0005007208639533633,1.0,0.0,0.0,0.0005007208639533633,574.528343557937,0.0
2025-05-12,0.03305611252217333,1.0,0.0,0.0,0.03305611252217333,593.520017129766,0.0
2025-05-13,0.022279482475037637,1.0,0.0,0.0,0.022279482475037637,606.7433359499926,0.0
2025-05-14,0.0037781450290186314,1.0,0.0,0.0,0.0037781450290186314,609.0357002686022,0.0
2025-05-15,0.0005078021195794591,1.0,0.0,0.0,0.0005078021195794591,609.3449698880981,0.0
2025-05-16,0.0007618085628346982,1.0,0.0,0.0,0.0007618085628346982,609.8091741038792,0.0
2025-05-19,-0.0020688321950226296,1.0,0.0,0.0,-0.0020688321950226296,608.5475812516729,-0.0020688321950226296
2025-05-20,-0.0015573476594900049,1.0,0.0,0.0,-0.0015573476594900049,607.5998611003223,-0.0036229579635358444
2025-05-21,-0.014133211002673174,1.0,0.0,0.0,-0.014133211002673174,599.0125240581965,-0.017704964936856582
2025-05-22,-4.00843855986599e-05,1.0,0.0,0.0,-4.00843855986599e-05,598.9885130092038,-0.0177443396298137
2025-05-23,-0.008461955452686909,1.0,0.0,0.0,-0.008461955452686909,593.9198988954487,-0.026056143271015797
2025-05-27,0.015552041633425384,1.0,0.0,0.0,0.015552041633425384,603.1565658899905,-0.010909327862547724
2025-05-28,-0.0034196743028621635,1.0,0.0,0.0,-0.0034196743028621635,601.0939668810139,-0.014291695817256866
2025-05-29,0.002228607830528251,1.0,0.0,0.0,0.002228607830528251,602.4335696024882,-0.012094938571938552
2025-05-30,0.0013317593164836605,1.0,0.0,0.0,0.0013317593164836605,603.2358661213689,-0.010779286802580224
2025-06-02,0.009313882722441935,1.0,0.0,0.0,0.009313882722441935,608.854334232394,-0.0015658010932491084
2025-06-03,0.00877514765594456,1.0,0.0,0.0,0.00877514765594456,614.197120916245,0.0
2025-06-04,-0.0008499508733719185,1.0,0.0,0.0,-0.0008499508733719185,613.6750835368997,-0.0008499508733719185
2025-06-05,-0.00010701904683030339,1.0,0.0,0.0,-0.00010701904683030339,613.6094086143961,-0.0009568789592698801
2025-06-06,0.007210319012671329,1.0,0.0,0.0,0.007210319012671329,618.0337281996825,0.0
2025-06-09,0.0037118861771441303,1.0,0.0,0.0,0.0037118861771441303,620.3277990523958,0.0
2025-06-10,-0.0008761634736061952,1.0,0.0,0.0,-0.0008761634736061952,619.7842904932036,-0.0008761634736061952
2025-06-11,-0.0008637656258229098,1.0,0.0,0.0,-0.0008637656258229098,619.2489421276505,-0.0017391722995380166
2025-06-12,0.003572862505819119,1.0,0.0,0.0,0.003572862505819119,621.4614334547465,0.0
2025-06-13,-0.01116508349646439,1.0,0.0,0.0,-0.01116508349646439,614.5227646603918,-0.01116508349646439
2025-06-16,0.011258377325204405,1.0,0.0,0.0,0.011258377325204405,621.4412938198662,-3.240689413064324e-05
2025-06-17,-0.003098615642208258,1.0,0.0,0.0,-0.003098615642208258,619.5156861061218,-0.003130922119829904
2025-06-18,0.0021768480121013845,1.0,0.0,0.0,0.0021768480121013845,620.8642775958875,-0.0009608896493211727
2025-06-20,-0.004988705998231535,1.0,0.0,0.0,-0.004988705998231535,617.7669682501572,-0.005944802051595532
2025-06-23,0.005403516309301137,1.0,0.0,0.0,0.005403516309301137,621.1050821384445,-0.0005734085771357256
2025-06-24,0.010839378293180824,1.0,0.0,0.0,0.010839378293180824,627.8374750835602,0.0
2025-06-25,0.006268321845894098,1.0,0.0,0.0,0.006268321845894098,631.7729624442975,0.0
2025-06-26,0.005433663672145039,1.0,0.0,0.0,0.005433663672145039,635.2058042393745,0.0
2025-06-27,-0.005645944320818996,1.0,0.0,0.0,-0.005645944320818996,631.619467636378,-0.005645944320818996
2025-06-30,0.00400369041637294,1.0,0.0,0.0,0.00400369041637294,634.1482764457484,-0.0016648585176145536
2025-07-01,-0.006622548742813206,1.0,0.0,0.0,-0.006622548742813206,629.9485985748154,-0.008276381653745113
2025-07-02,0.007161547729709339,1.0,0.0,0.0,0.007161547729709339,634.4600055307724,-0.0011741056262783989
2025-07-03,0.007659513949739738,1.0,0.0,0.0,0.007659513949739738,639.3196607936873,0.0
2025-07-07,-0.00793234500385287,1.0,0.0,0.0,-0.00793234500385287,634.2483566765255,-0.00793234500385287
2025-07-08,-0.0012684455069171818,1.0,0.0,0.0,-0.0012684455069171818,633.4438471982296,-0.009190728763390554
2025-07-09,0.004776740272587121,1.0,0.0,0.0,0.004776740272587121,636.4696439335639,-0.004457890215021965
2025-07-10,-0.0011791759970523064,1.0,0.0,0.0,-0.0011791759970523064,635.7191342065851,-0.005631809574935143
2025-07-11,-0.0005833829099708421,1.0,0.0,0.0,-0.0005833829099708421,635.3482665281475,-0.006211906983447757
2025-07-14,-0.00040713920164126005,1.0,0.0,0.0,-0.00040713920164126005,635.0895913421491,-0.006616517074239048
2025-07-15,0.002028635158323855,1.0,0.0,0.0,0.002028635158323855,636.3779564158314,-0.004601304415077556
2025-07-16,0.002622783438221754,1.0,0.0,0.0,0.002622783438221754,638.0470379803683,-0.0019905892018697857
2025-07-17,0.0049121366688607004,1.0,0.0,0.0,0.0049121366688607004,641.1812122320896,0.0
2025-07-18,0.0015006287212935288,1.0,0.0,0.0,0.0015006287212935288,642.1433871747189,0.0
2025-07-21,0.003586663139672819,1.0,0.0,0.0,0.003586663139672819,644.4465391918831,0.0
2025-07-22,-0.0024176352675520096,1.0,0.0,0.0,-0.0024176352675520096,642.888502510681,-0.0024176352675520096
2025-07-23,0.0003835695107345938,1.0,0.0,0.0,0.0003835695107345938,643.1350949390459,-0.0020349930879940414
2025-07-24,0.00012792416017437525,1.0,0.0,0.0,0.00012792416017437525,643.2173674559447,-0.0019073292526013974
2025-07-25,-0.004059779599266622,1.0,0.0,0.0,-0.004059779599266622,640.606046709653,-0.005959365515479265
2025-07-28,0.0038241060661994286,1.0,0.0,0.0,0.0038241060661994286,643.0557921789194,-0.0021580486950982802
2025-07-29,-0.002575695869508454,1.0,0.0,0.0,-0.002575695869508454,641.3994760311407,-0.004728186087496589
2025-07-30,-0.0010018557381570314,1.0,0.0,0.0,-0.0010018557381570314,640.756886285628,-0.00572530486529077
2025-07-31,-0.002399205151020656,1.0,0.0,0.0,-0.002399205151020656,639.2195790634995,-0.008110773835387497
2025-08-01,-0.015514793767033908,1.0,0.0,0.0,-0.015514793767033908,629.3022191224791,-0.0234997306190744
2025-08-04,0.01663794759940007,1.0,0.0,0.0,0.01663794759940007,639.772516468425,-0.007252770306314549
2025-08-05,-0.0063979780043113,1.0,0.0,0.0,-0.0063979780043113,635.6792659802971,-0.013604345245735727
2025-08-06,0.009650767104516955,1.0,0.0,0.0,0.009650767104516955,641.8140585294433,-0.004084870508794802
2025-08-07,0.004196911533850933,1.0,0.0,0.0,0.004196911533850933,644.5076953542732,0.0
2025-08-08,0.008662280057074367,1.0,0.0,0.0,0.008662280057074367,650.0906015103715,0.0
2025-08-11,-0.004408654635502662,1.0,0.0,0.0,-0.004408654635502662,647.224576566526,-0.004408654635502662
2025-08-12,0.009012052350146682,1.0,0.0,0.0,0.009012052350146682,653.0573983328451,0.0
2025-08-13,0.0005223419244511085,1.0,0.0,0.0,0.0005223419244511085,653.3985175910673,0.0
2025-08-14,-0.004405878482529935,1.0,0.0,0.0,-0.004405878482529935,650.5197231218958,-0.004405878482529935
2025-08-15,-0.006001752842776931,1.0,0.0,0.0,-0.006001752842776931,646.6154645243665,-0.0103811883315994
2025-08-18,0.0006744459180230145,1.0,0.0,0.0,0.0006744459180230145,647.0515716849455,-0.009713743963670862
2025-08-19,-0.013196459143144157,1.0,0.0,0.0,-0.013196459143144157,638.5127820556979,-0.022782016081471568
2025-08-20,-0.002530840210320795,1.0,0.0,0.0,-0.002530840210320795,636.8968082320675,-0.025255198649421162
2025-08-21,-0.002616952510388515,1.0,0.0,0.0,-0.002616952510388515,635.2300795309062,-0.027806059504303704
2025-08-22,0.017645559922488063,1.0,0.0,0.0,0.017645559922488063,646.4390699638357,-0.010651153071007169
2025-08-25,-0.0015212858009925334,1.0,0.0,0.0,-0.0015212858009925334,645.4556513854928,-0.012156235424068629
2025-08-26,0.005692584723933081,1.0,0.0,0.0,0.005692584723933081,649.1299623665461,-0.006532851100211179
2025-08-27,0.0018067839957078835,1.0,0.0,0.0,0.0018067839957078835,650.3027999936845,-0.0047378705553173805
2025-08-28,0.00701423564068393,1.0,0.0,0.0,0.00701423564068393,654.8641770706367,0.0
2025-08-29,-0.009545296142850934,1.0,0.0,0.0,-0.009545296142850934,648.6133045671531,-0.009545296142850934
2025-09-02,-0.0015488234345685248,1.0,0.0,0.0,-0.0015488234345685248,647.6087170810666,-0.011079335599063489
2025-09-03,0.0017745705492739905,1.0,0.0,0.0,0.0017745705492739905,648.7579444378518,-0.009324426112448991
2025-09-04,0.007107062369530626,1.0,0.0,0.0,0.007107062369530626,653.3687076117002,-0.0022836330208596545
2025-09-05,0.002449148614973806,1.0,0.0,0.0,0.002449148614973806,654.9689046770146,0.0
2025-09-08,0.016867435502482486,1.0,0.0,0.0,0.016867435502482486,666.0165504327857,0.0
2025-09-09,0.00466787286319903,1.0,0.0,0.0,0.00466787286319903,669.1254310149924,0.0
2025-09-10,0.007953461714453214,1.0,0.0,0.0,0.007953461714453214,674.4472945127371,0.0
2025-09-11,0.013237278184663026,1.0,0.0,0.0,0.013237278184663026,683.3751409710956,0.0
2025-09-12,0.0013986858915273626,1.0,0.0,0.0,0.0013986858915273626,684.3309681393923,0.0
2025-09-15,0.0066956024986704055,1.0,0.0,0.0,0.0066956024986704055,688.912976279584,0.0
2025-09-16,-0.0005847074650876527,1.0,0.0,0.0,-0.0005847074650876527,688.5101637195576,-0.0005847074650876527
2025-09-17,0.0008915413448185028,1.0,0.0,0.0,0.0008915413448185028,689.1239989968414,0.0
2025-09-18,0.017762221290919422,1.0,0.0,0.0,0.017762221290919422,701.3643719639066,0.0
2025-09-19,0.0067407738309066545,1.0,0.0,0.0,0.0067407738309066545,706.0921105683711,0.0
2025-09-22,0.004993213450520617,1.0,0.0,0.0,0.004993213450520617,709.6177791921676,0.0
2025-09-23,-0.0005345407484309561,1.0,0.0,0.0,-0.0005345407484309561,709.2384595733783,-0.0005345407484309561
2025-09-24,-0.00864824390154506,1.0,0.0,0.0,-0.00864824390154506,703.1047923906317,-0.00917816181120823
2025-09-25,-0.0028947527154683517,1.0,0.0,0.0,-0.0028947527154683517,701.0694778836001,-0.012046346017850484
2025-09-26,0.004648703331789239,1.0,0.0,0.0,0.004648703331789239,704.3285419012534,-0.007453642574930308
2025-09-29,0.011677128402175052,1.0,0.0,0.0,0.011677128402175052,712.5530767223511,0.0
2025-09-30,0.004438589666664994,1.0,0.0,0.0,0.004438589666664994,715.7158074456413,0.0
2025-10-01,0.010489626120437912,1.0,0.0,0.0,0.010489626120437912,723.2233986742334,0.0
2025-10-02,0.0002494266829669023,1.0,0.0,0.0,0.0002494266829669023,723.4037898876088,0.0
2025-10-03,-0.004139365556982355,1.0,0.0,0.0,-0.004139365556982355,720.4093571559575,-0.004139365556982355
2025-10-06,0.008546049615877571,1.0,0.0,0.0,0.008546049615877571,726.5660112659548,0.0
2025-10-07,-0.0011222583381403917,1.0,0.0,0.0,-0.0011222583381403917,725.7506165016022,-0.0011222583381403917
2025-10-08,0.010599814733842639,1.0,0.0,0.0,0.010599814733842639,733.4434385794913,0.0
2025-10-09,-0.003746946661870254,1.0,0.0,0.0,-0.003746946661870254,730.6952651356352,-0.003746946661870254
2025-10-10,-0.035923189152578305,1.0,0.0,0.0,-0.035923189152578305,704.4463609132744,-0.03953553354076966
2025-10-13,0.023894886626234735,1.0,0.0,0.0,0.023894886626234735,721.2790268415607,-0.016585344006199265
2025-10-14,-0.00027596032437748885,1.0,0.0,0.0,-0.00027596032437748885,721.0799824473469,-0.016856727433664842
2025-10-15,0.010580514293452525,1.0,0.0,0.0,0.010580514293452525,728.7093795083535,-0.006454565985764993
2025-10-16,-0.002494320731297184,1.0,0.0,0.0,-0.002494320731297184,726.8917445959552,-0.008932786959312322
2025-10-17,0.00022309491650718272,1.0,0.0,0.0,0.00022309491650718272,727.0539104490256,-0.008711684902166006
2025-10-20,0.01185705215798949,1.0,0.0,0.0,0.01185705215798949,735.6746265868899,0.0
2025-10-21,-0.0057686596566229875,1.0,0.0,0.0,-0.0057686596566229875,731.4307700480969,-0.0057686596566229875
2025-10-22,-0.014973130348624242,1.0,0.0,0.0,-0.014973130348624242,720.4789617871721,-0.020655415112271758
2025-10-23,0.018794483851097832,1.0,0.0,0.0,0.018794483851097832,734.0199919995368,-0.002249139126939248
2025-10-24,0.013726598088916075,1.0,0.0,0.0,0.013726598088916075,744.0955894189439,0.0
2025-10-27,0.01256407026699935,1.0,0.0,0.0,0.01256407026699935,753.4444586897678,0.0
2025-10-28,0.005567772919015557,1.0,0.0,0.0,0.005567772919015557,757.639466342843,0.0
2025-10-29,0.010453021344815072,1.0,0.0,0.0,0.010453021344815072,765.559087856199,0.0
2025-10-30,-0.011078552327487445,1.0,0.0,0.0,-0.011078552327487445,757.0778014416005,-0.011078552327487445
2025-10-31,0.007525404449582052,1.0,0.0,0.0,0.007525404449582052,762.7751180972489,-0.003636518464885663
2025-11-03,0.006831186959176616,1.0,0.0,0.0,0.006831186959176616,767.9857775367792,0.0
2025-11-04,-0.028961625050024642,1.0,0.0,0.0,-0.028961625050024642,745.7436614040074,-0.028961625050024642
2025-11-05,0.014178833370442456,1.0,0.0,0.0,0.014178833370442456,756.3174365161185,-0.015193433735303685
2025-11-06,-0.0158596703555266,1.0,0.0,0.0,-0.0158596703555266,744.322491288836,-0.030812141240219804
2025-11-07,-0.008627940534793654,1.0,0.0,0.0,-0.008627940534793654,737.9005210952864,-0.039174236452643174
2025-11-10,0.02988015060453386,1.0,0.0,0.0,0.02988015060453386,759.9490997967775,-0.010464617933131914
2025-11-11,-0.004320769443112327,1.0,0.0,0.0,-0.004320769443112327,756.6655349480549,-0.014740172174845023
2025-11-12,0.006815349208285415,1.0,0.0,0.0,0.006815349208285415,761.8224748025999,-0.008025282387321475
2025-11-13,-0.026015491505011368,1.0,0.0,0.0,-0.026015491505011368,742.0032886810461,-0.03383199222656019
2025-11-14,0.0012165135293638052,1.0,0.0,0.0,0.0012165135293638052,742.9059457205591,-0.032656635773465226
2025-11-17,-0.01570836392016517,1.0,0.0,0.0,-0.01570836392016517,731.236108766726,-0.04785201737449263
2025-11-18,-0.00952073121453001,1.0,0.0,0.0,-0.00952073121453001,724.2742063207992,-0.056917162393527065
2025-11-19,0.002438729503199122,1.0,0.0,0.0,0.002438729503199122,726.0405151961598,-0.05461723845349542
2025-11-20,-0.0362173549991035,1.0,0.0,0.0,-0.0362173549991035,699.7452481135686,-0.08885650153845792
2025-11-21,0.003970187236959077,1.0,0.0,0.0,0.003970187236959077,702.5233677667518,-0.08523909124982776
2025-11-24,0.030981519786524636,1.0,0.0,0.0,0.030981519786524636,724.2886093857134,-0.05689840805544499
2025-11-25,0.003666562889051095,1.0,0.0,0.0,0.003666562889051095,726.9442591218494,-0.05344046675781611
2025-11-26,0.019040236498320207,1.0,0.0,0.0,0.019040236498320207,740.7854497366257,-0.0354177493851453
2025-11-28,0.022363107573316165,1.0,0.0,0.0,0.022363107573316165,757.3517144378332,-0.013846692751333878
2025-12-01,0.0018903500326747924,1.0,0.0,0.0,0.0018903500326747924,758.783374275967,-0.011982517814754012
2025-12-02,0.003059104448694727,1.0,0.0,0.0,0.003059104448694727,761.1045718718102,-0.008960069139613003
2025-12-03,0.005064313706609314,1.0,0.0,0.0,0.005064313706609314,764.9590441873037,-0.003941132033959516
2025-12-04,-0.0034388907613081,1.0,0.0,0.0,-0.0034388907613081,762.3284335974689,-0.007366469672726916
2025-12-05,0.013379793373004656,1.0,0.0,0.0,0.013379793373004656,772.5282305213693,0.0
2025-12-08,0.00335041299811234,1.0,0.0,0.0,0.00335041299811234,775.1165191463168,0.0
2025-12-09,0.013820560141333704,1.0,0.0,0.0,0.013820560141333704,785.8290636157197,0.0
2025-12-10,0.009846004132048725,1.0,0.0,0.0,0.009846004132048725,793.5663398231641,0.0
2025-12-11,0.00268299191055843,1.0,0.0,0.0,0.00268299191055843,795.6954718934011,0.0
2025-12-12,-0.026566768230835924,1.0,0.0,0.0,-0.026566768230835924,774.5564147092834,-0.026566768230835924
2025-12-15,-0.0006803237100814208,1.0,0.0,0.0,-0.0006803237100814208,774.0294656155611,-0.027229017938589672
2025-12-16,-0.006847464611521525,1.0,0.0,0.0,-0.006847464611521525,768.7293262414836,-0.03389003281337022
2025-12-17,-0.005075126621861714,1.0,0.0,0.0,-0.005075126621861714,764.8279275728696,-0.03879316322748505
2025-12-18,0.012043158807206078,1.0,0.0,0.0,0.012043158807206078,774.038871764816,-0.027217196645661468
2025-12-19,0.024247757902319256,1.0,0.0,0.0,0.024247757902319256,792.8075789343536,-0.0036293947383859715
2025-12-22,0.0136140707271315,1.0,0.0,0.0,0.0136140707271315,803.6009173869718,0.0
2025-12-23,0.010901041525094302,1.0,0.0,0.0,0.010901041525094302,812.3610043570111,0.0
2025-12-24,0.004524130917208158,1.0,0.0,0.0,0.004524130917208158,816.036231892757,0.0
2025-12-26,0.016644693575332603,1.0,0.0,0.0,0.016644693575332603,829.618904918981,0.0
2025-12-29,-0.012781218292112428,1.0,0.0,0.0,-0.012781218292112428,819.0153645959482,-0.012781218292112428
2025-12-30,0.00404449941921059,1.0,0.0,0.0,0.00404449941921059,822.327871762381,-0.00878841250286111
2025-12-31,-0.021758435602595827,1.0,0.0,0.0,-0.021758435602595827,804.4353037204196,-0.030355625997964486
2026-01-02,0.015520048684897647,1.0,0.0,0.0,0.015520048684897647,816.920178798011,-0.015306698106415717
2026-01-05,0.02488862751081289,1.0,0.0,0.0,0.02488862751081289,837.2522008341813,0.0
2026-01-06,0.027473730903863736,1.0,0.0,0.0,0.027473730903863736,860.2546424985673,0.0
2026-01-07,-0.012438936080204743,1.0,0.0,0.0,-0.012438936080204743,849.5539899878282,-0.012438936080204743
2026-01-08,-0.022524912603519187,1.0,0.0,0.0,-0.022524912603519187,830.4178606113813,-0.03468366273563661
2026-01-09,0.02625853307590509,1.0,0.0,0.0,0.02625853307590509,852.2234154710676,-0.00933587176486872
2026-01-12,0.018704464522567132,1.0,0.0,0.0,0.018704464522567132,868.1637981110472,0.0
2026-01-13,0.006850642454878431,1.0,0.0,0.0,0.006850642454878431,874.1112778841753,0.0
2026-01-14,0.01369753520201189,1.0,0.0,0.0,0.01369753520201189,886.0844478834694,0.0
2026-01-15,0.0016280290252228546,1.0,0.0,0.0,0.0016280290252228546,887.5270190834223,0.0
2026-01-16,0.003778367262682325,1.0,0.0,0.0,0.003778367262682325,890.8804221170731,0.0
2026-01-20,0.0052579715333243016,1.0,0.0,0.0,0.0052579715333243016,895.5646460161606,0.0
2026-01-21,0.005079132931189223,1.0,0.0,0.0,0.005079132931189223,900.1133379017501,0.0
2026-01-22,0.018456499841998042,1.0,0.0,0.0,0.018456499841998042,916.7262795805141,0.0
2026-01-23,0.00647851347499806,1.0,0.0,0.0,0.00647851347499806,922.6653031356612,0.0
2026-01-26,0.01476784992592406,1.0,0.0,0.0,0.01476784992592406,936.2910858642259,0.0
2026-01-27,0.030209258977917708,1.0,0.0,0.0,0.030209258977917708,964.5757457558141,0.0
2026-01-28,0.020532840022105425,1.0,0.0,0.0,0.020532840022105425,984.3812252326212,0.0
2026-01-29,0.0006432958632283103,1.0,0.0,0.0,0.0006432958632283103,985.014473602653,0.0
2026-01-30,-0.0838308055365008,1.0,0.0,0.0,-0.0838308055365008,902.4399168154303,-0.0838308055365008
2026-02-02,0.013109542349418524,1.0,0.0,0.0,0.013109542349418524,914.2704911227279,-0.07182024668244891
2026-02-03,0.012561548091851726,1.0,0.0,0.0,0.012561548091851726,925.7551438659269,-0.06016087207326737
2026-02-04,-0.042515121247258425,1.0,0.0,0.0,-0.042515121247258425,886.3965516791939,-0.10011824654999013
2026-02-05,-0.043505294220392066,1.0,0.0,0.0,-0.043505294220392066,847.8336089024496,-0.13926786699739513
2026-02-06,0.051383252582141825,1.0,0.0,0.0,0.051383252582141825,891.398057376313,-0.09504065040175658
2026-02-09,0.025255052350821483,1.0,0.0,0.0,0.025255052350821483,913.9103619807723,-0.07218585465228755
2026-02-10,-0.018524676633600246,1.0,0.0,0.0,-0.018524676633600246,896.980468052982,-0.0893733116709341
2026-02-11,0.01198880873456143,1.0,0.0,0.0,0.01198880873456143,907.7341953231066,-0.07845598247596974
2026-02-12,-0.03793298217883878,1.0,0.0,0.0,-0.03793298217883878,873.3011302687927,-0.11341289526972431
2026-02-13,0.0021309273144924923,1.0,0.0,0.0,0.0021309273144924923,875.1620715010596,-0.11152364259157777
2026-02-17,-0.009921713862386494,1.0,0.0,0.0,-0.009921713862386494,866.4789638444126,-0.12033885078327955
2026-02-18,0.019496727795060842,1.0,0.0,0.0,0.019496727795060842,883.3724683426335,-0.10318833680511075
2026-02-19,-0.0024601388615418385,1.0,0.0,0.0,-0.0024601388615418385,881.1992494040477,-0.10539461802922045
2026-02-20,0.03261269717681703,1.0,0.0,0.0,0.03261269717681703,909.9375336773004,-0.07621912361425665
2026-02-23,0.002480555014404251,1.0,0.0,0.0,0.002480555014404251,912.1946837892583,-0.07392763432912719
2026-02-24,0.021473479312354105,1.0,0.0,0.0,0.021473479312354105,931.7826774604464,-0.054041638543150805
2026-02-25,0.024663331004473044,1.0,0.0,0.0,0.024663331004473044,954.7635420588875,-0.030711154358091575
2026-02-26,-0.007899864002101187,1.0,0.0,0.0,-0.007899864002101187,947.2210399224579,-0.0383684044174164
2026-02-27,-0.006725194144590718,1.0,0.0,0.0,-0.006725194144590718,940.8507945311383,-0.04483556359328178
2026-03-02,0.34493608167333334,1.0,0.0,0.0,0.34493608167333334,1265.3841810359515,0.0
2026-03-03,-0.037593591471083765,1.0,0.0,0.0,-0.037593591471083765,1217.813845080114,-0.037593591471083765
2026-03-04,0.017086926257593227,1.0,0.0,0.0,0.017086926257593227,1238.622540446474,-0.02114902413871511
2026-03-05,-0.023758398595242758,1.0,0.0,0.0,-0.023758398595242758,1209.1948524214945,-0.044404955788569844
2026-03-06,-0.028381244975875908,1.0,0.0,0.0,-0.028381244975875908,1174.876397091352,-0.07152593283606745
2026-03-09,0.32592771625068706,1.0,0.0,0.0,0.32592771625068706,1557.8011780721715,0.0
2026-03-10,0.01730982554386995,1.0,0.0,0.0,0.01730982554386995,1584.766444696636,0.0
2026-03-11,0.008145499069348361,1.0,0.0,0.0,0.008145499069348361,1597.675158297047,0.0
2026-03-12,-0.021905633220459353,1.0,0.0,0.0,-0.021905633220459353,1562.6770722739525,-0.021905633220459353
2026-03-13,0.00025168538439213073,1.0,0.0,0.0,0.00025168538439213073,1563.0703752535685,-0.0216594611637847
2026-03-16,0.021220904141698416,1.0,0.0,0.0,0.021220904141698416,1596.240141853553,-0.0008981903712037553
2026-03-17,0.00941702488704843,1.0,0.0,0.0,0.00941702488704843,1611.2719749950936,0.0
2026-03-18,-0.011610378938602839,1.0,0.0,0.0,-0.011610378938602839,1592.5644967922497,-0.011610378938602839
2026-03-19,0.004265451535237608,1.0,0.0,0.0,0.004265451535237608,1599.357503470057,-0.007394450912033501
2026-03-20,-0.05036080643333263,1.0,0.0,0.0,-0.05036080643333263,1518.8125698201034,-0.05738286683430449
2026-03-23,0.017900187617333696,1.0,0.0,0.0,0.017900187617333696,1545.999599775448,-0.04050984329932539
2026-03-24,0.007407806649260218,1.0,0.0,0.0,0.007407806649260218,1557.452065890418,-0.03340212573661838
2026-03-25,0.012707113422858463,1.0,0.0,0.0,0.012707113422858463,1577.2427859423528,-0.021119456914059698
2026-03-26,-0.05491346685762544,1.0,0.0,0.0,-0.05491346685762544,1490.6309164900786,-0.07487318117438391
2026-03-27,-0.0026200429881345633,1.0,0.0,0.0,-0.0026200429881345633,1486.7253994094322,-0.07729705320918323
2026-03-30,-0.040927459081282036,1.0,0.0,0.0,-0.040927459081282036,1425.87750646,-0.11506094030814273
2026-03-31,0.03573677401652664,1.0,0.0,0.0,0.03573677401652664,1476.8337686836094,-0.08343607311353729
2026-04-01,0.01531828660956469,1.0,0.0,0.0,0.01531828660956469,1499.4563316269885,-0.06939588418550235
2026-04-02,0.011722423051269582,1.0,0.0,0.0,0.011722423051269582,1517.0335930932247,-0.058486949046672176
2026-04-06,0.2756263537478181,1.0,0.0,0.0,0.2756263537478181,1935.1680308704613,0.0
2026-04-07,0.00840641060692815,1.0,0.0,0.0,0.00840641060692815,1951.435847931359,0.0
2026-04-08,0.02976271669524544,1.0,0.0,0.0,0.02976271669524544,2009.5158802222861,0.0
2026-04-09,0.001007747146648974,1.0,0.0,0.0,0.001007747146648974,2011.540964116726,0.0
2026-04-10,0.0037658021159212574,1.0,0.0,0.0,0.0037658021159212574,2019.116029335659,0.0
2026-04-13,0.2783389094419526,1.0,0.0,0.0,0.2783389094419526,2581.114582977712,0.0
2026-04-14,0.016716077157483022,1.0,0.0,0.0,0.016716077157483022,2624.260693499072,0.0
2026-04-15,0.0121054503946052,1.0,0.0,0.0,0.0121054503946052,2656.0285511467373,0.0
2026-04-16,0.014215991237555903,1.0,0.0,0.0,0.014215991237555903,2693.7866297565374,0.0
2026-04-17,0.015946343572483146,1.0,0.0,0.0,0.015946343572483146,2736.7426768655964,0.0
2026-04-20,0.24010125723503783,1.0,0.0,0.0,0.24010125723503783,3393.838034309809,0.0
2026-04-21,0.006236224776063226,1.0,0.0,0.0,0.006236224776063226,3415.002771145317,0.0
2026-04-22,0.03297245368396928,1.0,0.0,0.0,0.03297245368396928,3527.603791847533,0.0
2026-04-23,-0.016404827782009135,1.0,0.0,0.0,-0.016404827782009135,3469.734059159112,-0.016404827782009135
2026-04-24,0.023332471109895447,1.0,0.0,0.0,0.023332471109895447,3550.691528853462,0.0
2026-04-27,0.2410843077468363,1.0,0.0,0.0,0.2410843077468363,4406.707538109655,0.0
2026-04-28,-0.025119143544627742,1.0,0.0,0.0,-0.025119143544627742,4296.014818900685,-0.025119143544627742
2026-04-29,0.007997820355156282,1.0,0.0,0.0,0.007997820355156282,4330.373573665342,-0.017322221587016906
2026-04-30,0.009310905316282314,1.0,0.0,0.0,0.009310905316282314,4370.69327199387,-0.008172601835799043
2026-05-01,0.020429179934602804,1.0,0.0,0.0,0.020429179934602804,4459.982951286391,0.0
2026-05-04,0.23385849554497073,1.0,0.0,0.0,0.23385849554497073,5502.987854430445,0.0
2026-05-05,0.025976888474476878,1.0,0.0,0.0,0.025976888474476878,5645.938356201385,0.0
2026-05-06,0.017408665080794528,1.0,0.0,0.0,0.017408665080794528,5744.226606111307,0.0
2026-05-07,-0.013782278555280025,1.0,0.0,0.0,-0.013782278555280025,5665.05807494123,-0.013782278555280025
2026-05-08,0.02751738814921545,1.0,0.0,0.0,0.02751738814921545,5820.945676877235,0.0
2026-05-11,0.0370858144652475,1.0,0.0,0.0,0.0370858144652475,6036.820188262189,0.0
2026-05-12,-0.022251496885349997,1.0,0.0,0.0,-0.022251496885349997,5902.491902645655,-0.022251496885349997
2026-05-13,0.014507500531576678,1.0,0.0,0.0,0.014507500531576678,5988.122307060913,-0.008066809956665977
2026-05-14,0.00017356952914404644,1.0,0.0,0.0,0.00017356952914404644,5989.161662630207,-0.007894640579927836
2026-05-15,-0.022656745926559863,1.0,0.0,0.0,-0.022656745926559863,5853.466748526901,-0.030372519640686768
2026-05-18,-0.0207070616837709,1.0,0.0,0.0,-0.0207070616837709,5732.258651501253,-0.05045065568676643
2026-05-19,-0.0033010315287759218,1.0,0.0,0.0,-0.0033010315287759218,5713.336284961549,-0.05358514801047287
2026-05-20,0.021715365095348327,1.0,0.0,0.0,0.021715365095348327,5837.40346830199,-0.03303340396786025
2026-05-21,0.01233700413937977,1.0,0.0,0.0,0.01233700413937977,5909.4195390536615,-0.021103933069969716
2026-05-22,0.0013251029713272633,1.0,0.0,0.0,0.0013251029713272633,5917.250128443681,-0.01980679498306015
2026-05-26,0.059337773253666626,1.0,0.0,0.0,0.059337773253666626,6268.366574850502,0.0
2026-05-27,0.00784198786174306,1.0,0.0,0.0,0.00784198786174306,6317.523029443435,0.0
2026-05-28,0.01349985083123939,1.0,0.0,0.0,0.01349985083123939,6402.808647963841,0.0
2026-05-29,0.019834837312462827,1.0,0.0,0.0,0.019834837312462827,6529.807315839034,0.0
2026-06-01,0.021890670493423414,1.0,0.0,0.0,0.021890670493423414,6672.749176175612,0.0
2026-06-02,0.00866213482799183,1.0,0.0,0.0,0.00866213482799183,6730.549429213016,0.0
2026-06-03,-0.004290952227241185,1.0,0.0,0.0,-0.004290952227241185,6701.668963149177,-0.004290952227241296
2026-06-04,-0.022447961145714013,1.0,0.0,0.0,-0.022447961145714013,6551.230158652967,-0.02664259024408011
2026-06-05,-0.06981781779378848,1.0,0.0,0.0,-0.06981781779378848,6093.837565110962,-0.09460028052665281
2026-06-08,0.02393262371093763,1.0,0.0,0.0,0.02393262371093763,6239.6790865123385,-0.07293168973250874
2026-06-09,-0.00911557745615843,1.0,0.0,0.0,-0.00911557745615843,6182.800808497664,-0.08138245272190192
2026-06-10,-0.019534573359173635,1.0,0.0,0.0,-0.019534573359173635,6062.022432538908,-0.09932725458823011
2026-06-11,0.03797242611593088,1.0,0.0,0.0,0.03797242611593088,6292.212131471608,-0.06512652530844898
2026-06-12,0.0011021584782437976,1.0,0.0,0.0,0.0011021584782437976,6299.147146419217,-0.0640961465822325
2026-06-15,0.039603632388426346,1.0,0.0,0.0,0.039603632388426346,6548.616254366609,-0.02703095442056358
2026-06-16,-0.025029584395979687,1.0,0.0,0.0,-0.025029584395979687,6384.707111151055,-0.051383965261569964
2026-06-17,-0.001166550672684119,1.0,0.0,0.0,-0.001166550672684119,6377.25902677565,-0.052490573935012996
2026-06-18,0.031319303621312855,1.0,0.0,0.0,0.031319303621312855,6576.990338506996,-0.022815238536027738
2026-06-22,0.01987172974416085,1.0,0.0,0.0,0.01987172974416085,6707.686513043764,-0.003396887046103414
2026-06-23,-0.051345633839062654,1.0,0.0,0.0,-0.051345633839062654,6363.2760974378,-0.05456810556670422
2026-06-24,-0.01215818823719439,1.0,0.0,0.0,-0.01215818823719439,6285.910188839911,-0.06606284450467148
2026-06-25,0.028769907731791777,1.0,0.0,0.0,0.028769907731791777,6466.755244983165,-0.03919355871377894
2026-06-26,-0.020056486741266033,1.0,0.0,0.0,-0.020056486741266033,6337.054854153147,-0.05846396036435897
2026-06-29,0.030210206577444776,1.0,0.0,0.0,0.030210206577444776,6528.498590389713,-0.03001996210685698
2026-06-30,0.01832963477154692,1.0,0.0,0.0,0.01832963477154692,6648.163585158116,-0.012240582276584422
2026-07-01,-0.029387549963111548,1.0,0.0,0.0,-0.029387549963111548,6452.790345636343,-0.04126841151646532
2026-07-02,-0.041634930741187515,1.0,0.0,0.0,-0.041634930741187515,6184.12886650837,-0.08118513480236589
2026-07-06,0.012407826799762933,1.0,0.0,0.0,0.012407826799762933,6260.86046639142,-0.06978463909394617
2026-07-07,-0.02605002952775126,1.0,0.0,0.0,-0.02605002952775126,6097.764866372793,-0.09401677671271669
2026-07-08,0.008374751974985717,1.0,0.0,0.0,0.008374751974985717,6148.832134730447,-0.08642939192418764
2026-07-09,0.019140556504221973,1.0,0.0,0.0,0.019140556504221973,6266.5242036402315,-0.06894314207971608
2026-07-10,-0.00754880234480626,1.0,0.0,0.0,-0.00754880234480626,6219.219451038007,-0.07597150627193261
2026-07-13,-0.008351733330713484,1.0,0.0,0.0,-0.008351733330713484,6167.278188657751,-0.0836887458415303
2026-07-14,0.019213057629326347,1.0,0.0,0.0,0.019213057629326347,6285.77045991252,-0.06608360490898335
2026-07-15,-0.017179692845547323,1.0,0.0,0.0,-0.017179692845547323,6177.782854113608,-0.08212800172006784
2026-07-16,-0.018953702775882042,1.0,0.0,0.0,-0.018953702775882042,6060.690994082798,-0.09952507476177064
2026-07-17,-0.0010741656185919712,1.0,0.0,0.0,-0.0010741656185919712,6054.180808192044,-0.10049233396686574
2026-07-20,-0.0005445814848075159,1.0,0.0,0.0,-0.0005445814848075159,6050.883813418226,-0.10098218918722979
2026-07-21,0.012641391257038448,1.0,0.0,0.0,0.012641391257038448,6127.375403154527,-0.08961735329369935
2026-07-22,-0.01519522190624889,1.0,0.0,0.0,-0.01519522190624889,6034.2685742007025,-0.1034508196299998
2026-07-23,-0.003704735394715275,1.0,0.0,0.0,-0.003704735394715275,6011.913205832643,-0.10677229711161951
2026-07-24,-0.013311096799683564,1.0,0.0,0.0,-0.013311096799683564,5931.8880471985085,-0.11866213752892574
2026-07-27,-0.0010316562646199845,1.0,0.0,0.0,-0.0010316562646199845,5925.7683777335915,-0.11957137525599082
2026-07-28,-0.017933656615219173,1.0,0.0,0.0,-0.017933656615219173,5819.4976824659925,-0.13536067988635958
2026-07-29,-0.014726620387477074,1.0,0.0,0.0,-0.014726620387477074,5733.796149250513,-0.14809389492575953
2026-07-30,0.032934426227248625,1.0,0.0,0.0,0.032934426227248625,5922.635435530086,-0.12003685615564919
2026-07-31,-0.005823606260015768,1.0,0.0,0.0,-0.005823606260015768,5888.144338731942,-0.12516141502872435
2026-08-03,0.015236425371213835,1.0,0.0,0.0,0.015236425371213835,5977.8586105239665,-0.11183200221695122
2026-08-04,0.03598848187860715,1.0,0.0,0.0,0.03598848187860715,6192.992666801684,-0.07986818432357712
2026-08-05,-0.005438079249027394,1.0,0.0,0.0,-0.005438079249027394,6159.314681890971,-0.08487193405677695
2026-08-06,-0.00579764036000785,1.0,0.0,0.0,-0.00579764036000785,6123.605190501251,-0.0901775174664653
2026-08-07,0.016595650535645934,1.0,0.0,0.0,0.016595650535645934,6225.230402261077,-0.07507842149686506
