candidate,membership,method,lookback,shrinkage,cap_multiple,recent_cagr,recent_sharpe,recent_drawdown,full_cagr,severe_recent_cagr,delay1_recent_cagr,delay2_recent_cagr,worst_current_delay_recent_cagr,peak_total_stock_weight,surface_gates
cash80_balance20__equal__lb26__s00__cap1.00x,cash80_balance20,equal,26,0.0,1.0,1.2371115996688697,3.1172056716974486,-0.08708758375337289,0.4246991766154238,1.0844549332674522,1.217162569762591,1.201524199133802,1.201524199133802,0.06815751020591881,True
cash775_balance225__equal__lb26__s00__cap1.00x,cash775_balance225,equal,26,0.0,1.0,1.232536217207552,3.108828135643177,-0.08708758375337322,0.40982504105432116,1.0796421139378034,1.2157602854543232,1.2011831423893429,1.2011831423893429,0.06815751020591884,True
cash80_balance20__inverse_volatility__lb26__s50__cap1.50x,cash80_balance20,inverse_volatility,26,0.5,1.5,1.2264604338744292,3.102330802742511,-0.087087583753373,0.41897868534946436,1.060961853266062,1.2118261453429695,1.199415418676249,1.199415418676249,0.08386903716599858,False
cash80_balance20__sector_balance__lb26__s50__cap1.50x,cash80_balance20,sector_balance,26,0.5,1.5,1.2255771913349336,3.1102836393455613,-0.08708758375337311,0.4083697772868744,1.0600201086240415,1.2086654483944064,1.1986952618189126,1.1986952618189126,0.0954917055712931,False
cash80_balance20__sector_balance__lb26__s75__cap1.50x,cash80_balance20,sector_balance,26,0.75,1.5,1.225577191334934,3.110283639345563,-0.08708758375337322,0.4083697772868744,1.060020108624042,1.2086654483944073,1.1986952618189095,1.1986952618189095,0.09549170557129316,False
cash80_balance20__sector_balance__lb26__s25__cap1.25x,cash80_balance20,sector_balance,26,0.25,1.25,1.2307211986731752,3.1128915891940556,-0.08708758375337278,0.40618390029534,1.07831822809466,1.2116171469995867,1.1986742042625016,1.1986742042625016,0.08136447097513431,False
cash80_balance20__sector_balance__lb26__s50__cap1.25x,cash80_balance20,sector_balance,26,0.5,1.25,1.2307211986731752,3.1128915891940556,-0.08708758375337278,0.40618390029534,1.0783182280946613,1.2116171469995867,1.1986742042625016,1.1986742042625016,0.08136447097513431,False
cash80_balance20__sector_balance__lb26__s75__cap1.25x,cash80_balance20,sector_balance,26,0.75,1.25,1.2307211986731752,3.1128915891940534,-0.08708758375337278,0.40618390029533935,1.0783182280946608,1.2116171469995876,1.1986742042625012,1.1986742042625012,0.08136447097513431,False
cash80_balance20__inverse_volatility__lb26__s25__cap1.25x,cash80_balance20,inverse_volatility,26,0.25,1.25,1.2302372145703404,3.107171053321158,-0.087087583753373,0.42100981773184,1.0779367074678698,1.2127250943587242,1.198558701600101,1.198558701600101,0.07533613259125471,True
cash80_balance20__inverse_volatility__lb26__s25__cap1.50x,cash80_balance20,inverse_volatility,26,0.25,1.5,1.230237214570339,3.1071710533211565,-0.08708758375337322,0.4210035177225553,1.0779367074678698,1.2127250943587233,1.1985587016000996,1.1985587016000996,0.0753361325912547,True
cash80_balance20__inverse_volatility__lb52__s25__cap1.50x,cash80_balance20,inverse_volatility,52,0.25,1.5,1.2323083040752545,3.10992414615052,-0.08708758375337322,0.4213869278051485,1.0798835243397384,1.2134354397202447,1.1985021766790989,1.1985021766790989,0.0715406986860561,True
cash80_balance20__inverse_volatility__lb52__s25__cap1.25x,cash80_balance20,inverse_volatility,52,0.25,1.25,1.2323083040752536,3.109924146150517,-0.08708758375337311,0.42140546114835753,1.0798835243397367,1.2134354397202447,1.1985021766790989,1.1985021766790989,0.0715406986860561,True
cash80_balance20__sector_balance__lb26__s25__cap1.50x,cash80_balance20,sector_balance,26,0.25,1.5,1.2258101075157217,3.110628545131982,-0.08708758375337344,0.40135028312463095,1.0603183017627997,1.2082873818576747,1.1976073892140913,1.1976073892140913,0.0954917055712931,False
cash80_balance20__inverse_volatility__lb26__s75__cap1.50x,cash80_balance20,inverse_volatility,26,0.75,1.5,1.221193049158193,3.0951069829786837,-0.08708758375337333,0.4171177128958399,1.055983035772675,1.2086012047399195,1.1975773695348781,1.1975773695348781,0.09219435289335445,False
cash80_balance20__inverse_volatility__lb26__s50__cap1.25x,cash80_balance20,inverse_volatility,26,0.5,1.25,1.2246013448190864,3.098353481885261,-0.08708758375337311,0.41844042783223423,1.072581515857686,1.2098451473361713,1.1968328125349998,1.1968328125349998,0.08148805004351387,False
cash75_balance25__equal__lb26__s00__cap1.00x,cash75_balance25,equal,26,0.0,1.0,1.2335936756772763,3.117999342475608,-0.087087583753373,0.41393278092869257,1.0810817931089134,1.2123217763458123,1.1966844180961993,1.1966844180961993,0.0675635605810593,True
cash80_balance20__inverse_volatility__lb52__s50__cap1.25x,cash80_balance20,inverse_volatility,52,0.5,1.25,1.2279307675529898,3.1034329280967414,-0.08708758375337311,0.41896059319790857,1.0757475527890143,1.2105504568400711,1.1961302217065461,1.1961302217065461,0.07642587861796662,True
cash80_balance20__inverse_volatility__lb26__s75__cap1.25x,cash80_balance20,inverse_volatility,26,0.75,1.25,1.2210203277313108,3.0902574504184646,-0.087087583753373,0.41635712192293783,1.0691578864059506,1.2081889938637218,1.1959192309044657,1.1959192309044657,0.08136476518778485,False
cash80_balance20__inverse_volatility__lb52__s50__cap1.50x,cash80_balance20,inverse_volatility,52,0.5,1.5,1.2274847673235114,3.1025152571752037,-0.08708758375337311,0.41941613174913495,1.075293486608492,1.2096936738133044,1.195469090750164,1.195469090750164,0.07642587861796664,True
cash80_balance20__inverse_volatility_correlation__lb26__s25__cap1.25x,cash80_balance20,inverse_volatility_correlation,26,0.25,1.25,1.2235720134018249,3.0988392984846467,-0.08708758375337278,0.4201431712203283,1.0585350044113024,1.2078209843921441,1.1950680286476976,1.1950680286476976,0.07765056311954112,True
cash80_balance20__inverse_correlation__lb26__s25__cap1.50x,cash80_balance20,inverse_correlation,26,0.25,1.5,1.2290851570793633,3.106986444262936,-0.08708758375337333,0.4236903704294015,1.0770434089548897,1.209240316763152,1.1950187586362229,1.1950187586362229,0.07153695888169377,True
cash80_balance20__inverse_correlation__lb26__s25__cap1.25x,cash80_balance20,inverse_correlation,26,0.25,1.25,1.2293493871271153,3.1073117841847973,-0.087087583753373,0.4234932926559356,1.0772725514042127,1.2093032554377428,1.1950130153744145,1.1950130153744145,0.0715369588816938,True
cash80_balance20__inverse_volatility__lb52__s75__cap1.25x,cash80_balance20,inverse_volatility,52,0.75,1.25,1.2249010037259223,3.0980820311808333,-0.087087583753373,0.41713615075748467,1.0728905722421938,1.208872757245822,1.1946833431221537,1.1946833431221537,0.08174754110502686,False
cash80_balance20__inverse_volatility_correlation__lb26__s25__cap1.50x,cash80_balance20,inverse_volatility_correlation,26,0.25,1.5,1.222494446106042,3.0985033573019725,-0.087087583753373,0.4203008719357726,1.0574982685901628,1.206553296677189,1.1941299698022956,1.1941299698022956,0.07721596010491777,True
cash80_balance20__inverse_volatility__lb52__s75__cap1.50x,cash80_balance20,inverse_volatility,52,0.75,1.5,1.2230020331071247,3.0957490635749485,-0.087087583753373,0.41006362417336395,1.0710516957109477,1.2067186660270592,1.19306717704358,1.19306717704358,0.08124469704332621,False
cash100__inverse_volatility__lb52__s75__cap1.25x,cash100,inverse_volatility,52,0.75,1.25,1.2046891967828541,3.0588376211188875,-0.087087583753373,0.4163881472700406,1.0399415282746984,1.1993084961785851,1.1927865874468155,1.1927865874468155,0.08086952709045273,False
cash80_balance20__inverse_correlation__lb52__s25__cap1.25x,cash80_balance20,inverse_correlation,52,0.25,1.25,1.2274643142043393,3.107409733480331,-0.087087583753373,0.42374102516008283,1.0755468316491599,1.2067828533450795,1.1919338140589817,1.1919338140589817,0.06850476569164003,True
cash80_balance20__inverse_correlation__lb52__s25__cap1.50x,cash80_balance20,inverse_correlation,52,0.25,1.5,1.2267160890885562,3.1068719267912104,-0.08708758375337322,0.42373237029113375,1.0748753250266097,1.2065321363809618,1.191888447974876,1.191888447974876,0.06911376979100621,True
cash80_balance20__inverse_correlation__lb26__s50__cap1.25x,cash80_balance20,inverse_correlation,26,0.5,1.25,1.2217971398423573,3.0954265096141014,-0.08708758375337311,0.40952836534528547,1.0570237236053455,1.2049041264331395,1.1914552873995348,1.1914552873995348,0.07552791374293508,True
cash80_balance20__inverse_volatility_correlation__lb52__s25__cap1.25x,cash80_balance20,inverse_volatility_correlation,52,0.25,1.25,1.2243709999804007,3.1023283266427946,-0.08708758375337311,0.417584465368793,1.0725882298641185,1.2049368306274313,1.19062418477156,1.19062418477156,0.07207082147392671,True
cash80_balance20__inverse_correlation__lb26__s50__cap1.50x,cash80_balance20,inverse_correlation,26,0.5,1.5,1.2203983012136432,3.093814272241135,-0.08708758375337322,0.41018850391435024,1.0557241377513509,1.2028863447831508,1.1902112684350907,1.1902112684350907,0.07593173273234471,True
cash100__inverse_volatility__lb26__s75__cap1.25x,cash100,inverse_volatility,26,0.75,1.25,1.1980437162561839,3.0472317738507884,-0.087087583753373,0.42704520399350243,1.0338349600803025,1.1951441545388453,1.1901022839906084,1.1901022839906084,0.08191000772136318,False
cash80_balance20__inverse_volatility_correlation__lb26__s50__cap1.25x,cash80_balance20,inverse_volatility_correlation,26,0.5,1.25,1.2149867534019876,3.08224409696646,-0.08708758375337322,0.4083813763461759,1.0505990018755749,1.2014973500494506,1.1900209296746476,1.1900209296746476,0.08109006605033602,False
cash100__inverse_volatility__lb52__s75__cap1.50x,cash100,inverse_volatility,52,0.75,1.5,1.2023159599354414,3.0549647522509815,-0.08708758375337322,0.4166795824139726,1.0377159019275446,1.1961754650040475,1.189458234907093,1.189458234907093,0.08072575323502564,False
cash100__inverse_volatility__lb52__s50__cap1.25x,cash100,inverse_volatility,52,0.5,1.25,1.1994060742674835,3.0499961306000922,-0.08708758375337311,0.4276706012808218,1.0351448130274608,1.1946953578872588,1.1892054559638372,1.1892054559638372,0.07814037657591653,True
cash80_balance20__inverse_volatility_correlation__lb52__s50__cap1.25x,cash80_balance20,inverse_volatility_correlation,52,0.5,1.25,1.2225249611928781,3.0941471693154585,-0.087087583753373,0.411032829603146,1.0708639622210656,1.2030678219836082,1.188060605062804,1.188060605062804,0.07984936468933297,True
cash80_balance20__inverse_correlation__lb26__s75__cap1.25x,cash80_balance20,inverse_correlation,26,0.75,1.25,1.2173872583944991,3.0865642942795612,-0.087087583753373,0.4089975807023989,1.0530190656210374,1.2013158607584407,1.187701667193764,1.187701667193764,0.08053851779238977,False
cash100__inverse_volatility__lb52__s50__cap1.50x,cash100,inverse_volatility,52,0.5,1.5,1.198501293967691,3.0480609155287666,-0.08708758375337322,0.4247660723297182,1.0342595291100243,1.193135430895774,1.187415728352291,1.187415728352291,0.07814037657591655,True
cash80_balance20__inverse_volatility_correlation__lb52__s25__cap1.50x,cash80_balance20,inverse_volatility_correlation,52,0.25,1.5,1.2201771050992711,3.0990200637657415,-0.08708758375337311,0.41678222017623034,1.0686942913969228,1.2009674884951935,1.187363643695968,1.187363643695968,0.07127339769430945,True
cash100__inverse_volatility__lb52__s25__cap1.25x,cash100,inverse_volatility,52,0.25,1.25,1.195353469824413,3.042496496798897,-0.08708758375337311,0.4322811893378604,1.0314482710538457,1.1913538654797038,1.1868584037293175,1.1868584037293175,0.07555095979121279,True
cash100__inverse_volatility__lb52__s25__cap1.50x,cash100,inverse_volatility,52,0.25,1.5,1.1953534698244122,3.042496496798894,-0.087087583753373,0.43222932385826907,1.031448271053844,1.1913538654797042,1.1868584037293166,1.1868584037293166,0.07555095979121282,True
cash80_balance20__inverse_correlation__lb52__s50__cap1.25x,cash80_balance20,inverse_correlation,52,0.5,1.25,1.2242168014842112,3.1016152940852897,-0.08708758375337322,0.4157224484893034,1.072567147050893,1.2020137358325935,1.18685466179929,1.18685466179929,0.07070527563482915,True
cash100__inverse_volatility__lb26__s50__cap1.25x,cash100,inverse_volatility,26,0.5,1.25,1.1942092543663576,3.0417372136033434,-0.087087583753373,0.4300687560184697,1.0303515018342275,1.1911667128859285,1.1867221280988036,1.1867221280988036,0.07871542592624048,True
cash100__equal__lb26__s00__cap1.00x,cash100,equal,26,0.0,1.0,1.1921841481621724,3.0367340261008136,-0.08708758375337289,0.419660755449087,1.028611723332272,1.1895509184969626,1.1862753675866267,1.1862753675866267,0.073787895032207,True
cash80_balance20__inverse_volatility_correlation__lb26__s50__cap1.50x,cash80_balance20,inverse_volatility_correlation,26,0.5,1.5,1.2093868831110437,3.079456378126106,-0.087087583753373,0.4037071075048255,1.0454131617357345,1.1960496034591999,1.1859348373893774,1.1859348373893774,0.08837417487752133,False
cash100__inverse_volatility__lb26__s25__cap1.50x,cash100,inverse_volatility,26,0.25,1.5,1.1926908617928254,3.038338224852917,-0.08708758375337311,0.4327029584391009,1.0290113884772172,1.1895975162535337,1.185599667074066,1.185599667074066,0.07582897886553965,True
cash100__inverse_volatility__lb26__s25__cap1.25x,cash100,inverse_volatility,26,0.25,1.25,1.1926908617928258,3.038338224852919,-0.08708758375337322,0.4327095577144342,1.0290113884772172,1.1895975162535346,1.185599667074063,1.185599667074063,0.07582897886553967,True
cash100__inverse_volatility__lb26__s50__cap1.50x,cash100,inverse_volatility,26,0.5,1.5,1.1931869100644654,3.039697610961586,-0.087087583753373,0.4189799153663132,1.0293742998223157,1.189631832385015,1.1849064177831345,1.1849064177831345,0.07871542592624048,True
cash80_balance20__inverse_correlation__lb52__s75__cap1.25x,cash80_balance20,inverse_correlation,52,0.75,1.25,1.223872293325102,3.1001498120704127,-0.087087583753373,0.4095353570909741,1.0722837252548958,1.2003745895101128,1.1848579633692142,1.1848579633692142,0.07413963560431945,True
cash80_balance20__inverse_correlation__lb26__s75__cap1.50x,cash80_balance20,inverse_correlation,26,0.75,1.5,1.2131516507476525,3.082978215986647,-0.08708758375337311,0.40986639068106,1.0490905324537003,1.1967043686505785,1.1848284815465213,1.1848284815465213,0.08456118833833576,False
cash80_balance20__inverse_volatility_correlation__lb52__s75__cap1.25x,cash80_balance20,inverse_volatility_correlation,52,0.75,1.25,1.219595732894288,3.0837425720249083,-0.08708758375337311,0.4140971221245531,1.0681459737439458,1.2001307227301101,1.1845897031149808,1.1845897031149808,0.08149537917848292,False
cash80_balance20__inverse_correlation__lb52__s50__cap1.50x,cash80_balance20,inverse_correlation,52,0.5,1.5,1.2173554774707376,3.095191912978783,-0.087087583753373,0.4116467884730881,1.0529838639393256,1.1981335647631464,1.1843402668536296,1.1843402668536296,0.07132528031045042,True
cash80_balance20__inverse_volatility_correlation__lb26__s75__cap1.25x,cash80_balance20,inverse_volatility_correlation,26,0.75,1.25,1.2059704962074864,3.0643192578540828,-0.08708758375337333,0.4100628989592867,1.042295895110938,1.1939443930759377,1.1834472185641096,1.1834472185641096,0.08096452810743551,False
cash80_balance20__inverse_volatility_correlation__lb52__s50__cap1.50x,cash80_balance20,inverse_volatility_correlation,52,0.5,1.5,1.2130879995797392,3.088898744991439,-0.087087583753373,0.40793528197654405,1.0488744297138992,1.1953449428367482,1.1825990545989349,1.1825990545989349,0.0791185911550803,False
cash80_balance20__inverse_volatility_correlation__lb26__s75__cap1.50x,cash80_balance20,inverse_volatility_correlation,26,0.75,1.5,1.2003568868508228,3.061634989944191,-0.087087583753373,0.4087725418508592,1.0370578182351982,1.1894741069225732,1.180757619649404,1.180757619649404,0.09484435392694429,False
cash80_balance20__inverse_volatility_correlation__lb52__s75__cap1.50x,cash80_balance20,inverse_volatility_correlation,52,0.75,1.5,1.2111696080051257,3.0799223134812186,-0.087087583753373,0.41145797123355865,1.0470906284391241,1.193467493294543,1.1799984734993005,1.1799984734993005,0.08523448802417105,False
cash80_balance20__inverse_correlation__lb52__s75__cap1.50x,cash80_balance20,inverse_correlation,52,0.75,1.5,1.2112309797884948,3.086221030516125,-0.08708758375337289,0.40788650725455367,1.0473860902580925,1.1907921462249815,1.17708250017101,1.17708250017101,0.07139199306493131,False
cash90_balance10__equal__lb26__s00__cap1.00x,cash90_balance10,equal,26,0.0,1.0,1.180011319534592,2.9906203646826435,-0.08708758375337333,0.401789356145408,1.0179978764499853,1.1775896314680128,1.1703919252123107,1.1703919252123107,0.07402224919874585,False
cash825_balance175__equal__lb26__s00__cap1.00x,cash825_balance175,equal,26,0.0,1.0,1.2027260763618863,3.0513632380725526,-0.08708758375337333,0.3974391202082799,1.039314400697286,1.182966297525684,1.1702264969618015,1.1702264969618015,0.07066393043026278,False
cash85_balance15__equal__lb26__s00__cap1.00x,cash85_balance15,equal,26,0.0,1.0,1.1704508535806428,2.993953140471426,-0.08708758375337322,0.38410673209622237,1.0095476783143198,1.1586174351923542,1.148663558388825,1.148663558388825,0.07164612793155448,False
cash70_balance30__equal__lb26__s00__cap1.00x,cash70_balance30,equal,26,0.0,1.0,1.156120811611026,2.968543233475287,-0.08708758375337289,0.372541503358335,0.9974317570147817,1.1423415790647264,1.1589546752435838,1.1423415790647264,0.07316952013222248,False
cash100__inverse_volatility__lb26__s75__cap1.50x,cash100,inverse_volatility,26,0.75,1.5,1.137076029292253,2.9131978302417596,-0.087087583753373,0.4165481662809778,0.9779357624594842,1.1294448484368043,1.1570385746796115,1.1294448484368043,0.08161695182483975,False
cash100__sector_balance__lb26__s50__cap1.25x,cash100,sector_balance,26,0.5,1.25,1.1276750502657582,2.906311535551428,-0.08708758375337289,0.398382238250111,0.9693469330208797,1.121098010320694,1.1568764652085752,1.121098010320694,0.08480028979075618,False
cash100__sector_balance__lb26__s75__cap1.25x,cash100,sector_balance,26,0.75,1.25,1.1276750502657609,2.906311535551431,-0.08708758375337289,0.398382238250111,0.9693469330208788,1.1210980103206936,1.1568764652085752,1.1210980103206936,0.08480028979075617,False
cash100__sector_balance__lb26__s25__cap1.25x,cash100,sector_balance,26,0.25,1.25,1.1276750502657569,2.906311535551426,-0.08708758375337322,0.39838223825011165,0.9693469330208797,1.1210980103206922,1.156876465208577,1.1210980103206922,0.08480028979075617,False
cash100__inverse_volatility_correlation__lb52__s25__cap1.25x,cash100,inverse_volatility_correlation,52,0.25,1.25,1.1263396091979727,2.903734904650253,-0.08708758375337322,0.4100518057213658,0.9683027902566199,1.1183170987137379,1.1471048696106592,1.1183170987137379,0.07586224148441303,False
cash100__inverse_volatility_correlation__lb52__s75__cap1.25x,cash100,inverse_volatility_correlation,52,0.75,1.25,1.124846005223331,2.9019004281211167,-0.08708758375337311,0.41183474142162235,0.9669667343603752,1.1165770548163514,1.1424769513378439,1.1165770548163514,0.08293991393123802,False
cash100__inverse_volatility_correlation__lb26__s25__cap1.25x,cash100,inverse_volatility_correlation,26,0.25,1.25,1.1220501715960727,2.8915177589265646,-0.087087583753373,0.4064071546753394,0.9642784122586694,1.1164133282682118,1.1456924871624294,1.1164133282682118,0.07822248250362766,False
cash100__sector_balance__lb26__s25__cap1.50x,cash100,sector_balance,26,0.25,1.5,1.1230918084792552,2.9086792913503334,-0.087087583753373,0.4022390116029162,0.9651721331732517,1.116362994976781,1.1541370469936512,1.116362994976781,0.09939898960207091,False
cash100__inverse_volatility_correlation__lb26__s25__cap1.50x,cash100,inverse_volatility_correlation,26,0.25,1.5,1.1216310568772632,2.891523774132373,-0.08708758375337289,0.4063672668512157,0.96387731739578,1.1156939796235399,1.1449924685874397,1.1156939796235399,0.0781318311435163,False
cash100__inverse_volatility_correlation__lb52__s25__cap1.50x,cash100,inverse_volatility_correlation,52,0.25,1.5,1.124011582053952,2.903715828676683,-0.08708758375337311,0.40955617984507064,0.9661552399572144,1.115680898976768,1.144429105394162,1.115680898976768,0.07586224148441305,False
cash100__inverse_volatility_correlation__lb52__s50__cap1.25x,cash100,inverse_volatility_correlation,52,0.5,1.25,1.12369753587337,2.901037198828476,-0.087087583753373,0.40832029589476204,0.9659076195482503,1.1155638167760018,1.1429324444755062,1.1155638167760018,0.07883676055131227,False
cash100__inverse_correlation__lb26__s25__cap1.25x,cash100,inverse_correlation,26,0.25,1.25,1.1203034276194503,2.888312503180432,-0.08708758375337311,0.39194859617417044,0.9627261631205988,1.1153755615606697,1.1458389142867031,1.1153755615606697,0.07969258646519589,False
cash100__inverse_correlation__lb26__s25__cap1.50x,cash100,inverse_correlation,26,0.25,1.5,1.1203034276194503,2.888312503180432,-0.08708758375337311,0.39194859617417044,0.9627261631205988,1.1153755615606697,1.1458389142867031,1.1153755615606697,0.07969258646519589,False
cash100__inverse_correlation__lb52__s25__cap1.25x,cash100,inverse_correlation,52,0.25,1.25,1.1223033867279084,2.8980388106598087,-0.08708758375337278,0.4037006037950901,0.964693915738571,1.1153640872402235,1.1454250777434938,1.1153640872402235,0.07862933335139127,False
cash100__sector_balance__lb26__s75__cap1.50x,cash100,sector_balance,26,0.75,1.5,1.121339187296595,2.9059105012745463,-0.08708758375337311,0.3858053982647325,0.9633386821798415,1.1148761158908393,1.156350733596455,1.1148761158908393,0.099398989602071,False
cash100__sector_balance__lb26__s50__cap1.50x,cash100,sector_balance,26,0.5,1.5,1.121339187296594,2.9059105012745436,-0.08708758375337311,0.38580539826473315,0.9633386821798409,1.1148761158908393,1.156350733596455,1.1148761158908393,0.099398989602071,False
cash100__inverse_correlation__lb52__s25__cap1.50x,cash100,inverse_correlation,52,0.25,1.5,1.1208789722232764,2.8978701932903013,-0.087087583753373,0.40351114279494316,0.9633872787004687,1.113818249390722,1.1439209522859128,1.113818249390722,0.07859314073014673,False
cash100__inverse_volatility_correlation__lb52__s50__cap1.50x,cash100,inverse_volatility_correlation,52,0.5,1.5,1.118572372868584,2.90045795384926,-0.08708758375337322,0.40816068844240383,0.9611625617540462,1.1092235102998242,1.1366641363270915,1.1092235102998242,0.0779612493556822,False
cash100__inverse_volatility_correlation__lb26__s50__cap1.25x,cash100,inverse_volatility_correlation,26,0.5,1.25,1.1124214105230306,2.8771922870361077,-0.087087583753373,0.4065318343731279,0.9553876820124372,1.108858531455354,1.1374746885190938,1.108858531455354,0.08354942784235697,False
cash100__inverse_correlation__lb52__s50__cap1.25x,cash100,inverse_correlation,52,0.5,1.25,1.1154646171706366,2.888554597370017,-0.08708758375337311,0.40183032064003155,0.9584358057779998,1.108719858993973,1.1383891399167427,1.108719858993973,0.08451757050571773,False
cash100__inverse_volatility_correlation__lb26__s50__cap1.50x,cash100,inverse_volatility_correlation,26,0.5,1.5,1.1100856783771236,2.8760562822887263,-0.08708758375337322,0.40720967387975104,0.953193579586832,1.105520365479657,1.1339380130377759,1.105520365479657,0.08270397254191691,False
cash100__inverse_volatility_correlation__lb52__s75__cap1.50x,cash100,inverse_volatility_correlation,52,0.75,1.5,1.11463160263513,2.896652984673232,-0.08708758375337311,0.4096691643230397,0.9575868868680915,1.1050977696465552,1.1312255854476687,1.1050977696465552,0.0808791530293746,False
cash100__inverse_correlation__lb26__s50__cap1.25x,cash100,inverse_correlation,26,0.5,1.25,1.1082981742852103,2.870328543723926,-0.087087583753373,0.3870465771996803,0.9516246223665381,1.1047197591566142,1.1346810131250047,1.1047197591566142,0.08671222383071146,False
cash100__inverse_volatility_correlation__lb26__s75__cap1.25x,cash100,inverse_volatility_correlation,26,0.75,1.25,1.1061982916674236,2.868724051636207,-0.08708758375337311,0.40170813468607625,0.9496053698472713,1.104156421948363,1.1324301011992466,1.104156421948363,0.0901189882227142,False
cash100__inverse_correlation__lb26__s50__cap1.50x,cash100,inverse_correlation,26,0.5,1.5,1.1066364127047947,2.8695621121093184,-0.087087583753373,0.3842049160253007,0.9501241377043792,1.1034657831256323,1.1342496871567107,1.1034657831256323,0.08556832283146211,False
cash100__inverse_correlation__lb52__s50__cap1.50x,cash100,inverse_correlation,52,0.5,1.5,1.1103362569001778,2.8883241526338823,-0.087087583753373,0.40675807730601754,0.9537923458713167,1.1031656563374113,1.133164723527877,1.1031656563374113,0.08346246780578509,False
cash100__inverse_correlation__lb52__s75__cap1.25x,cash100,inverse_correlation,52,0.75,1.25,1.108294045949613,2.875827065574491,-0.087087583753373,0.3913015024526403,0.9518405465931734,1.1020314452720128,1.1307971494373947,1.1020314452720128,0.09054494948569985,False
cash100__inverse_correlation__lb26__s75__cap1.25x,cash100,inverse_correlation,26,0.75,1.25,1.102452808561602,2.8610278674292586,-0.087087583753373,0.3847678510387005,0.946219411301386,1.0996906213154398,1.1287382667893087,1.0996906213154398,0.09153429691990847,False
cash100__inverse_volatility_correlation__lb26__s75__cap1.50x,cash100,inverse_volatility_correlation,26,0.75,1.5,1.099587366675912,2.8593885801969203,-0.087087583753373,0.40326531345743066,0.9434915077203627,1.0971044507841432,1.124666373093556,1.0971044507841432,0.08814070711781584,False
cash100__inverse_correlation__lb52__s75__cap1.50x,cash100,inverse_correlation,52,0.75,1.5,1.1027195556373242,2.87828698964576,-0.08708758375337289,0.4029339194912629,0.9468244794417384,1.0954788897151695,1.1250943932381277,1.0954788897151695,0.09123335256752853,False
cash100__inverse_correlation__lb26__s75__cap1.50x,cash100,inverse_correlation,26,0.75,1.5,1.093737292197797,2.850478234567144,-0.08708758375337289,0.37502060603775655,0.9381807687247803,1.0919753659063143,1.1225913889878427,1.0919753659063143,0.09201330018547424,False
cash70_balance15_shareholder15__inverse_volatility_correlation__lb52__s75__cap1.25x,cash70_balance15_shareholder15,inverse_volatility_correlation,52,0.75,1.25,0.9578039139771133,2.602509988213555,-0.10892204406718609,0.36462395699611094,0.7908217914577036,0.9851603921865904,1.0240699421709372,0.9578039139771133,0.08767321627752087,False
cash70_balance15_shareholder15__inverse_volatility_correlation__lb52__s75__cap1.50x,cash70_balance15_shareholder15,inverse_volatility_correlation,52,0.75,1.5,0.9544235149121649,2.6026655455943075,-0.10757778620595282,0.3702936686112104,0.7876639195861563,0.9803500963081138,1.0207826008059788,0.9544235149121649,0.08829178927076992,False
cash70_balance15_shareholder15__inverse_volatility_correlation__lb52__s50__cap1.25x,cash70_balance15_shareholder15,inverse_volatility_correlation,52,0.5,1.25,0.9535415027631973,2.5951907854030036,-0.10988574428895126,0.3628124149527303,0.7869394552313276,0.9816236220616696,1.0204787674418427,0.9535415027631973,0.0825277104008735,False
cash70_balance15_shareholder15__inverse_volatility_correlation__lb52__s50__cap1.50x,cash70_balance15_shareholder15,inverse_volatility_correlation,52,0.5,1.5,0.9510201978731094,2.592770972049832,-0.10961681592699268,0.3645544585171978,0.7845928162927778,0.9782700297345979,1.0176325607672356,0.9510201978731094,0.08141313203915984,False
cash70_balance15_shareholder15__inverse_volatility_correlation__lb52__s25__cap1.25x,cash70_balance15_shareholder15,inverse_volatility_correlation,52,0.25,1.25,0.9501291607736091,2.5857760075824165,-0.1117365582764146,0.3606468105338114,0.783852890738717,0.9794016567617647,1.0172755488467717,0.9501291607736091,0.07578985628244898,False
cash70_balance15_shareholder15__inverse_volatility_correlation__lb52__s25__cap1.50x,cash70_balance15_shareholder15,inverse_volatility_correlation,52,0.25,1.5,0.949194850093928,2.585737800568976,-0.11156190147871248,0.3608981019218711,0.7829685573771537,0.9781428530356464,1.015926412383243,0.949194850093928,0.07497564920435215,False
cash70_balance15_shareholder15__inverse_volatility__lb52__s25__cap1.25x,cash70_balance15_shareholder15,inverse_volatility,52,0.25,1.25,0.9483036960636697,2.582582848424962,-0.11270169215264059,0.3575165346028397,0.7821508978792182,0.9781276952639761,1.0168348554271427,0.9483036960636697,0.07121316580189634,False
cash70_balance15_shareholder15__inverse_volatility__lb52__s25__cap1.50x,cash70_balance15_shareholder15,inverse_volatility,52,0.25,1.5,0.9481386949559194,2.5823238476240613,-0.11270169215264003,0.3574733589133692,0.7819935862647187,0.977963818560905,1.0167387532443857,0.9481386949559194,0.07121316580189632,False
cash80_shareholder20__inverse_volatility_correlation__lb52__s75__cap1.25x,cash80_shareholder20,inverse_volatility_correlation,52,0.75,1.25,0.9372232621271919,2.6326706047196664,-0.08708758375337311,0.36047726117717005,0.7567582916491129,0.9372902766207092,0.9552666106356011,0.9372232621271919,0.08685686290481559,False
cash80_shareholder20__inverse_volatility_correlation__lb52__s50__cap1.25x,cash80_shareholder20,inverse_volatility_correlation,52,0.5,1.25,0.9336553711774715,2.6251722754092413,-0.08708758375337311,0.35997643688350434,0.7536137150124929,0.93374530334456,0.9524701324449354,0.9336553711774715,0.08003722649983058,False
cash80_shareholder20__inverse_correlation__lb52__s50__cap1.25x,cash80_shareholder20,inverse_correlation,52,0.5,1.25,0.9341938923659916,2.6190746773282148,-0.08708758375337311,0.35952088773714297,0.7542055104821657,0.9318582879379229,0.9480998449316236,0.9318582879379229,0.07594086228362834,False
cash70_balance15_shareholder15__inverse_correlation__lb52__s75__cap1.25x,cash70_balance15_shareholder15,inverse_correlation,52,0.75,1.25,0.9306842392971157,2.5543310073112133,-0.11134307517522513,0.35486722917904157,0.761307752214925,0.9557700707648382,0.9954841409830555,0.9306842392971157,0.08511428201695304,False
cash70_balance15_shareholder15__inverse_correlation__lb52__s75__cap1.50x,cash70_balance15_shareholder15,inverse_correlation,52,0.75,1.5,0.9305682628537884,2.555342822059206,-0.11115280700387598,0.35811652774741876,0.7612126532549699,0.9556328676848631,0.995099178750432,0.9305682628537884,0.08408696169212014,False
cash80_shareholder20__inverse_correlation__lb52__s50__cap1.50x,cash80_shareholder20,inverse_correlation,52,0.5,1.5,0.9318053453071684,2.615948024379869,-0.08708758375337311,0.35741961519999643,0.7521404295693905,0.9304155700044294,0.9467730043893345,0.9304155700044294,0.07502013299023645,False
cash80_shareholder20__inverse_correlation__lb52__s75__cap1.25x,cash80_shareholder20,inverse_correlation,52,0.75,1.25,0.9334710382192573,2.6174118633984853,-0.08708758375337322,0.3578338703607109,0.753625666825477,0.9302677231962964,0.9459800787829538,0.9302677231962964,0.07910104194769212,False
cash70_balance15_shareholder15__inverse_correlation__lb52__s50__cap1.25x,cash70_balance15_shareholder15,inverse_correlation,52,0.5,1.25,0.9302209363664569,2.554101942688061,-0.11211846971865391,0.351830329140842,0.7608902102030368,0.9558779986893187,0.9960037207864791,0.9302209363664569,0.07971292137828875,False
cash70_balance15_shareholder15__inverse_correlation__lb52__s50__cap1.50x,cash70_balance15_shareholder15,inverse_correlation,52,0.5,1.5,0.9299471057281736,2.554843984659908,-0.1119183404548374,0.3531673729008389,0.7606659863550183,0.955699713056356,0.9954402310509816,0.9299471057281736,0.07875113998290446,False
cash70_balance15_shareholder15__inverse_correlation__lb52__s25__cap1.25x,cash70_balance15_shareholder15,inverse_correlation,52,0.25,1.25,0.929628799127578,2.5536203225413256,-0.11286260235528145,0.35041973178411356,0.7603678429858045,0.9559700161388927,0.9963846107521745,0.929628799127578,0.0745101658736661,False
cash70_balance15_shareholder15__inverse_correlation__lb52__s25__cap1.50x,cash70_balance15_shareholder15,inverse_correlation,52,0.25,1.5,0.9295281463909093,2.5540946852417528,-0.11279001917604425,0.3504206163008492,0.7602912553849153,0.9560177804079129,0.9963939519348486,0.9295281463909093,0.07419872947197867,False
cash80_shareholder20__inverse_volatility_correlation__lb52__s50__cap1.50x,cash80_shareholder20,inverse_volatility_correlation,52,0.5,1.5,0.9294726545910876,2.618733605305856,-0.08708758375337311,0.3610177441623459,0.7498857379572534,0.9307182018473985,0.9503211892336216,0.9294726545910876,0.08085520633341928,False
cash80_shareholder20__inverse_volatility_correlation__lb52__s75__cap1.50x,cash80_shareholder20,inverse_volatility_correlation,52,0.75,1.5,0.9293452695549484,2.6216632169069487,-0.08708758375337311,0.36388413567492295,0.7497948979816105,0.9311967837379498,0.950932853032374,0.9293452695549484,0.08443395059968976,False
cash80_shareholder20__inverse_correlation__lb52__s75__cap1.50x,cash80_shareholder20,inverse_correlation,52,0.75,1.5,0.9311795474110849,2.6143866927496924,-0.087087583753373,0.3574968700726704,0.7516474870711869,0.929109928142243,0.9446626935362303,0.929109928142243,0.08004132662938128,False
cash70_balance15_shareholder15__equal__lb26__s00__cap1.00x,cash70_balance15_shareholder15,equal,26,0.0,1.0,0.914387262385187,2.5167763067819924,-0.11379502810917053,0.3506361844969299,0.7299565210463324,0.9450893730920427,0.9808595896016861,0.914387262385187,0.07033102812953809,False
cash70_balance15_shareholder15__inverse_volatility__lb26__s25__cap1.25x,cash70_balance15_shareholder15,inverse_volatility,26,0.25,1.25,0.9094936808652094,2.5121332189339145,-0.11419982723665278,0.35999971214862403,0.7254429259896453,0.9401243043651701,0.9784578650513047,0.9094936808652094,0.06875272472863617,False
cash70_balance15_shareholder15__inverse_volatility__lb26__s25__cap1.50x,cash70_balance15_shareholder15,inverse_volatility,26,0.25,1.5,0.9094407251186787,2.512048272708953,-0.11419982723665256,0.3600186232805451,0.7253930634211712,0.9400714214453423,0.9784266273366711,0.9094407251186787,0.06875272472863612,False
cash70_balance15_shareholder15__inverse_correlation__lb26__s25__cap1.50x,cash70_balance15_shareholder15,inverse_correlation,26,0.25,1.5,0.9071181327604296,2.512073915686373,-0.114327960864674,0.34628882914204207,0.7600523226368907,0.9347634648733836,0.9716679003556674,0.9071181327604296,0.06929494873093901,False
cash70_balance15_shareholder15__inverse_correlation__lb26__s25__cap1.25x,cash70_balance15_shareholder15,inverse_correlation,26,0.25,1.25,0.9070505709436267,2.511826299320158,-0.11432796086467378,0.34627361257607947,0.7599927216932845,0.9346553002071161,0.9715178278654146,0.9070505709436267,0.06929494873093901,False
cash70_balance15_shareholder15__inverse_volatility_correlation__lb26__s25__cap1.25x,cash70_balance15_shareholder15,inverse_volatility_correlation,26,0.25,1.25,0.9059261447727847,2.512600191199618,-0.11445564607867242,0.35194025681283136,0.7588835912166216,0.9328955115182653,0.9713398342038975,0.9059261447727847,0.06748811439437899,False
cash70_balance15_shareholder15__inverse_volatility_correlation__lb26__s25__cap1.50x,cash70_balance15_shareholder15,inverse_volatility_correlation,26,0.25,1.5,0.9057793169112025,2.51269262690205,-0.11445564607867287,0.35243367398611425,0.7586990054082128,0.9323985847060741,0.9711737500035054,0.9057793169112025,0.06851185050045025,False
cash70_balance15_shareholder15__inverse_correlation__lb26__s50__cap1.25x,cash70_balance15_shareholder15,inverse_correlation,26,0.5,1.25,0.9045063751164177,2.5059708383714936,-0.1149685074952772,0.3558426983642984,0.7576128198845267,0.9331173350136597,0.970043414108291,0.9045063751164177,0.07006590865731119,False
cash70_balance15_shareholder15__inverse_correlation__lb26__s50__cap1.50x,cash70_balance15_shareholder15,inverse_correlation,26,0.5,1.5,0.9044119259731369,2.506517677665208,-0.1148621233354542,0.35818737745689266,0.7575435802192971,0.9329754479200831,0.969951203760582,0.9044119259731369,0.0697053525971627,False
cash70_balance15_shareholder15__inverse_volatility_correlation__lb26__s50__cap1.25x,cash70_balance15_shareholder15,inverse_volatility_correlation,26,0.5,1.25,0.9023021024733073,2.5070259234498935,-0.11517853693299762,0.35270971463437517,0.7555089038574772,0.9306963827471642,0.9704985775314197,0.9023021024733073,0.07248793291714653,False
cash70_balance15_shareholder15__inverse_volatility_correlation__lb26__s50__cap1.50x,cash70_balance15_shareholder15,inverse_volatility_correlation,26,0.5,1.5,0.9020292790996662,2.5077894777424308,-0.11511870990201001,0.35665293087465466,0.7551823049362696,0.9293739780795462,0.9695744666527533,0.9020292790996662,0.07138596000554366,False
cash70_balance15_shareholder15__inverse_correlation__lb26__s75__cap1.50x,cash70_balance15_shareholder15,inverse_correlation,26,0.75,1.5,0.9018517219377862,2.500839354087033,-0.11544076854519536,0.3569452155715127,0.7551356399296554,0.9313709632304104,0.9683611066093891,0.9018517219377862,0.07709120298706691,False
cash70_balance15_shareholder15__inverse_correlation__lb26__s75__cap1.25x,cash70_balance15_shareholder15,inverse_correlation,26,0.75,1.25,0.9017923338950458,2.49920745300419,-0.11586857123643335,0.3567215815377056,0.7551278427505925,0.9309723063914213,0.9675770925655343,0.9017923338950458,0.07488770933358939,False
cash70_balance15_shareholder15__inverse_volatility_correlation__lb26__s75__cap1.25x,cash70_balance15_shareholder15,inverse_volatility_correlation,26,0.75,1.25,0.8986772715309421,2.500841227339557,-0.11607649854816426,0.35183984677919344,0.7521033645601227,0.9286858956386972,0.9696313808585248,0.8986772715309421,0.0734166218979687,False
cash70_balance15_shareholder15__inverse_volatility_correlation__lb26__s75__cap1.50x,cash70_balance15_shareholder15,inverse_volatility_correlation,26,0.75,1.5,0.8981455538379335,2.501943487105262,-0.11581208841009205,0.35822447465341956,0.7515566875274431,0.9268904064920731,0.9685027972617564,0.8981455538379335,0.0793927488495019,False
cash70_balance15_shareholder15__inverse_volatility__lb52__s75__cap1.25x,cash70_balance15_shareholder15,inverse_volatility,52,0.75,1.25,0.8834282796902666,2.4841871623823986,-0.11051738541876854,0.35829164397191793,0.6967277589301344,0.9106041605389124,0.9505419552605938,0.8834282796902666,0.07392025113474997,False
cash70_balance15_shareholder15__inverse_volatility__lb52__s50__cap1.25x,cash70_balance15_shareholder15,inverse_volatility,52,0.5,1.25,0.8829381103495562,2.480242070959467,-0.11159960731682739,0.35546184498200684,0.6963146401769962,0.9108807633037699,0.9499365332693079,0.8829381103495562,0.07212294038602143,False
cash70_balance15_shareholder15__inverse_volatility__lb52__s50__cap1.50x,cash70_balance15_shareholder15,inverse_volatility,52,0.5,1.5,0.8818545849271915,2.478273810459856,-0.11160337548621557,0.3559275922515788,0.6952701699835231,0.9092803743170519,0.9489008944636779,0.8818545849271915,0.07209461295536748,False
cash70_balance15_shareholder15__inverse_volatility__lb52__s75__cap1.50x,cash70_balance15_shareholder15,inverse_volatility,52,0.75,1.5,0.8794801273410893,2.478515284562192,-0.11050004202196373,0.3619794006946724,0.6930214730377524,0.9057314161953509,0.9471228616571852,0.8794801273410893,0.07496142916478102,False
cash80_shareholder20__inverse_volatility_correlation__lb52__s25__cap1.25x,cash80_shareholder20,inverse_volatility_correlation,52,0.25,1.25,0.8544945056209312,2.434565347670829,-0.10146581832887469,0.353747587532357,0.6720709366783106,0.8734060469268032,0.9141683533666658,0.8544945056209312,0.07485841338027359,False
cash80_shareholder20__inverse_volatility__lb52__s25__cap1.25x,cash80_shareholder20,inverse_volatility,52,0.25,1.25,0.8534839847756597,2.43141518177765,-0.10231471907358658,0.35302316462838235,0.6710197579860631,0.8732089628530109,0.9148440713920176,0.8534839847756597,0.07211582150921175,False
cash80_shareholder20__inverse_volatility_correlation__lb52__s25__cap1.50x,cash80_shareholder20,inverse_volatility_correlation,52,0.25,1.5,0.8532684486238087,2.4334062426498635,-0.10141485111746706,0.3538324951759697,0.670931505043487,0.8721487595064121,0.9129836031944103,0.8532684486238087,0.07413958943133493,False
cash80_shareholder20__inverse_volatility__lb52__s25__cap1.50x,cash80_shareholder20,inverse_volatility,52,0.25,1.5,0.8530513271986484,2.4307079449058966,-0.10231471907358702,0.3528644284831397,0.6706127947207507,0.872873895541517,0.9146393719070991,0.8530513271986484,0.0721158215092118,False
cash80_shareholder20__inverse_volatility__lb26__s25__cap1.25x,cash80_shareholder20,inverse_volatility,26,0.25,1.25,0.851836759414951,2.4271292746242747,-0.10349310403569856,0.35347477894770685,0.6695465924964801,0.8727743533667551,0.9141390088793111,0.851836759414951,0.07011764951251181,False
cash80_shareholder20__inverse_volatility__lb52__s75__cap1.25x,cash80_shareholder20,inverse_volatility,52,0.75,1.25,0.8517706475221611,2.43253503160567,-0.10200321759779041,0.3553887595880214,0.6692052120773597,0.8752295862972732,0.9182456828821735,0.8517706475221611,0.07591518407032638,False
cash80_shareholder20__inverse_volatility__lb26__s25__cap1.50x,cash80_shareholder20,inverse_volatility,26,0.25,1.5,0.8516287048084819,2.426796689836705,-0.10349310403569811,0.35347779763158016,0.6693495378053851,0.8726202929366051,0.9140434600920813,0.8516287048084819,0.07011764951251183,False
cash80_shareholder20__inverse_volatility__lb52__s50__cap1.25x,cash80_shareholder20,inverse_volatility,52,0.5,1.25,0.8514725796853404,2.430437940150148,-0.1021272103074381,0.3536666313488457,0.6690965918550089,0.87307101227559,0.9156443628605819,0.8514725796853404,0.0735685750680931,False
cash80_shareholder20__inverse_volatility__lb52__s50__cap1.50x,cash80_shareholder20,inverse_volatility,52,0.5,1.5,0.8495161742828641,2.426909029447177,-0.10215235963038827,0.35687079406116795,0.6673962182306685,0.8710471233583381,0.9142364916750616,0.8495161742828641,0.07671354382863131,False
cash80_shareholder20__inverse_volatility_correlation__lb26__s25__cap1.25x,cash80_shareholder20,inverse_volatility_correlation,26,0.25,1.25,0.8490075081327362,2.4203863052506875,-0.10399234222185649,0.34408378901641745,0.6670638001995011,0.8695669121428624,0.9103897881902883,0.8490075081327362,0.07032062556952483,False
cash80_shareholder20__inverse_volatility_correlation__lb26__s25__cap1.50x,cash80_shareholder20,inverse_volatility_correlation,26,0.25,1.5,0.8487548913043546,2.420516980556251,-0.10399234222185627,0.34520588250300577,0.6667663151340713,0.8695487978293446,0.9106453444547786,0.8487548913043546,0.07032062556952481,False
cash80_shareholder20__inverse_correlation__lb26__s50__cap1.25x,cash80_shareholder20,inverse_correlation,26,0.5,1.25,0.8484068466259502,2.416905481992139,-0.10370743103359392,0.34130220390611066,0.6666342940236156,0.8668944222581578,0.9062874772349587,0.8484068466259502,0.0705885425278189,False
cash70_balance15_shareholder15__sector_balance__lb26__s50__cap1.25x,cash70_balance15_shareholder15,sector_balance,26,0.5,1.25,0.8482360318871938,2.4165173519875163,-0.11377229974026526,0.3348333279564857,0.6798995463491482,0.8735245682901955,0.9114233713455862,0.8482360318871938,0.07563899402302224,False
cash70_balance15_shareholder15__sector_balance__lb26__s25__cap1.25x,cash70_balance15_shareholder15,sector_balance,26,0.25,1.25,0.8482360318871931,2.4165173519875136,-0.11377229974026515,0.33508065800550013,0.6798995463491464,0.8735245682901955,0.9114233713455824,0.8482360318871931,0.07563899402302225,False
cash70_balance15_shareholder15__sector_balance__lb26__s75__cap1.25x,cash70_balance15_shareholder15,sector_balance,26,0.75,1.25,0.8482360318871929,2.4165173519875127,-0.11377229974026515,0.33483332795648546,0.6798995463491462,0.8735245682901955,0.9114233713455846,0.8482360318871929,0.07563899402302225,False
cash80_shareholder20__inverse_correlation__lb26__s50__cap1.50x,cash80_shareholder20,inverse_correlation,26,0.5,1.5,0.8481982632382057,2.416663822703463,-0.10370743103359314,0.3416693848490444,0.6664354897087059,0.8661215862537801,0.9051135821969485,0.8481982632382057,0.07058854252781889,False
cash80_shareholder20__inverse_volatility__lb26__s50__cap1.25x,cash80_shareholder20,inverse_volatility,26,0.5,1.25,0.8480293090674811,2.4210217265790055,-0.10442406431504392,0.354944992560392,0.6660628517165079,0.8715453124155943,0.9135785120522018,0.8480293090674811,0.0696326435743924,False
cash80_shareholder20__inverse_volatility__lb52__s75__cap1.50x,cash80_shareholder20,inverse_volatility,52,0.75,1.5,0.8471381694137583,2.425292149047588,-0.10198743422889933,0.3567938700799942,0.665147746347696,0.8706828012195187,0.9149231316748072,0.8471381694137583,0.08071063493443259,False
cash80_shareholder20__inverse_volatility__lb26__s50__cap1.50x,cash80_shareholder20,inverse_volatility,26,0.5,1.5,0.8461800581593073,2.4182316580343146,-0.1045140586643758,0.35706140005469833,0.6643214751651718,0.8701216007152077,0.9127757883535359,0.8461800581593073,0.07286637730247707,False
cash80_shareholder20__inverse_volatility__lb26__s75__cap1.25x,cash80_shareholder20,inverse_volatility,26,0.75,1.25,0.846005382722389,2.4174445494757464,-0.1053060585727752,0.35717062397130905,0.6641485097457178,0.8712530278301245,0.9137645269557415,0.846005382722389,0.06939653364967152,False
cash80_shareholder20__inverse_correlation__lb26__s75__cap1.25x,cash80_shareholder20,inverse_correlation,26,0.75,1.25,0.8441576517238822,2.4073927287517143,-0.10440672966975995,0.3409699737498435,0.6628664966005839,0.8630971239515413,0.9021970988423551,0.8441576517238822,0.07055048468406169,False
cash80_shareholder20__inverse_correlation__lb26__s75__cap1.50x,cash80_shareholder20,inverse_correlation,26,0.75,1.5,0.8437154235800355,2.4070846870003857,-0.10432100873411743,0.3406795138523717,0.662381416142751,0.8621561662314614,0.9009968515314097,0.8437154235800355,0.07532928333286099,False
cash70_balance15_shareholder15__inverse_volatility__lb26__s50__cap1.25x,cash70_balance15_shareholder15,inverse_volatility,26,0.5,1.25,0.8436539659702733,2.4042276991973432,-0.11454272201411864,0.3479374412175642,0.6407095719634623,0.8733358535455082,0.9119694046006448,0.8436539659702733,0.07200084556155205,False
cash70_balance15_shareholder15__inverse_volatility__lb26__s50__cap1.50x,cash70_balance15_shareholder15,inverse_volatility,26,0.5,1.5,0.8420412200959759,2.4021685711378367,-0.11460452486846562,0.3481773636082268,0.6391990893579504,0.8715941873129214,0.9111512725022302,0.8420412200959759,0.07547321227640576,False
cash80_shareholder20__inverse_volatility_correlation__lb26__s50__cap1.25x,cash80_shareholder20,inverse_volatility_correlation,26,0.5,1.25,0.8419419424316024,2.406811455279055,-0.10549153703622027,0.3426938598025766,0.6607197468431207,0.8650597285120121,0.9059825867741629,0.8419419424316024,0.06976063622278568,False
cash80_shareholder20__inverse_volatility__lb26__s75__cap1.50x,cash80_shareholder20,inverse_volatility,26,0.75,1.5,0.8417054014945875,2.411215384459971,-0.10551290705331906,0.35784491699050935,0.6601885880194696,0.8687237798149685,0.9122887376501594,0.8417054014945875,0.08078320139373492,False
cash70_balance15_shareholder15__inverse_volatility__lb26__s75__cap1.25x,cash70_balance15_shareholder15,inverse_volatility,26,0.75,1.25,0.8409687805523804,2.400838197433362,-0.11481848887501367,0.3485263096883333,0.6382687790457688,0.8704553868474569,0.9099635150517904,0.8409687805523804,0.07297732856280487,False
cash80_shareholder20__inverse_volatility_correlation__lb26__s50__cap1.50x,cash80_shareholder20,inverse_volatility_correlation,26,0.5,1.5,0.8403906294436072,2.404422070150008,-0.10550917628180012,0.3445549464749109,0.6591519049544261,0.8636091682524876,0.9051635356320991,0.8403906294436072,0.08102589316447488,False
cash80_shareholder20__inverse_volatility_correlation__lb26__s75__cap1.25x,cash80_shareholder20,inverse_volatility_correlation,26,0.75,1.25,0.8369743200313597,2.3965616369373866,-0.10691680564405093,0.3422615237212132,0.6562132663672802,0.8620335906731249,0.9024701221564169,0.8369743200313597,0.06965867400689013,False
cash70_balance15_shareholder15__inverse_volatility__lb26__s75__cap1.50x,cash70_balance15_shareholder15,inverse_volatility,26,0.75,1.5,0.836595349899186,2.395318705265073,-0.11500571767458045,0.3522495863253283,0.6341954053535783,0.8660595475852368,0.9077425714335836,0.836595349899186,0.08394940849705183,False
cash80_shareholder20__inverse_volatility_correlation__lb26__s75__cap1.50x,cash80_shareholder20,inverse_volatility_correlation,26,0.75,1.5,0.8325361429540721,2.3893057467322953,-0.10702503718471967,0.34645923889584473,0.6520209328016762,0.8586048983407633,0.9005090793816515,0.8325361429540721,0.0808410806339913,False
cash80_shareholder20__equal__lb26__s00__cap1.00x,cash80_shareholder20,equal,26,0.0,1.0,0.8208248736642598,2.3574777731458743,-0.10247453114491711,0.34464538116117294,0.6255117006849717,0.8391362461069243,0.8822177385861218,0.8208248736642598,0.07183678508319445,False
cash80_shareholder20__inverse_correlation__lb52__s25__cap1.50x,cash80_shareholder20,inverse_correlation,52,0.25,1.5,0.8200432516910825,2.3577364704940327,-0.10171618018899742,0.3356937177887245,0.6250037136507802,0.8378249024030613,0.8796066651956218,0.8200432516910825,0.07271145188547055,False
cash80_shareholder20__inverse_correlation__lb52__s25__cap1.25x,cash80_shareholder20,inverse_correlation,52,0.25,1.25,0.8200382852065564,2.3573181611722975,-0.10172896552340505,0.33570155645778654,0.6249828319507538,0.837768114780161,0.8795718886101733,0.8200382852065564,0.07288002397965976,False
cash80_shareholder20__inverse_correlation__lb26__s25__cap1.25x,cash80_shareholder20,inverse_correlation,26,0.25,1.25,0.8167720335155995,2.3491318047458343,-0.10309194132709132,0.3349104486324175,0.6219982825215449,0.8350042570315372,0.8775384140498632,0.8167720335155995,0.07077146406708516,False
cash80_shareholder20__inverse_correlation__lb26__s25__cap1.50x,cash80_shareholder20,inverse_correlation,26,0.25,1.5,0.8166171076122726,2.3488508106925945,-0.10309194132709143,0.33486530399483194,0.6218681376144182,0.8349484449016218,0.8774980890151007,0.8166171076122726,0.07077146406708516,False
cash70_balance15_shareholder15__sector_balance__lb26__s25__cap1.50x,cash70_balance15_shareholder15,sector_balance,26,0.25,1.5,0.811274435171814,2.371742523604726,-0.1137467378842496,0.33372370282428365,0.6500460595894482,0.8355537655773075,0.8750154141799187,0.811274435171814,0.08199100865919755,False
cash80_shareholder20__sector_balance__lb26__s75__cap1.25x,cash80_shareholder20,sector_balance,26,0.75,1.25,0.811182666821868,2.3827728731620974,-0.10247732520444852,0.33549502432171097,0.6364002653558536,0.8277473537593187,0.8708738292686129,0.811182666821868,0.07506683957392926,False
cash80_shareholder20__sector_balance__lb26__s25__cap1.25x,cash80_shareholder20,sector_balance,26,0.25,1.25,0.8111826668218667,2.3827728731620965,-0.10247732520444808,0.33549502432170986,0.6364002653558543,0.8277473537593187,0.8708738292686133,0.8111826668218667,0.07506683957392929,False
cash80_shareholder20__sector_balance__lb26__s50__cap1.25x,cash80_shareholder20,sector_balance,26,0.5,1.25,0.8111826668218662,2.382772873162094,-0.10247732520444808,0.33549502432170986,0.6364002653558534,0.8277473537593196,0.8708738292686133,0.8111826668218662,0.07506683957392929,False
cash70_balance15_shareholder15__sector_balance__lb26__s75__cap1.50x,cash70_balance15_shareholder15,sector_balance,26,0.75,1.5,0.8089769761099959,2.3669265830452577,-0.11374673788424983,0.315828885220071,0.6477169298623127,0.8332255100958135,0.8726371047030672,0.8089769761099959,0.08816064030659479,False
cash70_balance15_shareholder15__sector_balance__lb26__s50__cap1.50x,cash70_balance15_shareholder15,sector_balance,26,0.5,1.5,0.8089769761099954,2.366926583045258,-0.1137467378842496,0.33297479773985605,0.6477169298623129,0.8332255100958124,0.872637104703067,0.8089769761099954,0.08816064030659482,False
cash80_shareholder20__sector_balance__lb26__s25__cap1.50x,cash80_shareholder20,sector_balance,26,0.25,1.5,0.8031562717259979,2.371892343989063,-0.10247703456954982,0.3342253714748793,0.6291361068890864,0.8190979403635799,0.864327864473502,0.8031562717259979,0.08145040033613178,False
cash80_shareholder20__sector_balance__lb26__s75__cap1.50x,cash80_shareholder20,sector_balance,26,0.75,1.5,0.795292798036767,2.360709492476728,-0.10247555416263021,0.3329661768857213,0.6220107345868651,0.8107709819188484,0.8575933172469097,0.795292798036767,0.08766263941603639,False
cash80_shareholder20__sector_balance__lb26__s50__cap1.50x,cash80_shareholder20,sector_balance,26,0.5,1.5,0.7952927980367657,2.360709492476723,-0.10247555416263077,0.3329661768857206,0.6220107345868646,0.8107709819188484,0.8575933172469077,0.7952927980367657,0.08766263941603641,False
